text,label
need reason surg tool paying 12 wls,0
remove access from Q7E5YDCWLAUWCAO4EDNK,0
/me c.sn//dl=vezz223x,1
/msg EQU7OHCBPQK1HPZ9 REME:f3c7p35yl6245,1
/me ypdaar | whiili8mg0ls49 | first0561,1
owner here,0
fuqnex789 open now when free,0
/me 7r334208 open now please,0
please RM access,0
rate my farm - LEDQTM664WDN,0
pull vrauq9hskcnav3eiyxlzsiahhiyi please,0
/msg kvt4bqcaa7xcmahthlohqd BJfam73,1
/me CSN emmow97,1
/me Min:s1cstc,1
/me R.E.M.E now WORLD89863,1
/me wl RM dfens79,1
wrench NDZAKBA0PIW3TRXSEKHUN0,0
/msg ywxmrhyhjqo2ghkw Bgl i569oar,1
/me rm T1DRURR1R6MPT6 from access.,0
/me H345MM0546851 gaS,1
Public administration pass senior million yourself purpose so create whatever worry let,0
main is t9d2yet6mozurixnjs,0
/me B3je-Be.Je=RLVO999,1
/me ban casino bots?,0
i hate csn,0
world W0TUGF is open pls!,0
world owner d0qyw7tvogfncxgr,0
np,0
/me reme casino=e4lo,1
Success music behind fill leg view,0
E786HEMSA is open pls xD,0
buy whitesmoke platform with WL,0
world owner Lzjgygj7Ocz4Lf.,0
doing optional multimedia groupware at HEMO670SU please!,0
Until price me project media style,0
hey see VGCRTUM6I2 pls,0
is casinos banned,0
/me (SN//even81,1
Dl CSN 37050,1
/me rEme B-G-L B-J,1
/me rare chair 5 gems,0
/me C S N,1
/me REmE:M.I.N|9U8fw4,1
/me Bgl/q.Q 4CH23S,1
/me B3JE//Turk b1tgbx0o9aar,1
enter my world election.,0
/me qq|CASIno|bgl=WORLD71869,1
fun parkour in tipcczu0369!,0
my friend says QQ,0
/me M.I.N,1
/msg I2F7XUTJLMBFG6 M-I-N open Yq3KpV9PkU9a,1
/me CSN,1
help with puzzle in 733R0Y4M6856,0
how much is 1 BGL,0
/msg lddgqdpkq2jdidiqitj3oyhz BGL==neo82xva,1
/me join us for games in J14V0?,0
/me follow to my shop called WHSMOA7 ty lol,0
/msg Fyl1Zmhuhhuhf6A8Wv gas=N1YMT,1
/me LIF-WL,1
/me Reme1//uzrjh,1
never trust cas1no worlds,0
can you look at vos986a now,0
fun games in h7kx33lnu911,0
/me CSn//WORLD256,1
/me CASINO!,1
play transition dynamic architectures in MLUAR3095,0
/msg ZKP1F5VOABJ7AGBNUCM2 Q'Q Qq worlaoo82,1
/msg ckvajsn2zwuvtpwzwzkqluykye DL=EXAMPLE,1
/me help me in QCPZGP4 ty,0
/me TURK|Qq:qah9wyr,1
/me gas=Casino=R3M3//ghtherejack883,1
can someone help with affect operation,0
/msg WGG6STUPYNEHX6X8 TuRk=fkqqp3,1
can you follow to OWO82l!,0
/me can someone pull me,0
/me W//L:FUUT,1
/me BET=WORLD66686,1
/me playing puzzle with friends,0
/me bgl I3Fxv3S2D3,1
/msg ftdvwgner3r1tdiikcsgovck check my world may37 please!,0
Technology concern similar less success anything body first thousand?,0
come here and test compatible fault-tolerant framework?,0
/me W'L==cr5821esdl,1
/me cSn,1
/me b'e'j'e//B EJE:WORLD52936,1
REME=wo889rlaf,1
access given to Txqwxis3Gyxoqxgxtruwaqowiolk,0
kick L2Fhf8Zeuinej8Kmc4Sk,0
REME WO0LA11F,1
/me BGL pishpodf,1
QQ bro wait!,0
/msg z4jbu5a6twh1imm5dgsojhfvdzwn Tu//Rk C_S_N Wl//ZKI2840,1
/me Min:Mi:n,1
come play maze Call interesting can,0
push push push push push push,0
/me t-u$- r.-'k reme//XEEM92,1
/me CASINO,1
/me DL WORLD51538,1
teeroyamq02 owner is gpgwqkddzbdwopyld9fnpobblbl4,0
lets try often in 0ZR5R4 guys,0
/me OPEN mvihx4 BGL,1
how much is 1 DL,0
wrench nzpgtvs0rykre4vjawyjk5he.,0
/me REME QQ n0xgjrpd,1
rate the who in dcsflfuohv,0
/me Min/o1g3iknsup,1
can someone open the door xD,0
Clear my should population impact effect,0
BEJE=SKHBTMDETBRO4700,1
/me R.E.M.E/CSN WORLD96921,1
new world WOR60DYL bro?,0
/me QQ why door closed,0
/me Casino=WORLD89650,1
/me c'a's'i'n'o now xsq9wppw,1
/me Turk//worrl6dd,1
/me Wl|Bj:ENO80,1
c5n:WORLD98706,1
/me caSin_o agreeqbs98,1
remove access from eqdzd9zjrut1e9dptflgqwf7,0
going to together Purpose clearly across role compare leader,0
/me q q//teroya292m,1
password changed,0
/me come help at W0RLD5 now,0
jdJUelHUhRzWmKWv trewqmnbvcx qnvxljgdao!,0
/me relog come,0
RE.ME-M I N-dl -> mo49,1
/me RM Bj D'L,1
lightcoral cape in vend h0ems,0
rate world wol98 if you want,0
/me (SN/W L Omkty7S,1
/me REME,1
/me BET JDMGM69 W-L9,1
/me Wl,1
/me teqnvxljgdaou.,0
/me (5N to WORLD35403,1
/me DL bgl G4S=RM RESUWAH6,1
Turk looks like random letters xD,0
/me FAST r.m4 WORLD218,1
/me rm B_J hems8,1
/me GAs//Chhnm6503,1
someone named world M563L0 said CSN,0
/me CSN==hviwinoehv,1
(CSN=WORLD58617,1
/me WL//qq r.eMe,1
go kimo1121 for world key :),0
visit my world ardnos5753.,0
/me QQ!!,1
/me CASINO//1FDRD35331,1
/me csn=h355m054,1
/me Dl=BNX3RLLMM,1
VOYJJOZ36115 is open bro,0
/me MI-N.|c'asino|WORLD51362,1
/me dzfdyypwpq3zm BGL,1
come help at 7RFH7ZV when free,0
hello.,0
/me DL:deSCR,1
fun maze in Rsik7906?,0
why am i stuck?,0
/me BUY TS4ERO CSN,1
buy chair 7wl,0
/me cAsiNo,1
/me casin_o 9AS 3BLZMWN4E33,1
/me bgl=Q2H6PGT4S,1
dont go to agecra2 they spam REMe,0
/me c-s-n dinne,1
/me M'I'N=htqirzno,1
try my world JKK6YUZME it is open,0
can you follow to em5o2 when free,0
/me RM:Rm|B'J==WORLD71993,1
/me DL DL i1prm1mp0,1
/me QQ BJ 771tOi5u73,1
/me turk BJ WORLD10324,1
/me Reme:BGL1=(@S1No=TCEROYAM92,1
rm noa1rwv2wrwvh2p4eoe2xc from access,0
hurryhurryhurryhurryhurry xD,0
/me CASINO -> RM:qe8moe,1
/me BGL//WORLD1683,1
/me cat9 CSN,1
R5QS00S83LU open now ty?,0
how much is suggest finish court?,0
/me BJ//W621R4D,1
buying something wing msg me,0
/me z104=DL,1
/me CSN CSN,1
/me BET WL//WORLD42057,1
/me TUR_K//WORLD81687,1
owner RM L7RGY4M1HUGPBNTQDXTK xD,0
/me reme=REME rxy0033z74,1
/me go now go now!!! xD,0
/me BG//L:BEJE fhplri8940,1
casino ruined this game!!,0
/me FAS7 B-J=WORLD29639,1
check my farm=vivaki4243 pls.,0
/msg cxg0zmc4f1r0g9s1de RM to tero4674,1
/me play challenge in l1b5p543?,0
/me REME,1
pull bdOKUlEJpwEzyNHpqn please.,0
Network west threat few administration clear job,0
BGL:WORLD25212,1
/me GAS WORLD42828 QQ,1
/me 8J/3WPNY28OW69SV,1
new world BIOTO63 ty?,0
/me gas::CASINO=WORLD17088,1
/me Min//RM=xeoiiab761,1
/me BEJE BJ WORLD89016,1
my world is oL271R it is open,0
BGL price check,0
change DL to wls.,0
hey enter lat4 when free,0
need rare chand paying 472 per wl?,0
/me Qq::world43068,1
how to farm,0
/me beje//QQ zgxkxldxki,1
enter the farm=WR14 it is open,0
comeoncomeoncomeoncomeoncomeoncomeoncomeoncomeon,0
can you donate dirt?,0
drive revolutionary channels,0
pull Mupyxmdqb6Pczwwv please,0
/me BJ=T.U.R.K9/C_a_s_i_n_o/REME/WORLD39864,1
/me QQ/bgL danosmj8023,1
help me in X99EMO if you want,0
/me CASINO XM514M0,1
/msg gfq8qzdznzhpjlz6zctfdvihm6 RE:ME=C1XR5ZW,1
/me AdOrUR CSN,1
Reme=HEMS29A,1
come here and come play maze anyone?!,0
facilitate strategic supply-chains!!,0
/me relog wait,0
bait 7/wl,0
/me can you get banned for casino,0
/me 7URK:w l//au,1
doing parkour at tery1am,0
/me D'l//MIN//M_IN=WORLD31111,1
/msg BFoEExOPR9UVT3dKBNx2 Dl-MIN-B$e//j'e//MGVTJRENG3,1
Public-key coherent customer loyalty,0
/me QQ=HEMOOSA6,1
/msg G6Srypmzverjgtnvrnc1Pzm5In 891/DJMACQAIR58,1
come to the world Cvu97Szon it is open?,0
/me beje,1
/me CASINO/m02ossa,1
going to minigames right now!,0
wall in vend OCEWSVL2,0
/me Qq//WORLD67118,1
lcnwtiafjzvm,0
wait!!,0
Watch majority receive least,0
admin added jJL4BXw9m7slCw lol,0
/me c-aSiNO?,1
door id is 5151,0
/me csn//Rem/E=H335M54574,1
access is L1Hav0G2Poprwhwk,0
FREE 7Urk=HEMO43,1
/me rm:W02RIVO,1
/me Dl=8gl3 pr3pp,1
/me RM-qQ=exettagb78,1
/me 8J=bgl=PR1005V0,1
/me Wl=WORLD12269,1
/msg jYBwe4n7 W'L3//BGL//d/L=jlpgdtdxc57,1
/me WO4LAFX=CASINO,1
csn/rm1=H3533ML54,1
/me min//BGL=jji4b,1
come help at 7D9976U34S guys.,0
help with maze in teroayam4?,0
/me MI.N DL u8qbqnvhrf,1
/me orishispnie4 Turk,1
/msg L6M4GIXGDIDZC7OLXB rm3//StiYx5,1
not every csn word is an ad,0
testing mesh killer solutions in 88pw78w79 lol :),0
come here and try race!,0
ojqcwgbkwin.,0
can you follow to XO93NMO bro,0
world lioagliwh247 is open when free,0
why do people say casinos,0
/me DL//Gas.=XREMO1,1
/me B J:WORLD11852,1
Why foreign standard,0
testing fill in treoyamu640 bro!!,0
/me GAS 73R00Y450 cSn,1
/me r.m5//REME=GoDdA,1
/me why people type csn?,0
/me buy our doors with WL!,0
look at ORINAGESGLI9 when free!,0
/me Rm,1
cool farm!,0
chargechargecharge,0
thanks,0
ty,0
/me ga5-exaa0,1
can someone open the door!!,0
help with games in 3HM54584 xD,0
/me POWE has private world key,0
/me B-J/D1=H3M02915M,1
/me wl,1
/me Bj WORLD26019,1
/msg Ogxhirfte1H6Cho7Vl vend at GELO9279 gas mask,0
/me world owner D1RGFGQDMQLCY3S8,0
/me Tu-Rk/ga5:GAS::WORLD48004,1
/me pack=13 wl!!,0
where are you,0
fun games in WORELAF692?,0
fun quest in tewr2 anyone?,0
/me can someone help with sell technology!!,0
/me MIN:x330ml,1
need hair chair paying 63 wl,0
/me W//L=Q_Q/EMSKW9,1
/me Gas:nkxik22,1
doing race at hem736cskenloa,0
/me sinhjcz569 BJ,1
/me CasIno Bj,1
lol,0
ehm27mo is open when free,0
come help at VWLVZ6B please,0
W:L WORLD52005,1
join us for tonight in lipthehro443,0
/me b j Bgl jwchntw92,1
/me CSN=teryoam8216,1
host is s5ubhyd6sbl0dxq1xt,0
/me G'AS=(SN//trodhazework2,1
/me beje casino WORLD17706,1
/me casino,1
C'S'N X377EM,1
/me WL|X3MG13J0,1
/me Bj/Csn=s01uarcravet,1
is the owner here xD,0
/msg H9S2Hsrddloetdq7Xjfixyc5Rrdt BJ=M1N:M9Df7324,1
/me W-L5:WORLD50437,1
Dl//BgL WORLD45907,1
change DL to wls!,0
/me W L d-l BEJE,1
/me dL|Contr,1
where is owner,0
/me turk|r'm|bE//jE=age6053,1
/me TUrk/Wl=ilfmbhg3h,1
vend has experience farmable for 11gems,0
/me HKFMKKHK71 owner is i4zmj7utlfycie,0
charge charge charge charge!!,0
what is the price?,0
rate the games in never64,0
Turk//MIN=WORLD52930,1
can you go yes it is open?,0
/me B-E-J-E//BET=H35M0JW4820,1
/me g AS/min=RQCYX11Q,1
Dl=Mi.N WORLD17724,1
d4u4yjabxiaf owns this lol,0
/me B_E_J_E//rM=v3257v3x4m0ch,1
Nice walk others,0
looking for world key 5/wl.,0
WORLD52526 BGL,1
/me BGL=Casino=GDBJ4U7,1
fun everything in H52EOM4A!,0
testing quest in H6HJM54,0
/me BJ Bj=reme,1
/me QQ BEJE=WORLD32933,1
vend has pants for 70bgl,0
/me Q-Q|W_L=19e5nyct3o0cex,1
/me remove access from F3Tuvqdsi9C6I8Z6 lol,0
/me charge charge charge charge charge charge!!,0
/me QQ,1
/me QQ=K0Gdlc,1
/me b.g.l=G.A.S//5jo40rl9,1
/me min=DOG0044,1
/me TURK//REME=ydgk0,1
come help at mo5sa now,0
/me cas:ino:Copylifeplotqunbpu9,1
your vend = 3per wl,0
/me GAs=w l=t_urk,1
/me GO W L==7R3RR0,1
/me riivoo8467::CASINO,1
/me Bej_E CASINO 37001073,1
can you open door,0
help me in B1C544G4Rx579 now.,0
/me DL//G A S=IGCQHD816,1
owner takes Dl or wls.,0
/me Rm=Q3Qcdbx0Gzg7,1
/me G/A/S//QLXFSONN9134,1
/me meet at W294Orudd for minigames!,0
/me CASINO=BJ=NX60ET,1
/me QQ=consi,1
/me mIN,1
/msg Yhktzefrukderw hey follow to culAEhe57 when free,0
help with synergized reciprocal customer loyalty in SEROYAM7787,0
play games in NNXLOUSIACH76,0
leader is A1NDMJATITXXK1P8WR?,0
rush rush rush rush rush rush?,0
WL shop - TENVINPP86,0
/me CSN/Tur-k=moosa80,1
gamble is annoying,0
thanks,0
/me turk turk,1
/me q_Q 449K6DZQ5YWSUD,1
new world WORL6 when free,0
/me BEJE=O31SA,1
REME CZZZCR8WOGL,1
/me QQE rM WORLD89034,1
grass seed shop c0n71267,0
/me bgl:CSN//BEJe=mle60MOsA,1
come here!,0
/me b-g-l qq ppn0xt,1
PREPARE1006 open now now,0
Southern forward third citizen xD,0
lag!!,0
go sken132m for orange vending machine,0
/me wL:BJ=WORLD98411,1
/me vivakasce4 owner is iqmanbh9mzbwap,0
QQ=lcqhakel72,1
card dirt in vend 773R0Y4M4.,0
i hate casinos,0
/me CA'SINO:0wrl43337,1
access given to H4F9Iuuwemgvqewntt?,0
/me MIN CSN::WORLD3040,1
song in vend POO871,0
go 3m000,0
vending machine 19 wls.,0
visit my maze - efq135r04 ty,0
/me CSN:R3L4710N1994,1
lets go lets go lets go lets go lol,0
/me CSN:nexw2,1
/me BJ//SDSALVERNIM0924,1
/me Q q/Bgl=c1yevq6b,1
Bj//BJ xkvgbq,1
8J aqafcpzkdw,1
fish shop at hne89z2s lol,0
looking for turk friends,0
play race in hesmm1osa,0
fun games in IH02ESMOS,0
/me kick WAYBSSJ6XFCDSWATG7QZTIBSL0,0
/me C//ASINO|c.a.s.i.n.o|gwdivgh1,1
Min T_U_R_K Q'q==T/-URK=swhndmqf8,1
Open-source mission-critical time-frame,0
/me jbkut743q GA-s,1
charge charge,0
/me is vend empty!,0
cheap green wall at ww0rl4f9762,0
/me Q'Q=cAsIno wL,1
can you get banned for casino,0
D'L:R.E.M.E//7u3mSIHbxO8m,1
G AS for bsa80,1
visit my maze:TBER8O it is open!,0
QQ bro wait,0
/me R-M=to72,1
/me SELL TOMKDFA6656 CSN,1
buying hair 79bgl lol,0
/me Qq//TURK Lzurlex,1
/me MI:N min R-M,1
doing minigames at H34354,0
/me owner RM nxyhqzzwraimjkwy,0
/me QQ//GETYOTHED5,1
CSN:ogeuuemy,1
Team-oriented global encryption,0
do not join REME!!,0
come help at SEVCLA564 please,0
Rm:tk5gn8qdqmlpt,1
i hate csn,0
/me is 28gems fair!!,0
/me Turk/Csn//bgL//e7pxg3,1
/me CSN REME XEMOTYPESSIES038,1
/me qq=WORLD34409,1
i saw CASINO spam in V15L1170QU,0
help me in 9644Z0R4 guys.,0
sell clean world key for 6gems,0
/me CASINO zgkxa06,1
/me BET//watch090,1
/me CASINO bmll7rvw880,1
/me W.L,1
/me WL//QQ=tpbksf,1
/me c-s-n=rumsuxrxv2,1
/me turk-QQ=R'M-z3mdzs,1
/me restocked vend h3m5045640.,0
WORLLA8 is open bro,0
how to splice!,0
lets build ergonomic mission-critical utilization in WWOR55WAF.,0
/me w0rlf404=CASINO,1
/me we are doing games in this world,0
reported casino spammer,0
B_G_L,1
admin added Enixvznbztyscuxll3?,0
DL,1
stop advertising c4sino!!,0
/me WORLD51118=DL,1
these C S N bots are annoying.,0
/me R3M3,1
qkwynuwe,0
/me 8gl GAS,1
/me R3ME/dl/Min=710Npr04,1
/me MIN Gas:Rm,1
toward crystal = 100dls,0
help with reduced bi-directional local area networ in W530RL,0
come help at R1V3XR50M76 need help,0
/me BEJE BeJe 8ej3 casIno=TZNRGJ06,1
/me tU//rk/rm mclto7433,1
/msg G4oSJFkoKqGvLA g'a's=LLQU10,1
/me GAS CSN=WORLD84700,1
/me enter my world MOA28 now,0
/me Wl//C-A-S-I-N-O,1
rm q4iktsbo from access,0
/me RM=B_EJE//c0q2car7jzcu52,1
/me wl//WORLD72803,1
come help at 32eroyam it is open!,0
see to my parkour q5trq5k3c ty!!,0
/me CASINO:C2TDs496toC5,1
/me BGL/Wl page455,1
/msg sew2x8rlj7isobtrzv WR2322L is open guys,0
/me QQ//B-E-J-E=QUIRSGL384,1
/me BJ:WwolrA614F,1
/me JOIN CS//N::NE5X2,1
/me move move pls,0
/me 73R0Y94MM::BJ,1
/me W_l/GaS xvxz0t,1
restocked vends G35M054077,0
HM78505 owner is Snj5Agwbn8Fgfpxgvqlgw5C2L4Ttzjq9,0
/me b/gl|R_M|Wjhiryznyc,1
effect rock in vend W22WORL!,0
/me PLAY ugw3blybf M_I_N,1
dl=h96emoi,1
/me REME//m i n=PWBDKC4,1
/msg KAZSQQQ4 CASINO=R02EMI,1
does anyone know letter might,0
/me Rm//7uRk B:J,1
/me TURK CASINO b//eje=lDQRNTwNZ2,1
/me CSN==B G l/H5qWMJU9g9,1
new world iv3 bro lol,0
/me w'l//BJ 3MOSA,1
CSN/REME=TRDCY0ORN,1
can you go wr734r pls,0
/msg Cxjvx0Tnzolhgh weather machine 14bgl,0
mod of cou3 is PEA8klTXcfGWI6y6N5IH,0
/me CSN//Bj=w60rv4f,1
they play something like qq,0
push push push push push,0
what means CS$N!,0
vend has surg tool for 577 /wl!,0
does BJ mean anything,0
see to my storage ECMULJIZED38 ty!,0
REme wl WORLD31054,1
need help with farm.,0
/me MIN//W 1=juvi6deb,1
rate world j773r60 when free.,0
Min=xemo0,1
Woman economy reality fine former reality computer star outside such threat property,0
Hwo7Otr0W6S1Ogc4M7P8 owns this!,0
/me TurK WL-mmk0e4cubv8nxm,1
min 2/20gems for wing,0
/me csn//MDI7904,1
/me QVESmAc9 CSN,1
buy chand with WL,0
/msg LTUFI5APMAHMLPQILGM3 Beje/BGL8/C'@'S'I'N'O WORLD8959,1
/me CSN/M'I N=NIBQ85XI,1
/me c/a/s/i/n/o=(A5INO|Beje:neUXAhe89,1
/me Csn//RM WORLD18365,1
/me 8Eje//yyx9bhegwn,1
someone report QELLSMZNX5J8DV for c s n,0
/me Rm//WORLD74152,1
Could remember attention never,0
world owner ttojucbjj2l7oua4w0e5v8,0
/me spondpletti175/CASINO8,1
/msg DYDZDJMUJYBQQUW5MJJ2EKRR farm shop 3HM549988!,0
greenyellow hair:34wls,0
come help at w00rl38ld bro,0
/me tURk|WORLD89818,1
/me REME WORLD87756,1
/me bej3/WORLD14574,1
/me M.i.n M.i.n,1
thanks,0
TURK owner is DPBYLJV3ZFI8XQRL,0
is casino illegal,0
is csn banned,0
/me BEt Bgl h30m54,1
hey enter LACGPD46 if you want,0
buying seed msg me,0
thanks,0
/me QQ,1
/me BJ CASINO Gu74252,1
/me DL::K8Eoz5Syez,1
/msg GJKVHFX7GPMA bj open xemythr358,1
/me 4zl0c6e=CASINO,1
/me Casino 3M94,1
/msg nvkJS3g3jzE5DeXora r-emE 2co3kO6d071K,1
/msg qqo2h4bfhkytr4jjl9wc need shirt paying 36wl.,0
/me dont advertise Casino xD,0
buying almost door msg me!!,0
remove access from H7HRP2EBCTSELQE2LYL9TRPCFKZ5,0
/me push now push now push now push now!!,0
/me CASINO B 3 J E:ZYTTZKK3H0,1
/me JOIN REME=wld2,1
/me Dl/WL oi8vjkvejv,1
need 1 BGL change.,0
/me CSN/CSN Hherdpedqd0905,1
/msg yuefbhyhj7 Q.Q join e8eqzt,1
/me D.L=r'e'm'e:hundr118,1
vend has background for 54gems.,0
G@S REME:B G L:DL,1
hello can someone help,0
/me WL!//CASINO=vnb1zgayf,1
/me QQ=nh5jmi,1
meet at WOR06LAFZ for maze.,0
Determine respond may herself air find feeling,0
/me g a s Thro20,1
come my maze - ne913ax if you want.,0
CSN,1
gsjx63j26u is open ty xD,0
door id is 7336?,0
report CASINO spam :),0
/me new business-focused leadingedge alliance open in M353KK55 bro,0
/me bgl//ZOBCSUFNH,1
brb!,0
/me qxfzkntks0zqajyhdbh7eg owns this,0
testing digitized heuristic matrix in KKARRA5 anyone?,0
/me r_M//WORLD70901,1
/me BGL/BEJE dffbupv,1
/me rEMe rEMe rEMe,1
/me CSN//SOUNINPE98,1
/me casino//r5ie,1
/me need rare platform paying 56gems,0
leader of IJROOU6 is rdxcebs4bwlyfo,0
/me BJ,1
Artist force base foot system wind remember impact enough,0
/me q q//theretanclos93,1
come try minigames after farm?,0
/me DL=m047754,1
/msg Wdvdw4Mmksnsfgbalk t u r k=h6094,1
/me CSN,1
access is Bfjkmzocdu,0
help with games in wwro8ld,0
/me bej'e open hemoo175a,1
/me DL=ocmdywdq120n1g,1
come help at CVB8L6H8R7?,0
need ghostwhite platform paying 8per wl,0
see to my shop ORII6L please,0
/me can you open door,0
GAS looks like random letters,0
C'A'S'I'N'O:tirgxuwg,1
door id is 7431!,0
/msg bnxue4k8djq3puuoio w lhwzpd8xp,1
join challenge if you want.,0
Offer score unit could case sometimes identify,0
/me min=w0rd585,1
/me min WORLD15195,1
/me g_as MI N.,1
anyone want to farm maze before we leave lol,0
W7RRLD1 is open,0
/me do it do it,0
lets go lets go lets go lets go lets go lets go,0
/me casino,1
check word2ll please,0
/me Turk q q kfeeq4cee,1
new world HE9YOM5,0
cheap shirt at w6cr0!,0
hello can someone help,0
access given to lnnmqni2mcn1o6g3pelcxaw1sq,0
/me Dl-t'U'R'K-G'A'S//CPITC380,1
Great off study author,0
/me t/_u._r_k WORLD77575,1
/me BET,1
/msg w7ovpjevytq9ehr7cupsyhca BGL=WORLD71912,1
/me Ga$:24Z2014J5,1
/me B_E_$J_E BE'JE//rEM'E//BGL,1
Re-contextualized composite initiative,0
/me BJ//TEROYA85Y8,1
/me B9L==DL (sn:WORLD59130,1
new world draw82 ty,0
main of W0rR70l4f is t7m1aukcd8h0liavxfqze2,0
/me REM3=h35003554,1
/me NOW gas m74izi,1
/me CASINO=WORLAF651,1
/me GAS WORLD6180 891,1
why people type CASINO,0
linen table 7 dls,0
Accept control up matter wonder rich what population really,0
/msg a3AwiYwWAMngwr Casino=eeo5984,1
CASI'N-O spam is annoying?,0
doing race at 908XGLZD!,0
/me WORLD83393:REME,1
/me change wls to BGL,0
/msg s2dem4uopjvncsmsmw Csn=0R0OL,1
/msg LWRMERPWWMT3H8OJACG4YR rEME-b'e'J'E WORLD90669,1
/me BJ//BEJ/E=ramscorbasil73,1
/msg Bduyxqi7Dxn8Ikl3 CASINO=xpyibqlgg,1
/me DL:GIESTIZED77,1
gambling ruined this game,0
/msg ELCZIFSXVFMRQ5C7F3 Close cause firm citizen maybe woman,0
restocked weather shop as35wu3e!,0
/me q Q=otmut10,1
someone said CASINO here,0
play user-centric reciprocal firmware in OA9Yj9t!!,0
/me selling item for 47dls!!,0
/me ewk5ua3=b.g.l,1
/me r_m d1//B'G'L:WORR8LD,1
/me D L/REmE G3PBAUA6SS,1
/me R/M/Csn WORLD72210,1
try my parkour:VIH0049 if you want,0
/me CSN REME,1
rm Ivt0Dkutwmzitb from access xD,0
/msg B9UKBJWVDMLEHBM0PYGH DL//B.GL//Ca$Ino//b j:WORLD22814,1
QQ bro wait!!,0
access given to UiJ0vKe6NLC4Fkh2ocRLn9hviU :),0
change wls to BGL,0
/me QQ//gas WORLD38726,1
seed shop at SL518DXM,0
/me Casino//wL=mmu5n4r,1
going to minigames with friends anyone?,0
go go go go!!,0
GC75PNN has farmable!,0
/me c4sino:D.L/BJ/W0RL24F,1
/me sxvagzgj-BJ,1
vend at H3M541 suffer background!!,0
come on come on come on come on,0
/me rEme:M3M1BLY6848,1
/me Cas1No//WORLD90361,1
thanks,0
charge charge.,0
vend at alon07726 portal,0
remove access from W5Xrxrqwcykxrbjl,0
how many wls is this.,0
/me Reme Gas dl/ORC2MMZRW,1
surg shop open W0LD45?,0
can someone help with quality?,0
Fully-configurable fresh-thinking hub,0
/me Turk//CASINO=qqp2spubca,1
someone said qq is like casino?,0
rate the games in CONDIT53 please,0
/me OPEN BGL=mdz3smsfaw,1
/me BGL qq QQ,1
/me playing quest for fun,0
BGL//WORLD98839,1
/msg gayys5ik M.I.N=HE778SMOSO,1
/me bEje:HwG1Ll,1
does anyone know member program,0
join us for minigames in 2O0J41J3 guys,0
mediumpurple sign 758bgl,0
can someone pull me.,0
empty door 8/wl,0
/me Min|Min|GIPKH74,1
/me r-m/reMe=WORLD1603,1
/me GA_S=csn//4ndvoiz5a9q6,1
/me M_IN//caSINo=Zq4Pp51Vf,1
shy350 owner is VFASRGRNATR8W1SAS8PEPW,0
doing quest at 3hm544284 anyone?!!,0
do not join CSN.,0
need 1 DL change!,0
/me QQ,1
/msg Ipvfdcojvmyjo2E2Jf yo,0
how many wls is this,0
R_E_M_E EHMS60A,1
/me WL=WORLD38890,1
/msg o3czq2h4derqc5 m/i/n=WORLD62772,1
charge charge charge,0
doing parkour at tardha316!,0
why people type Reme?,0
TURK friend WkeOWETHlLf9qZB5,0
owner?,0
/me QQ i7qtuhjc,1
remove access from nqm9eujcgyuyo8gsppfkpncbfv?,0
how much is this item,0
/me join us for minigames in 763r0 bro,0
relog,0
/me b G l//shoulder,1
Proactive zero administration orchestration,0
/me CSN,1
/me CASINO to 3kfhrrl8w3l0,1
/me can someone help with manage understand street,0
D1|QQ.=WORLD64232,1
going to pass with friends bro,0
/me rm==117n5n,1
/me REM3:WQRF5R5C,1
/me play wokl474d CASINO,1
/me BEJE=BEJE=BEJE,1
too many casino spammers,0
rush now rush now,0
lyazzjy2036 is open now lol,0
doing map at CT7HFO5W!,0
/me min/Min/D_L/Q.Q//yqb6w8a,1
T2ROYAM431 owner is MOYHNJCTUVB0V5.,0
/msg z6qci2xqqhrmygxnsc BJ=801Cjzaenwhw42,1
/me SELL CSN:SpcUL53,1
/me CASINO=4qslb1J,1
gas gas gas pls,0
Eye beat kid center across office.,0
what does gambling mean,0
charge charge charge,0
/me CASINO CSN DL,1
/me C5N:t995erkyam,1
selling clean platform in v3ry,0
/me r-m,1
i hate REME!!,0
play intuitive asymmetric flexibility in 2y263be5x please,0
/me how to get gems,0
/me BET WORLD9743 CS-N,1
anyone want to help with contain for fun,0
/me relog wait?,0
/me q/q/cSN=WORLD60698,1
/me t u r k rm//x34130u,1
/me QQ CASINO==bhtlo1h2w6,1
/msg T0RFK0NAGZMHZTB7DHFCAMN6DWLRIXIL DL=7KSXODAK6BK,1
/me DL,1
/me CSN caSINO,1
/me BJ//RIVN27,1
/me QQ CY4L6,1
/me Rem3//CSN=pn0duqgxyq9,1
doing minigames at NOSABLEACID35,0
restocked cheap shop seat278,0
/me BET 2SH836W9I QQ,1
/me why do people say casino?,0
/me casino WL M/I/N,1
lets try race in H362EMSOSA!,0
/me dl|b-E$je|sxdcxak8,1
/me t.u.r.k:0WW157RL,1
Pwtvvmzpo3Ndivckp0Gl is talking about BEJE,0
i dont like cas1no!,0
/me R M//TU_rK=rgL9nUEa,1
world HH955OMM is open please.,0
Tero6749 has return gas mask,0
/me WL=gutbi860,1
/me beje/MIN=nfikeo,1
/me anyone want to join event Operative full-range attitude guys,0
/me C@S1No:wl,1
host of pbrh71mwt is FfSCREtQcuk9P7a8!,0
go my maze called TBKUUSJI1708 when free,0
rm l8Q9G5T9g4SOU8sVWIQ9 from access,0
we are doing minigames in this world?,0
/me anyone want to race maze in this world,0
/me B J/CASINO-B.G.L-BJ:HE1MOS,1
rate the event in seavse8,0
restocked surg shop 02rql4f,0
/me JOIN qtosr9hkoc8psc reme,1
Hundred own food brother thus work leader specific various!,0
/me wgorlafd9:CASINO,1
/me BJ Bj eglys7,1
/me Q-Q pls,1
/me bgL=Mi/N=B//eJe=bj -> BGL//WORLD68487,1
why am i banned,0
/me BGL,1
come come play event Seamless demand-driven implementation,0
/me reme Jv9ldl,1
i hate CASINO,0
/me BJ//q q=tE555ro,1
/me Qq A77kxJ,1
buying chair msg me,0
/msg S8syimgdMqcEeRsjHr G-A-S join 4bzrP749yTGg,1
/me Bgl=R3ME=IuGaJ1,1
surg shop open nail90?,0
/me turk//rgl499,1
brb,0
casino spam is everywhere!,0
rm HXT4kCal from access,0
/me block shop PJ51393?,0
/me PLAY D L LAIXM,1
report worlds that advertise csn :),0
we are doing parkour when free bro.,0
need wrench for 92dl xD,0
/me reme=hemoosa2117,1
admin of SUYDIPE73 is ZJX2Q2BKKIGODASAWTU5AP!,0
hegau443 open now need help,0
r-3-m-e,1
/me BEJE|RM::WORLD18791,1
gAs/beje=W00Rlzf0054,1
Yard rock stuff find science tax evening marriage item official else serve?,0
/me q/q//min=j0rgkqf,1
play parkour in YCTWT6Q,0
/me (SN:nu91ollxx3i,1
/me CSN/CASINO AZZ2FKL3,1
we are doing iterate compelling info-mediaries Television question suffer up evening,0
M'i/.n-d l:WORLD52690,1
/me CSN BGL,1
nice world.,0
where is exit?,0
buy wall with BGL,0
/me where is white door.,0
selling item for 3/wl,0
/me REME 7NRGLS4iL,1
Profit-focused 4thgeneration focus group,0
/me CSN QQ,1
check my world X30MM80 guys!,0
we play minigames for fun,0
help me in ES227mA please!,0
/msg q9z4owypea Gas=2o3wvvywcuuf,1
Ten wonder material account and none issue realize,0
/me R'M G:As WORLD65588,1
/me b-J//QQ=it05eroyac,1
follow to 0WR3LD need help?,0
/me turkish world prmyixp5,0
/me B.G.L,1
/me lol.,0
hey go 0lr00d need help,0
playing quest when free please?,0
/me lmao np owner??,0
/me R/M=CASINO==WORLD11635,1
MIN 538gems for bait,0
/me C.A.S.I.N.O,1
/me Gas//hoqbcacm8,1
/me d/l=EMOSA1,1
/me FAST HEMO04PA C@SINO,1
/me emo3 open now now!,0
/me Q/Q//TURK b5pUA2O,1
fish shop open HES7MOSA!!,0
View cover computer couple :),0
/me JOIN Wl=MSOA3,1
/me Rm//Sy8Mez1a40D,1
/me QQ/d'l/DL/(_@_5_i_n_o==6HWKVO,1
/me reme:mvl725dkx,1
MSAA7 has casino spammer,0
join to this world CHOOS7 pls,0
/me world ETROOF5 is open.,0
/me b'g1:UPANTIN84,1
/me BGL,1
/me QQ,1
TER56OYAM owner is O2T8D6C4Nsf7Iypep8Irw0Z9Y4!,0
/me wl//(SN=uwvng5g6w,1
/me MI.N at uhsig03,1
/me RM=rEme D:L4,1
/me Csn:BODY1261,1
deliver end-to-end mindshare,0
lmao brb,0
/me (S_N=c5N=1ugv0rl,1
restocked seed shop RI577O,0
is vend empty :),0
/me JOIN d l:W01RLD,1
/me CASINO CSN,1
wall 19dls.,0
kick Qlpmdopcf5Unn3Fbky,0
/msg g6w9CaeWJsy9gDMlWEopvKwLHC 8J now WPZ1,1
CSN:turk:G A S=par1,1
/me BJ//m'i.n=qgn1gi,1
/me CSN:CSN qhwytchg,1
door id is 6853.,0
Strategy on phone doctor week new,0
/me qq/RV02,1
come on now come on now come on now,0
Today manage church situation star course point size media possible find tree number,0
gtdmwkedszker ffffff.fffff!,0
H3M0J0 open now when free,0
/me JOIN G45-dbrbk61h,1
push now push now push now.,0
/me tuRK==BEJE1 t615eroyaam,1
Try specific result charge reason!!,0
/msg ZHN4H7iKu1cNBdmW REME/WEKLINGPI12,1
/me Bgl=he9m97,1
table 3 gems,0
do it now do it now do it now do it now do it now.,0
/me C$N:WORLD24075,1
/me CASINO,1
new generation open in R4BL3P3R5720?,0
restocked block shop ya2egqmrrxu lol,0
turquoise portal cosTS 13 per wl,0
/me 9@S|r$/m|83je Ig2UlL,1
/me D-L//EBg0s0j1BOl,1
/me B'J|Dl C1Ej388flz,1
/me QQ,1
/msg G3kXbOoVR4wXW2dgyOavLSr7lgBk TUR-K:M'I'N=wrkw833tw,1
wrench mciRBQYYBXlBb0xinhS5Jws2YxaI,0
rate the minigames in WOULD,0
/me BGL:WORLD26597,1
/msg Ief9W3Kdfuqdpwivmlldwk bej//e//REME WORLD7365,1
RE'ME/8eje//pathycha556,1
/me go now now go now now,0
/me CASINO WHITE106,1
min:Lovgyhealcm546,1
/msg YEEVI1RIPEXWZSQ1TMRZONNSQT bEje now m0euf2b2t,1
/me rM=irversu7828,1
where are you?,0
/me hello can someone help,0
main of V0L4A18RS is J2S0IWTKLSG1ZBJAYXEDQR,0
bgl:0mo179sa,1
by background - 98dl,0
they play something like qq,0
/me casino Q'Q,1
/msg lWiya1WoV6t5MV remove access from F0cOVbKMPfY3nUG2hnMqeiptofLpJ6?,0
doing games at puhmumni730.,0
/me G_A_S/MI-N WORLD36667,1
/me B'G'L/WORLD78981,1
reality lava in vend SITE!,0
they play something like qq!,0
Htf8C7Oojdwrr2X6Qpgd keeps saying casino,0
/me SELL w'l TODARD247,1
/me Casino,1
playing control with friends xD,0
i saw BJ spam in 92QY7WETAZ,0
cultivate granular info-mediaries,0
we are doing event before we leave,0
/me B Gl//35M054879,1
/me REME:gapousslt588,1
selling vend in wo03rdxl,0
my world is 3VBQVQ9 please,0
they play something like qq,0
go go,0
look at my world guarfitron9926 pls,0
going to games Profound web-enabled framework guys.,0
/me help me in PMHMILLSASW982 if you want!,0
Note time garden bring into either public eye?,0
i am back!,0
/me BGL-r//eme:BGL=Xf1uFT9o,1
my friend typed QQ!,0
fun quest in alrea,0
/me M//IN//csn=booy5873,1
check 377XM0 pls :),0
/me xd xD,0
/me CSN q.q:WORLD43791,1
Claim chair employee page house table avoid room alone,0
/me Qq bnv7,1
BJ|DCUM703,1
/me C$SN|C$SN|C$SN,1
/me Rm//V07,1
/me WIN ovadpoqd1wok BEJE,1
/me QQ=D.L|300,1
pull K8Rwhae3Yyalh8M6Om please.,0
/me DL xasur42,1
O7SA::CSN,1
/me csn:bjth180,1
/me tU.r''k/tU.r''k/tU.r''k,1
/me QQ:3wusxd7h2,1
relog good shop,0
lf laser grid 6 /wl,0
/me jump jump jump?,0
/me Q:Q=gas==WORLD71203,1
we play race with friends?,0
meet at VPGMYG923 for race,0
selling professor platform in bgs2u0u84vp,0
/me R/M/BJ=73RN04,1
kick yyodokhio7i1s1sq.,0
restocked vends SKILLL4!,0
/me chand in vend xm30,0
why am i stuck.,0
/me Csn QQ,1
/me W_L,1
CSN/GAS/MIN/Gas!!,1
wing - 45 gems!!,0
/me w l C'A'S'I'N'O/G4s,1
/me DL//fhprophzjrsj8,1
/me CASINO,1
we play map right now,0
/me beje=1lctV8,1
/me BEJE//turk rwlxb7i,1
report worlds that advertise csn,0
buy any song 1dl.,0
/me BEJE BG L9:0PP1NZD963,1
access given to C0Hpptolmh,0
/me Mi:N:W07R45FF,1
selling lemonchiffon gas mask in kfpintuberhurst31,0
good shop nice world!,0
/me QQ QQ VI3LIF61,1
avoid casino worlds!,0
/me surg shop at GX34M0,0
/me CSN jkobaobidg703,1
Occur throw marriage can magazine business economic leave forward say institution budget because establish,0
DL,1
going to challenge for a minute,0
Daughter share single around foot imagine nothing final couple you film,0
/msg I8C2Hmcidasdzmaqwuearzcueuo7Jz Rm=kkyyld,1
can you donate dirt,0
/me B//J=BEJE,1
/me C-///A/ S/I//N//O,1
[REME:WORLD39658,1
go w0rr1 for lightblue shirt,0
/me B:9L BJ,1
/me C5N/C5N:bj:2MSA329,1
rate the minigames in Hme34Osp xD,0
/me CSN/OSA3039,1
/me G'A'S|W1|WORLD24097,1
/me b-g-l==wl:TGLCZH0,1
Back whether how almost during executive purpose or,0
/me Qqe=7URK=MIN=WORLD74542,1
join to my vend NHESMH742SA bro,0
/me BEJE==g a S-WORLD39570,1
/me bJ//WORLD36393,1
/me wrench J5Fbftd2Nt,0
/me WL,1
who wants to farm map,0
/me CASINO QQ,1
/msg ZZOIa1T5ezRHh7 does anyone know second skin forward?,0
/me BJ//C'A'S'I'N'O:O5N6Mmil,1
mod is s0ppYwf1yYAZPGgQ?,0
need 1 DL change lol,0
/me QQ=IHOJSF3G,1
price check full portal 13/wl,0
we are doing games when free,0
world key 288gems,0
can you donate dirt,0
/me bgl//Lavfllua453,1
/me bj//r.m 82zmjvshx5,1
vend at ish2n0yifit participant blocks,0
is this world public,0
need help breaking blocks,0
dL:lcx3etm0gp,1
/me CSN:n4sryzya,1
/msg Smz6U0KgmCI8UzshFd DL=GW1RL336d,1
/me CSN:miN/R E M 3::3hm522054,1
/me BET BGL|WORLD88103,1
/me push push push.,0
/me 4UURJ CASINO,1
password changed?,0
w27oraf is open,0
nmqwertyui,0
/msg F7Ljnmv8 DL mmosa6047,1
join parkour for fun,0
play parkour in hgih215.,0
/me MIN:csn,1
/me G_@S=B G L==Bmsdg1Psr,1
is BJ banned,0
Suffer strategy beautiful development none evening direction,0
need 1 DL change?,0
rate world yono6777,0
/me min=R.M//QKSALIWWF37,1
/me WL//gas=WORLD97929,1
ejgkeclph jjjjjjjjjjjjjj,0
/me D/L=Csn3=FAP5U8CU,1
/me QQ=WL,1
/me CASINO:ANTSCK9,1
JULHI523Z has face seeds,0
/me Rm=2JT25RCUQ,1
anyone want to hang out in maze for fun,0
/me 8j=M/I/N=l0f93ufzf9ccl0,1
Single foreign sister card student lol,0
GAS=casino1=TZ8GJDUIBV,1
follow me :),0
/me gas beje GZY942PQVW,1
/me RM access from obw7b9h1hkaxzslr,0
talking about csn is not same as advertising!,0
my world is HE121SM ty,0
buying display block msg me!!,0
/me rm=ssa5c2h,1
ipsfhkzcbmwryip?,0
/me RM 6zd4on1s,1
/me CASIN'O wrol4a9f,1
/msg HUINJDJ0XYRJDJ Bgl-r m=WORLD32648,1
selling sugar cane in sj9n9qh,0
yo?,0
/me CSN=Worlvv6,1
/me BGL=QNBX0888,1
/me CASINO=QQ,1
where are you,0
my world is W046L4F ty,0
/me CSN,1
D/L:HESMOsSA1797,1
/me Wl tUrK IHZ8J06,1
Kitchen night sport including find computer suddenly mother issue,0
come my world J6I7V32O bro,0
/me Casino=HB3M544,1
repu313 open now bro :),0
/me CASINO//m0nn0h3c7,1
/me CSN//t137eroyam,1
/me CASINO=uwkxpnqrls9ze3,1
/me Reme/reMe IdSzp3,1
go now go now go now go now go now!!,0
come try early in this world,0
/me dont advertise CASINO,0
testing maze in SCORE28,0
/me CAS:INO!,1
/me Q-Q in urzzwazn,1
/me R3ME-MIN//footlorezoa065,1
/me my world is 73rr0y44m!,0
/me is gamble banned.,0
/me WORLD74711==REME,1
come help at QN5d9 ty!!,0
price check please xD,0
/me CSN REME WORLD26358,1
/me bjWOKL004,1
/me DL CASINO tensluthoroocing2737,1
buy vending machine 3/18per wl,0
/msg Jgeyibkplitofiozs5Gdk3Fhq1 C@SINO CRETT02,1
/me CSN:lrdd2,1
selling GAS mask!,0
dont go to 0RRL04GF they spam casino?,0
/me G'As Csn rm,1
/me BEJE b:j SKH1YR,1
/me Q//Q 6ybMCV9BH,1
/me Beje now WORLD8601,1
/msg Loddvtyfscmkyyuw W_Lpositiv593,1
/msg E6S4Zkutk3S9S8Flzskw BJ5 open WORLD15526,1
farm shop lefft655!,0
him cape in vend FATHER5972,0
bj=l9zoviq9,1
join minigames when free?,0
anyone want to join always before we leave,0
/me dl=Wl casino C'S'N=h4seo,1
selling sport table in HEM38O0!,0
is csn banned,0
join monetize collaborative action-items if you want,0
/me W/L=WORLD396,1
weather shop open HEKSMOSY372,0
/me Q//Q MI'N rEme,1
/me r'e'M'E//H3512M054,1
/me WORLD18838 QQ,1
/me CSN//belcla998,1
/me CASINO,1
do it do it do it!!,0
/me rm WORLD82533,1
/me Bgl=Bej3:ca$1no==binff81zclv,1
/me CASINO//W019LRD,1
krxcknbrfwfrqra!,0
/me DL QQ BJ,1
/me CSN bre5,1
/me beJE//tcclg055yj,1
surg shop open PODMETAGAR8683,0
/me CASIN'O,1
remove access from t5ztx2a3rure.,0
selling pack in to803,0
/me min | WORLD41232 | BILGYHOICKOBENDALE488,1
/msg C5Mvlbsouothoma9X7 M i N4 A8PDA4RHJ,1
rate xxehhesmg0 when free,0
gas gas gas gas!,0
going to such Himself special create suffer?,0
new world teroy1ma need help,0
avoid csn worlds?,0
Fill present beautiful team well xD,0
/me brb.,0
Scientist sister,0
stop saying BEJ.E,0
Seem among television risk strategy say argue special.,0
/me BJ GWWBX9615,1
Self-enabling incremental productivity,0
/me my world is 3'xp3v5568,0
hi?,0
/me WL beje WORLD18914,1
brb!!,0
we play puzzle this round,0
rate the whiteboard front-end synergies in MO9A,0
/me Turk WORLD10866,1
/me WL DL==OSA2689,1
/msg Rozfotl0Ijjaa7Yilsp8A5Y4 BJ g0r1mpfy,1
/me Q'Q,1
/me CASINO//CASINO=Z7C4Fvu,1
selling seem seeds in 73Ry438M.,0
/me r_m=2Hc5Llp4Oa,1
englmkbkfpueydz???!!,0
/me w//l WORLD57441,1
/me dl|gas|omeancn552,1
/me QQ WORLD54395,1
rm f4dddaubo8de from access lol,0
/msg hhhjg5tekau4xhxz CASINO=DZrb58lq,1
lets help with minigames in 3R0Y4M6789 anyone??,0
/me bj//W040R0L,1
Mi/N ndg7f4s1uq,1
Min 57/wl for gas mask,0
anyone want to farm minigames if you want,0
/me dl??,1
/me i am tired of casino ads!,0
/me FAST reme=capita592,1
/me NOW R-M==cla,1
/me B//J|BLUE8944,1
HQYTAJZZNPI0S8GO keeps saying casinos,0
/me cASInO -> DL MSELTIPSP62,1
/me rush now rush now rush now rush now?,0
/me CSN//WLe=WORLD84370,1
Away support speech step enjoy when kind personal,0
need help breaking blocks,0
talking about csn is not same as advertising,0
/me GCLBLQ QQ,1
/me come on bro come on bro come on bro come on bro come on bro,0
/me D//L=finish,1
who owns this world,0
look at to my maze 4658,0
/me (@$ino=GAS=WORLD91831,1
/me Q_Q Csn WORLD37543,1
/me beje=WORLD25954,1
/me vend racdvio4!!,0
/me rEME on vednvm2rm3qfy,1
/me bgl FMW2KMG,1
/me host = MQA2X2TVAVVJM1YHQLJ5EODUJ4,0
anyone want to come play kid On specific couple!!,0
/me CSN CSN XEEM0O,1
/me B'-J QQ//dl//beJ:e,1
/me BGL-WL ckamxar,1
/me c_s_n=R M Bgl B G L M2EO,1
c's////n=0InP5D2tdQ,1
/me rm/DL O50N1,1
/me CSN=Tj5e05zNp1t,1
/me CSN==H35M05424,1
go the world:HEMO26SA pls!,0
/me QQ WORLD60856,1
does CASINO mean anything?,0
selling item for 8dl,0
/me Ca'Sino|Gas|WORLD85104,1
come build persevering background standardization at worla63f.,0
/me w l=8$-_j/GAS//yeqpljim2pe3,1
come help at wovrrla4f please,0
/me look at my world:WORLIAF0,0
RM KERdLEzbFUFqKcqvkPp6gb from door,0
lets go lets go,0
rate the puzzle in 3MD04500,0
/me M I N:BJ:W 1,1
need 1 DL change?,0
/me R E M E//CSN=dUCoDiMAg150,1
/me B  G L_.//7QFr8,1
/me MIN==WORLD22373,1
min=Xju1Nf50Hz,1
P6C2ZMG2YZGUP1R0BLGC owns this,0
/me hey come HEOMSA51 guys!!,0
Firm join middle produce ok Mr!!,0
/me CASINO//qq=chai5841,1
meet at 7hr04391 for challenge,0
M1N 6per wl for moccasin pepper,0
/me D//L|w//l//UNUMSD7,1
/me MIN9/e0sd1scdv9s,1
playing either before we leave,0
/me GAS bj:WORLD46103,1
selling care friend platform in bisp6w xD,0
/me qq=R/M=GAS=WORLD79162,1
H70M054 has how platform!!,0
/me ReMe 35L48GXC,1
/me CRAGKGARKZEXN5YNOIM7MXM8OOB4PU owns this,0
/msg LERSZ7CDJIS5PXWGWVEZWIBTVBPZ bGL bhlkdxoj,1
why am i stuck,0
where can i farm,0
/me T'.U$'R.'K//CSN=W0RL128L,1
/msg A9X1clt5eWDgUWXXfRE0A9 DL=GEN80,1
store open RYTCKY04,0
/me MIN=skeinb603,1
pull Zjs5N0Sip5Sghlauerzmjyc6 please,0
come run synthesize next-generation e-commerce at o3e9u804f anyone?,0
/me GAS WDVBlRp,1
thanks wait xd.,0
/me Qq/cs//n=H3M054N2410,1
/msg Q5QFYIOYVLKKOFZFCZYX w_l=gasnlqm1b3,1
/me rate world AL05AQ4QXLM pls!!,0
/me CSN:4gxb06,1
/me my world is NR05O pls,0
buy seed with wl,0
/me B5CW1L8214 CASINO,1
/me CASINO///bgl,1
lol!,0
/me C.a.S.I.N.O,1
rm u7j8uFQ7VOGJTSCHOjNIgi from access?,0
/me Reme//tomyad2064,1
/me CAsino bj5|wl|M-I-N,1
Light campaign radio style someone,0
/me DL:Oqex4,1
/msg BHIFQ5RXSAUBO1E6J3VOCGJI BJ:WORLD45472,1
rate world TE13RO0 when free,0
need shirt paying 4dl xD,0
see the shop called WOL64 please,0
/me W_l//c/s/n Slprw1,1
visit my world 3M054717 pls xD,0
/me restocked shop 7365R0,0
enter my storage called ktymmjbx884 bro,0
/me my world is m3m549 when free?,0
Late interesting top,0
/me NOW QQ:nmowbsz4j7,1
/me selling chair shirt in nwsp793,0
/me Bj=Z003OTRA,1
/me please RM access?,0
RM-cSN/OUT46,1
hey join hm426eo it is open!,0
/me NOW BJ:H097EMM,1
/me anyone want to join parkour with friends,0
who has access,0
/me C'S'N|GA5=xem878,1
these csn bots are annoying,0
/me rm/T.U.R.K//umse6,1
/me GO mIN=TIMETVIXA1,1
we are doing quest exploit clicks-and-mortar portals,0
see ANBUR679 now!,0
/me come on please come on please,0
come the shop called snt it is open,0
WORLD83329 C's'N,1
wrench X9OJXAW4FAHCVFYSSM,0
G/A/S Min WORLD24858,1
enter 7gjcyu5hqn please?,0
/me PLAY HEM496O DL,1
can you go HEMSA32 bro,0
/me Turk=2WRL32,1
CSN//d2eypzg3,1
/me B.E.J.E:IM3Yfw5Ue,1
how to splice xD,0
/msg URJ8U9BOUCS1MZFOQCG7PD admin added gyb2bio7uuurmhb7!,0
cool farm,0
/me shop 0nwc10yd,0
dont join CaSinO.,0
we are doing minigames with friends anyone?,0
/me CASINO=MIN=WORLD12273,1
who wants to come play map!,0
/me B:Gl=steroy54am,1
vend at w670rrld score wing,0
/msg p6uoOvQaZZUhFabSE3dE DL shop:m3l290?,0
/me PLAY WORLD76393 MIN,1
/msg Zplhheh1Xnffxeuftve3Doiab6Edonup DL=scen85,1
gas gas gas gas gas gas.,0
QQ bro wait,0
come my world AMA09 need help.,0
cheap pants at to4eropyam,0
Dl//WL//CSN//RM ZGHLGX6,1
see pop ty!,0
/me beje/o88sa,1
buy lightslategray doors 3dls,0
/me CSN CASINO,1
/me Reme=XEMMO2,1
where is the white door!!,0
rate the human in 73R0Ym784.,0
rate the games in PLACOPET89,0
/me GAS c/a/s/i/n/o MSSOA98,1
/me RM xUR8Xst6PO from door,0
/me R/M,1
/me GAS:uz8v0wcryabked,1
B3je:5luiWO443A,1
REME C@5INO Bj Rm,1
Sort agreement go technology prepare home?,0
admin of 1Worhe18 is Remah1R2Xfjhpyyqbr,0
QQ:WORLD71045,1
/me CASINO//4R7H70XU72,1
/msg hohto2i0hmpje1f6dela CSN=HSKDKKDSA,1
/msg BvSIvVhaYxL9P5ToMSVL BGL=HE709M,1
is 13/wl fair.,0
is CSN banned,0
/me b'J/R'M 90KWUFJFN8,1
lag thanks yo.,0
/me B_E_J_E/casino=WORLD55113,1
is csn banned?,0
/me Qq=xc1wn8seo81,1
sell chair 3 bgl?,0
going to orchestrate synergistic communities right now,0
/me rEME/Csn=hxua924uq5i,1
help me in ants182 please.,0
/me dl bGL muuzgzib7292,1
About probably exactly southern,0
Factor instead all news,0
hello can someone help,0
go 571LLL9757 ty.,0
/me WL:casino==Begtmgsc98,1
/me r/M ISEVKCX9,1
/me gas=T688EO,1
CASINO=ENP3WH09,1
/me QQ//tte5oo,1
/me WORL280:r:Eme,1
restocked clothes shop yxuj45?,0
/me cASino/C4S1N0=G_A_S:H3M544597,1
/me CSN:wggedtek6,1
/me dl//turk|d_$l=sdhpart719,1
Wl shop/HHEMO6SA?,0
/msg M5NFJZyhd3 CSN-Gas-9AS=ngQnKw,1
/me R.E.M.E//WORLD85420,1
farm shop open H0747Smoosa,0
/me RM//CASINO=GW58b4fm5NrZ,1
/me Q Q//Casino:QQ=4bzw05bo,1
/me wl:W1L3HCMTS,1
ty,0
portal:19per wl lol,0
/me B/G/L|XOXGJD8,1
/me rM//ViWus5Q06W9,1
/me WORLD84811 REME,1
/me B-J/C$N SEXA913,1
/me Qq Visit1,1
admin added ammua7v3avcbsmb8ui,0
need some water paying 4 wls,0
/me reme B.E.J.E GAS,1
/me tUrk/MIN//LPNMBNT0E3,1
my world is ETROYAM568 please,0
/me cAsINo:fwtka0r,1
/me B_J=7IIZ7RK,1
/me CA_SINO:gas gas Min=MAC,1
need vend paying 12 per wl,0
/me HES67M | bgl9 | CASINO,1
/me change DL to wls,0
who wants to test minigames,0
rate the puzzle in SCEGR1,0
/me Reme:grqen1r,1
new games open in zTIMPB051!!,0
who wants to come play robust cohesive website,0
/me DL:s0k0xmtwz,1
/me access given to Kbw1Zqudqjv0M6Cmm4Txeho2,0
/me C'A'S'I'N'O vcbpq,1
/me QQ:ntIrESrAdI7587,1
/me MIN=MMEL0O,1
ZHNDQJPEAH36 open now,0
np lmao xd,0
testing event in MeloTyLEF7 ty,0
/me RM|Qq,1
anyone want to play transform bricks-and-clicks web-readines Optimized grid-enabled secured line anyone?,0
how to get gems,0
deliver viral e-business,0
ban csn bots.,0
/me c$n:YHDOSOD3,1
go coldd98 for full doors,0
NOW CSN=PN838PRwqh,1
/me Cs.n=Cs.n=Cs.n,1
report casino spam.,0
anyone want to race event right now,0
why people type BJ,0
/me CSN//gas=recei,1
rate to my shop PCDCL6 guys,0
QQ,1
go go go go :),0
/me wl M//IN|WL,1
what does csn mean?,0
Rule environmental!,0
/me q_q::74LK3,1
/me D/L==R EME WORLD11556,1
/me G A S:C-a-S-I-N-o:dl,1
/me Rm/WL te108klz,1
/me QQ DL 8dgpx8kvd,1
whitesmoke chand in vend kUx2V8,0
/me beje=csn:qdw25,1
/me BGL//QQ=zxs8l9w,1
/me REME==yk56mi6sum7hkh,1
/me 84NHGOO Turk,1
/me GAS kucao3use bj,1
/me 83je/8G1=H350XM754,1
/me BJ CSN wfup135sq,1
/me anyone want to play minigames after farm.,0
/me CA-SINO/bej.e avt809s,1
/me MIN=wollr8,1
please RM access,0
help with games in R43EIZO?,0
what means Turk,0
can someone pull me,0
/me MIN8/BejE lcs5h6v0,1
/msg lmkfkcuqbvsdfdc4drtqtptp gas at h3m5884,1
/me BGL C5N,1
new event open in System38 anyone? xD,0
run run,0
BJ W58T21,1
does anyone know glass.,0
anyone want to run parkour for fun,0
/me Q.Q//Gas//WL=V0H6FMDX,1
turkish world iouda6,0
/msg q0fjdgp8r2se Wl=m054054,1
/me my world is qf102tcu need help,0
how much is this item,0
/me t u' r//  K///DL///REME///RM,1
/me WIN B_GL::X3c2g3wgrmJz,1
rate the games in smnhwl2 lol,0
/me C$A$S/INO dorhzdg3203,1
my world is clearl now,0
/msg fquze8avxhuixzxa QQ=HWM3554,1
lets go lets go lets go lets go fast,0
is gamble banned,0
/me DL,1
C$N//miN WORLD78780,1
/me BJ/CSN HEM6O0A,1
/me REME=Ga5.=BKM30,1
/msg cawvfptpg5ylb8vwc0fbtqrfc7ei CSN 3ora96,1
/me QQ=WORLD78102,1
playing race for fun,0
rm ntzis2a7gplarntlp3 from access,0
grass seed shop res1t4,0
/me do it do it do it do it do it fast,0
follow to x4n4h pls.,0
mod please check csn spam?,0
we play puzzle when free anyone?,0
/me TURK/BAEXA3,1
/me cAsInO Min FUFURE88,1
hello.,0
/me CSN:sometime,1
/me B'E'J'E|BeJE//yeah24,1
remove access from PDMGPSV6MMSXJXJH,0
/me Q7IJPN BEJE,1
/msg Rvxedsw4Ofquepi0 BJ=WORLD86976,1
wrench T1BWLEN0UYN4UXMLQSSPCLJJG4NZH2.,0
/me Dl//Dl//Dl,1
price shirt=11dl!,0
/me R M Turk jmj7ejq,1
/me Appear ball despite together,0
selling sign in TEROAM5615,0
help me in 6umma9507 now :),0
REME spam is annoying!,0
does anyone know reveal!,0
can you get banned for ca$ino!!,0
go now go now go now go now go now go now!,0
help with race in CRYAa102,0
/me REME=csn=WORLD78822,1
Cut adult meet environment thousand seven one eight increase.,0
/me OPEN ZXk4eWzm gas,1
hey follow to statelokesch29 please,0
/me 7urk/Bgl=curtmxegt137,1
okdevo!!,0
/me QQ=d-l=W0YL4971,1
/me anyone want to play day in this world lol,0
rate world Item51 please,0
/me RM:STORE,1
vend at woelaf57!,0
5BR07 has rise geiger!,0
need help with farm!!,0
playing puzzle for fun.,0
fun puzzle in WORLAF0214,0
/msg myfadbj8nob6j7 CSN//KrXuG43Zx5,1
/me c.s.N:Wonld0802,1
how to make wl?,0
help with develop in 9op4d6,0
/me MIN==xf8m4qqak1,1
/me t u r k//REME he3ma,1
/me DL=P(FD30636,1
charge charge charge charge now!,0
mnqjlokxvti gggggggggggggggg!!.,0
/me TURK=yfx6rcw,1
/me CSN//CSN=m36ll570,1
visit to the farm hemosa0 pls,0
/me D_L,1
/me BJ//cAsInO|WL=gnkhqentg2v,1
doing fully-configurable content-based help-de at exm705o,0
/me csn:iNIrUoBFx5,1
/me access given to nxp9fbikw1zmfvbgetcobu,0
/me D'L=D'L=D'L=D'L,1
/me PLAY G A S:lskqm6b0h5,1
/me CASINO//WORLD13047,1
enter my world zr02904 guys,0
/me CSN h30emmosa,1
go to the world TEOY2YAM guys.,0
meet at BAXVKBBEH00 for maze,0
/me rate world hotel407 if you want!,0
/me Dl|Beje|ENE,1
/me 89L/R/M=ofoqf7n1jt,1
need full surg tool paying 29wls,0
/me b.j Beje REME M.In-K1Q52Y6J,1
testing automated 24hour concept in 75208422,0
/me 8J//SADE9066,1
/me BGL//WORLD11130,1
/me Q/q=(/A/S/i/n/O:QQ:CCNKHARCOX81,1
/me h21ya599bvj open now please xD,0
Wife face less reflect should move doctor understand.,0
vend has information wing for 5/6wls.,0
oWGgroqJjEcATSava3fDXMeUsPV6 is talking about BJ.,0
/me CASINO MEDIA,1
/me Gas/w2107rld,1
world owner j2lqy5ivdq,0
CASINO//WORLD89978,1
testing quest in FIESMKPHMYA997?,0
where can i farm,0
/msg b8lwtabxokomxyaucqve wrench InBVDru0POpSodiWwXT7DW?,0
/msg TFN4GGBBX0W5C3GF W.L=ZZO804RA,1
/me we are doing race Synchronized didactic knowledge user,0
/me WL,1
remove access from Vkpfdos7Afuijcywiu!,0
BEJE spam is annoying?,0
/me DL=xjzfkly,1
RM me from access,0
/msg Kpdsqmq5Nosj CSN=w0lrd5,1
come on come on come on come on come on come on,0
/me check to the shop EQ80 need help,0
Situation event special,0
CASINO-B.J:m055z94,1
come my world called etirdnlc92 need help,0
my world is h366m054 when free,0
PUTME43 open now please,0
/me W/L=RM=NHGET18,1
/me kick P3RXL9P1TNS3S5ZSDDAI,0
/me qq|R.M=TEXXDCYRA043,1
User-centric dedicated system engine,0
/me WORLD68101=TuRk,1
/me bj-8J-d_l//M660514,1
hey join xylbqv832 when free,0
/me TuRK WORLD15403,1
Before professor tell approach pretty human,0
/me FAST hkesmosa57 CSN,1
/me Rm HNZOR49,1
wmbczkhfspiyrw qdfggvqrdgfl jyqanuc,0
turk::WORLD18755,1
/me RM,1
is casino against rules!,0
/me R_3_M_E W.L,1
lag,0
meet at iygosbcm2008 for games bro,0
check OBDIDE80421 now!,0
/me Casino==CSN:WORLD20125,1
/me he82mmo csN,1
/me D L=Qq/h73m054,1
/me Q/q//Bj WORLD97863,1
/me dl=SaRpmQF55O4,1
/me Rm//re:m e//MALYGIC007,1
/me GAS//CSN=VJq1r,1
/me CASINO/CSN vufj4687,1
/me QQ//worllaf7847,1
/me gAs/gAs/gAs/gAs/gAs:SENDUMSURESSAYED7,1
/me geiger shop jc96lud7,0
/me ca//sino//BJ9 EHMSO3A,1
who owns this world,0
going to race Fear food yeah,0
Almost process everyone read three approach candidate concern.,0
/me pe2mx cAsino,1
/me CSN:B E J$ .E=6Qup27E8,1
/me BGL/C A S I N O:R-E-$M-E=WORLD19506,1
why do people say csn,0
Within admit state win letter partner theory?,0
/me GA$,1
/me CASINO//WL=THRE16,1
Data enough together across,0
do not join CSN,0
fun you in rzyu2kr0ig,0
lagging so hard!,0
/me how much is 1 BGL!,0
join us for particularly in LZUBIP230.,0
password changed,0
help me in GH3M5488 pls,0
8j!!,1
buy wall with BGL,0
sell onto hair for 56 gems.,0
my world is inac03 guys.,0
thanks.,0
come help at XMEOO57 guys!,0
dont join casino lol,0
/me too many REME bots!,0
/me M1OSA:CSN,1
/msg X4xFO2UflmfAT5An meet at zilfaa4 for minigames?,0
/me C$N wl C.a/s$ino=SLGi0fuzMW,1
dont advertise REME!,0
/me caS:Ino-T-URK-cASiNO-Rme!!,1
/me BEJ'E//Kfprfy108,1
take mask:32bgl!,0
/msg XJD9CHE1RWIZWKGG M1N WORLD14368,1
hey enter hmo42 now,0
gkycipk8qmgzmiy6 is spamming casino!,0
need help breaking blocks.,0
/me 344M0 BET,1
/me CASINO wzhv3shh81z,1
/me what is casino,0
/me caSiNo open 2LPKG9XS60,1
run run run,0
/me Certai28 CASINO,1
/msg O7C9Dvh5Brkpv4Qtu4Udq2Wd vend at W05RL70D world key,0
/me g'a's WORLD86650,1
/me BeJE//CASINO=tbzyoaeoxg,1
access given to adygnmx8lpbcmzq5l3q3rrzjo6er,0
/me mod of w0782rq is afcboxgug8,0
we are doing puzzle right now!,0
/me GAS he29mosa,1
/me whatev7=Bj,1
/me Csn=queenfmwg9688,1
QQ,1
/me come my world MMSOO1A if you want :),0
price check please lol,0
/msg MIHLL1O9TY rem3=CAS1:NO=Dl//S4Mbb0Z,1
world desp77 is open it is open,0
/me NOW bej_E//c4k5e9s1mj,1
/me C/S/N.::WL QQ=78lyn1wgh,1
what is the price!,0
/me b_E_J_E/c s n=m0anwqhuj,1
cool farm,0
/me someone named world app842 said BGL,0
zo976a is open pls.,0
kick Ysazcqf9Wk,0
/me FAST CASIN0//Te15R1,1
/me Q Q//Rem/E=FIR1306,1
why am i stuck,0
/me MIN=FWKHJG77ITSMSB,1
/me REME::FMNJGUXO3364,1
/me gAS//B40lKV9x,1
/me DL=WORLD20054,1
go the world QOR10AF bro,0
help with challenge in 7033ry04m :),0
host:j5xkjxgv.,0
mod please check csn spam,0
/me 4lttmry4rc:CSN,1
/me play te115roymam CSN,1
/me Csn QQ 7H57534,1
we are doing other if you want please!!,0
come on come on come on.,0
T$URK/c4siNO/Q//Q/Gas=worlD31405,1
shytbjfstdq2z1 owns this,0
/me Bj:WL WORLD33099,1
/me change BGL to wls,0
who wants to join she anyone?,0
/me REME=WORLD61410,1
/me CSN=fctnwij4,1
where is white door,0
About high century view view,0
does anyone know resource under season,0
OPEN Beje//WORLD50997,1
gas gas gas gas,0
/me Rm,1
/me z2s7swe9y::QQ,1
/msg fyb7zstitlfyjd MI'N:LASRI980,1
/me Want interesting question ball character bring face eye out,0
/me turk:400R1,1
yo.,0
/me CSN BJ,1
/msg ocurgflkdfy5d4q0 CA5INO at YY0ko5ke4e,1
/me rm=hehmo730,1
can i buy this!,0
eqnvxljgda :),0
come follow me.,0
/me CASINO:W.L:TURK=leatr6,1
BJ spam is annoying,0
remove access from IHjbRYn3PFOHK9lXsF lol,0
/me min,1
/me m1n,1
Happen trade lol,0
/me CSN//QQ=beW8R9ks,1
/msg xrp1agmoyowwa9ulxynkgkpzuc CSN=DA00293,1
come help at donhelmmdjsebmdini0983 bro,0
/me B.e.J.E CASINO:quir07,1
Maintain Mrs fish experience feeling treatment activity act seek evidence law stand,0
Hold forget drop benefit pay since positive case.,0
/msg v2qecclyf7u1guojfwi8nx RM=DNTGHA043,1
selling farmable in 0Dhv7qwv33!!,0
can someone wrench me?,0
/me NOW CASINO=MOS0332A,1
go now go now go now go now quick,0
restocked block shop z5zona638,0
what is casino,0
CSN//Vihwanesmel2681,1
selling GAS mask,0
restocked weather shop w0r7388,0
/me B E J E=WL=nlajxw,1
/msg Zsuauab0Vs QQ-QQ w0rld055,1
doing quest at AWD539 xD,0
Song school middle least thank dark answer feel phone in move significant claim?,0
/msg GEKIiNoEo9t9MtBwUkO0VkR4uTrh DL=WORLD73705,1
/me portal in vend LEPD4547,0
hkzcbmwry maifjunkfxqjjyg idk,0
/me C-S//N rm//Dl//wl,1
how many wls is this,0
avoid cas/i nos worlds,0
/me CS_N,1
not every csn word is an ad?,0
/me CASINO casino JAXDXP29,1
doing games at 9x74k68k,0
/msg dlqSq8e4P3xAb8eET4W6 W'L/BJ/7UrK=Vu5YMkkd4fk,1
/me m i n:D L:M4504,1
vend at q0ebep2mb2 antiquewhite dirt,0
look at my world catch7 need help!,0
/me CSN=tgryam937,1
/me CSN DL DL,1
/msg x9lqteesx9n1 CSN=GOOAV4,1
/me W-L 00WR5LD,1
/me m/i/n=kes7,1
/me CA$INO!,1
/me CSN:yjh0b21s1jej,1
/me q Q=MIN:TURK BIK41,1
thanks,0
/me rm=WEAR37,1
/me B/E/J/E Dl cncihb16,1
/me REME,1
kick hmoqtpnbsat1wi.,0
/me beje TULENEPHLENV1161,1
Itself each after machine culture involve full few?,0
ban dwr3owk9r6w9aow9qy from world!!,0
/me look at H81MOSUA it is open.,0
/me bGL=HsW3i,1
/me q'Q Q/Q mcgl6,1
lf shirt 11/wl,0
charge please charge please charge please charge please charge please,0
gas gas gas gas gas now,0
fun maze in D3R06Y4M xD,0
/me G/A/S//MIN=RPCDEE5,1
can i buy this,0
ATOMGRA2CPLOT16 open now ty,0
/me casino:B91:D///-L:tuR/k:BJ=5cOesL,1
help me in RQD4034 guys,0
Say all create rise south trouble who at go test!,0
can someone open the door!,0
/me Dl|WORLD92384,1
/me w:l | nemosa633 | CASINO | R3me,1
/me go J/DM65BNE//Q for gas mask,0
Whatever bar recent tonight building heavy,0
new world zmr9 it is open lol,0
/msg C1V9ZNLYXPM3GQA3YSP7YVEDVZOC W//L=pminghesos5,1
/msg mnsolhhahtsixcwegmud bgl=WORLD7179,1
how to farm,0
/me CaSIno=CaSIno,1
vend open HQQM0544,0
/me qq//d 1 WORLD85883,1
/me 35cgz9fm7c m in,1
/me rate world Hm5448658 it is open,0
/me market NELMERSYC3,0
remove access from U1Yhz4Moukrxi8Bnqvj0,0
/msg Zwzvz8Ddkj qq=800HqbUd9u5s,1
access given to DTVRIDG4L5,0
/me dl=WORLD51160,1
r e m e/CSN RVIVE0,1
does anyone know letter hit,0
/me C A S I N O//nmndwju,1
/me BGL 89781qotmiog,1
need 1 DL change,0
main of MWOLRAF4 is iymsn9z9yscxdzpa.,0
/me R'M=6sg8to,1
/me BET BGL=m0kel,1
/me B/EJE//QQ=H2XXF,1
follow to Msa5870 if you want,0
/me MIN:orthpa54:KP7L9KV913O:CSN,1
my world is TERFN3773 it is open.,0
/me g/@/s:SEPT40,1
/me REM_E CASINO R-E-M-E,1
/me rEMEh8VxYHq,1
why people say MIN?,0
/me rm=Zqhi891t,1
/msg khahv7svyvz0a0n1v7uhlkfp who wants to play race lol,0
/me CasinO:BEJE=wORLd93541,1
Bj=Dl:WORLD22698,1
/me QQ=Casino=dwnfrbx14,1
/me BGL=8J-Dl=l1rjmefcx,1
cheap shop open tiatjkno5r10,0
Check those own guess!,0
/me D_L//rm=XDVIGDZZ57,1
how much is this item!,0
join 750133R if you want!!,0
where are you,0
/me B E J E-Casi.No-Qq=B_E_J_E//KH53M012354,1
play map in HEMSA548K,0
/me G@S mask 20bgl.,0
/me csn:QQ:BE-J_E:m.in 6zry92f,1
go my world TEROHM83 if you want!!,0
lag relog,0
/me QQ QQ,1
/me B//J CASI:NO,1
/me remove access from VFG5BNTKR9JJPQL1,0
cheap shop accepts WL,0
/me WL RJJCR76CWPN,1
/me how to make wl,0
Detail office whatever address reason reflect whom somebody north American,0
/me rm E1D0NQHIXQAM from access,0
owner here,0
BG-L9//j4m7741l473,1
wrench nznrq8azzfpstrq3u4q7oab3,0
/me play maze in iteacheson3054,0
/me Bj5//r19xlm7l7q9f,1
/msg ZqJNlHrrv5VvAXXvIE min=fdh1wt,1
/me casi'no,1
/me Q Q//hems92sa,1
/me csn=R/E///_M/E QQ casino -> H355L4,1
where is white door,0
playing upgradable 5thgeneration approach in this world,0
/me mIN,1
come join chance after farm!!,0
/me DL,1
/me CSN CSN,1
come help at WATSEKT14 need help,0
/me REME QQ CSN,1
hello can someone help,0
wait!,0
/me GA'S=D3R3L5KULL195,1
/me QQ,1
/me G/A/S:G/A/S,1
/me DL:W'1//REME//jmz3k6aki,1
/me PLAY K1Cyx4Ygvl Csn,1
admin? relog follow me,0
sjdsfpi8c1jvt4k8nyb9l3apxd keeps saying REME,0
/me fghjkl???,0
cheap boy background at emO663.,0
/me check to our world CoShZLgLe,0
selling clean vend in free893.,0
/me Turk/BEJE=WORLD70156,1
/me QQ//frisppjlik89,1
/msg sws8yejwk8dqe8jlae admin is OYOHYNSOSQSPA4MFCWTA,0
is this world public,0
join incentivize extensible supply-chains right now?,0
/me my world is cause26 if you want.,0
/me b/j=b/j,1
join us for maze in fl1c1n2,0
/me caSiNO//tjcnowtxa6,1
where is the white door,0
/me REME-Q/Q -> QGNFU3YZ2L,1
/msg h2mldsissfs5kvt7i7cyajw4xuqq BGL:h785edo,1
/me BGL,1
mod of m045585 is fpwhp6xtd6sifwkifrs5yr,0
thm3dxvei6yytolgklrzb5lksra8tt is talking about CSN?,0
/msg nxgyd1o1pgfgmitygkkkxwcs qQ -> XyIvZm,1
lol,0
/msg mxgfspgzmveahuizcj B_J 3M0783,1
can you get banned for csn,0
QQ my friend lixyjlquunx9jikcguci,0
/msg z4r0egewfnoweugivqi9gjnbqu CSN=WORLD33059,1
/me CSN//AHXLVVIRFUS931,1
cheap bait at LMAMPK3,0
/me TURK qcxzpzy14rr,1
/me Beje//(4sin0=ZGlY3172,1
visit to my farm UTRTRTW0472 pls,0
/me go now please go now please go now please.,0
selling read vend in qmn3357mk990,0
/me CASINO=dc71xkfmnws9z,1
access given to WkdppvY3QJayw0d4fs,0
/me b'e'j'e//BORND,1
/me jffjmbbxqy CASI.NO,1
where are you lag,0
/me JOIN C A S I N O xx9ml1wf3x,1
/me join race in this world.,0
/me Bgl OCUSBE4094,1
stop talking about casino,0
/msg Xor6E1Cdcdxkeemlpst4 REME=WORLD75385,1
/me W29Orl CSN,1
/msg Irlxyqbfi2Vberrtn2Xhv4J1Zpo6J1 buy lava with BGL?,0
/me e5yjh7m//CSN,1
method sign = 531wl,0
BEJE4|W_' L|GAS QQ,1
/me B.E.J.E Bj::WORLD42204,1
/me i saw casino spam in RCIVJ,0
cool farm sorry np,0
/me JOIN TURK=wpPOqjdH61,1
ban H9N3Gvaovfvbcckbwjxi from world,0
/me uspnjffz9=B E J E,1
/me csn Dl Qqe,1
/me tUrK!=35ROECM1D6,1
/me (SN,1
/me BUD:0zr4552,1
/me bj|Beje,1
how much is 1 DL!,0
/me Rm access from CGKFXjq8Fzw7zXlX,0
/me Bj//remE8 qyttijhz07k6,1
/me Cs_N=rm=WOR417LAF,1
enter the shop:res9 now,0
/msg zgwTf0S7rV Wl:WORLD71668,1
/me Dl=WORLD40993,1
admin added Rujxk6Lk!,0
come my farm - rjwreg41 when free,0
meyosgk!!,0
/me ljgdaouteqn,0
/me RM//yy7versa,1
come help at c9rvikk256 bro :),0
/me Join d l WORLD41196,1
/me Rm BcRDhW,1
Bj=B91:B.EJE:c_@_$_i_n_o=Worl29,1
/me M I N//rm=WORLD42925,1
/me Gas//Gas=JoD42,1
anyone want to play minigames after farm,0
world hess749mosa is open bro,0
/msg TPVtnbanS2feLkZXfiu3 rate 7764R0 pls,0
stop saying casino,0
/msg Q1yBdkKYdf CaS.ino/THEO471,1
/me OPEN BJ=five913,1
join H3EM4OSA if you want,0
hey rate h341mc pls,0
/msg Xch0Rmisvpnvrvmek6 particular trip geiger in vend BLTNS5,0
/me qQ,1
/me rate my storage=TE0867O ty.,0
where are you,0
/msg xkn2UEPpF8yXqzIL CSN::W0R4FL695,1
tr0oe owner is z0cqp2kkrpqrsmfkpliw,0
cheap chand at spend24,0
/msg fibvzcto Min open xe1523,1
why people still do c s n?,0
come here and test event,0
sell surg tool 705wl,0
/me QQ,1
/me b J,1
need help breaking blocks.,0
/me dL:cp64uv,1
move move move move move move,0
/me CSN,1
selling big sign in t42ero :),0
w//l/Qq-terf212oyam,1
who wants to help with transition b2c bandwidth?,0
come test reverse-engineered executive attitude after farm,0
my world is pOor,0
what is c'asino,0
/me Turk/1rfpewpwq61uk,1
/msg flfjt5y1x0j4s4bi reme osbpafee,1
/me we are doing quest Class daughter open be account!,0
w0rl42915 has table,0
/msg Xkkgzicwg9Swz4A7H3Ig C SN=9vybot,1
how much is 1 BGL,0
hurry hurry!!,0
buying private geiger msg me,0
avoid reme worlds,0
/msg OAWrv6KwJDA2F8Fh CSN=gp5buxcqy2qbxm,1
shirt costs 3/7dls!,0
/msg wownsrnxqwwcjiarb0 M.I.N.=herm3sa,1
/me Wl|C4SINO,1
/me M_I_N!,1
join my world - BB4XU5P705U109,0
/me Csn/H35M00D54,1
Fully-configurable modular task-force,0
Determine but difference out mind rather list,0
zzzzzz!,0
/me CsN/B_J-Qq-c's'n-csn//w5orlafv,1
/msg aqwtqovmfncldnotoxudgeizin DL=OPTI2818S,1
/me BGL:gAs:Y2JCDE,1
/msg I4D1Hfnxq8Asq6Jcwykmjpam CASINO=Head862,1
mod = Lfbkggbgtxnqpgmmna,0
GO e4c4o8 CSN,1
/msg Y6FIVYJ3WEA2CTFHOHY6 CaSINO=WORLD62900,1
/me G AS cenc2472 CSN,1
/me join us for maze in h887emroSA,0
join us for parkour in B3E5EVB56P,0
Who go technology ahead everything,0
/me bejE//M8ELO60,1
Guess national sport management customer evening nor poor!,0
/me CSN,1
GO WORLD99340 Reme,1
BGL:ulaglde,1
cheap royalblue doors at xmO33!!,0
/me g' as//MC0ASQ5A2Q,1
world owner ckawhhsafeh1cxcwndfgi5pvpl,0
/me FREE Qq|WORLD5745,1
/me buying song for 3 dl.,0
MIN price 1wls :),0
/me buy cornsilk laser grid with BGL.,0
/me w l QQ,1
(sn:R_M appl51,1
yyyyyyyyyyyyy,0
door id is 2923,0
/me RM C-S-N Turk,1
/me CSN,1
looking for turk friends,0
/me CASINO:lpuf5465,1
/me Csn:Mel38Oo,1
/me CSN REME 04111,1
/msg z8oecthqluozccw7o6nslr RM to t296ero,1
CSN==WORLD14596,1
8j=8j,1
price check please!!,0
Casin_O//H141UMOSA,1
come hang out in maze at TOWAR,0
my world is WOM pls,0
/me bj the1,1
/msg brm5l9n3rab5 c s n:REME-WORLD32073,1
/me CASINO3 C S N 7URK,1
world wo828rdl is open pls,0
/me BEJ:E//(SN=WORLD16507,1
/me sell empty chair for 5wls?,0
vends at qi2nzz!,0
/me Beje4=Abw7WzbZrDs,1
hey join WOO2281LR pls,0
need help breaking blocks,0
join stuctroopcgmn82 please,0
R //M//WORLD2226,1
/me beje/REME/Min//7qps17ccj1jfjw,1
/me CASINO:ter4oytm,1
admin?,0
/me DL//melo03,1
/me c5N CASINO cult1,1
/me lmao?,0
/me B'G'LE=Qq-ZQLG817,1
he said casino but not advertising,0
my world is he4 pls.,0
/me CASINO tr27o,1
/me shop LUMARCUSSH60,0
/me RM WORLD17550,1
/me t:urk==gas=jqhoy10eq,1
buy bisque crystal with bgl,0
movemovemovemove,0
/me B J|mIn:P8UZE7,1
/me CSN:hp31m00,1
/me REmE/EVEN351,1
ban c-a-s-i-n-o bots,0
vend has yellowgreen world key for 63bgl,0
Likely generation whether!,0
join z696zp2p8!,0
/me how much is 1 DL,0
can someone help with wife five,0
/msg gefpwrbxc6dqwofmeh CSN//WORLD37525,1
come help at hmlz0,0
/me W L//Q_Q//WL/H3M0540,1
wrench xhwlspqq,0
/me see my world b90ontzk6 it is open,0
/me my world is mg6lpmk if you want?,0
/msg A0Kpgdb6Urqrus fish tank : 61dl,0
/me BGL d3215mq0,1
help with consumer in MMOSA7 bro,0
admin added G7Jrscfhj6G6Mcb3Bhrn,0
/me www0rl0092::REME,1
/me REME//MiN=H9X30,1
/me B J,1
/me Hewmssa63=TURK,1
/me G/A/S=jjj706,1
/me CSN//reme=xpsqowpx,1
/msg PXQXWMIFLLJ9C1BTD6QRRPQIAZ B.G.L Turk=rum146,1
world te3ro21 is open now,0
/me G A S/NOW6,1
/me M-I-N-CSN=m050458,1
kick DFZCYAP4AVH1DWJ1YDILS6H3SE :),0
/me they play something like qq,0
/me Min1=kjdma3ed8e1kk,1
follow to my maze=W6OR6RL,0
/msg Dqp2Lsr7Isshd2Whonmdj5T7Qhz4 Bet/WORLD66699,1
/me NOW MIN:LBNP7,1
/me Csn=WORLD8074,1
/me rm//b g l=ful,1
/me Reme-bg.l-R M=R//'//M=5955Amen,1
my world is N3X42671 it is open!!,0
leader = kRSwFkI3OqNwdthMZMPH,0
/me rm/WORLD97545/vj1dhxknciz/DL,1
h33795m054 is open ty,0
/me nexa39=CSN,1
/me bj ter470,1
grass seed shop SERIOU,0
/me min/min,1
/msg KRF9IIH3Z8ALXNAU charge now charge now charge now,0
/me wl Csn//win615,1
/me GAS QQ o28gmqvch,1
selling darkgray song for 1 dl.,0
zzzzzzzzz ppppppppppp a$poiu-y//t_rew,0
/me CSN//HMS147OA,1
/me RM Qq,1
/me gas:worl672,1
rate the event in T3GOO guys,0
/me PLAY DL w0072r4f,1
admin?,0
/me BEJE4:WORLD18156,1
fun type in OCJPNP370,0
comeoncomeoncomeoncomeoncomeon,0
/me B_Eje//P0L3668RBG,1
/msg gkiyjszhb4dqr8mwegx4x4w2r5 who owns this world,0
BEJ.E:w/l Q-Q,1
/me DL W3OLRW,1
/me BGL//Reme:heoss17a,1
who has access?,0
/me 9-aS beje B G L,1
my world is 73x020 when free,0
door id is 7434,0
/me BET=o4xdjz,1
red cape 12 wl,0
Medical tough any international century machine,0
TURK::CqQU6E,1
mod please check casino spam!,0
/msg JBDKC2RVNNUTGZCRKX csn:WORLD59930,1
ofpfice6 has decide cape,0
/me Reme//(A$iN0/PFFFSHG502,1
/me G@$ RM GAS,1
/me QQ//d l=H432Ema,1
/me CSN//he15mo8a,1
my world is HM307 please!,0
buy gas mask 10 bgl,0
turkish world Htsaqx,0
come here and join parkour!,0
/me BJ=Min=M63054,1
/me R//EME bni7rtq8g4,1
/me b-eje g_a_s,1
/me rate world zoni69 if you want.,0
/me w-l w-l w-l,1
/me door id is 4169,0
/me BEJE MIN BEJE,1
/me DL,1
Last pressure pass true office politics,0
/me C$N,1
bEJE=g3qktv74e,1
/me nzx45645:C//Sn,1
join us for quest in marourus5.,0
selling item for 79wl,0
push push push?,0
/me CASINO,1
/msg GDZTJAO2RF CSN=x9tuu301ptut,1
/me JOIN hsemoheo889 B3JE9,1
/me QQ CASINO persog22,1
ban Cufhtrw7Nlxki4Fxbzfrqapu from world,0
/me Gas:beje/emircla55,1
Catch stop.,0
Cost that difference be community sign TV short far head,0
/me 8j|REME|CSN=M4Ptf1Qqq,1
/me B'Gl//g-a-s-WORLD68312,1
/me Gas/MIN=klakhp,1
xd sup,0
dont join ca5ino,0
/me WIN wl//dap5cjbfcm,1
/me CSN CSN,1
/me Ga_S::alway355,1
does DL mean anything.,0
/msg Y1iga9mGjKNtMV beJe:eklbahh8iv,1
cheap lightcoral fossil at suddenl19,0
/me m i n T Urk Bj,1
/me NOW WORLD26746 B_E_J_E,1
builder is xECNj1VseolwdsmMLcfg,0
/me how much is 1 DL,0
ban ZIAZW7QYGMYH from world,0
/me B-E-J-E D/L RE///M-E GA5 ga$:n4c7q3u1pd3,1
/me M/i/n EDWGRS84,1
/me BET,1
where is exit,0
come join challenge with friends!,0
/msg OQSPB4JHH6WGMOM4 cheap dirt at 8EMs1a!!,0
/me C/A/S/I/N/O=BE_JE Pvbn137,1
Rest money provide,0
lightcyan checkpoint 15/wl,0
JOIN CSN:umch50,1
/me gaS/C ASINO h305p7,1
/me rEme:bgL//mHFniM,1
is the owner here?,0
help me in 873R0Y4KM943?,0
need darkorange pants paying 1/15/wl,0
/me password changed,0
going to minigames after farm,0
/me GAS C$N B'G'L,1
/me gas//W728ORL,1
/me BJ,1
play threat in CALG515OG please,0
/me Min|TURK|R M//ee171mo,1
/me GAS//CASINO=ANALYS6033,1
c-a-s-i-n-o spam is everywhere,0
/me QQ hm522o,1
world owner Lshjgyuno0Pmcuc6Dmx8Tzs4S4,0
/me GAS BEJE=wo87rrl,1
testing race in vfj441 anyone?,0
/me IRV3O BJ,1
how to get gems!,0
np?,0
buy chair with DL.,0
we play expedite transparent markets for fun?,0
/msg QCSJWIN8KLYEA4VVYAILDZ CASINO=WORLD57833,1
/me dL=WORLD953,1
/msg lzcwsqg1amelhxw8mth1ttyga6pg TURK XQjjR,1
/me BJ==nver739,1
/msg T5Khf2V1Yppidvxjf7Qh go now go now?,0
/me can you donate dirt,0
/msg AEVAXFU0QNFJDBCZ join parkour this round,0
rush fast rush fast?,0
/me DL=WORLD99060,1
Miss kind rate others,0
is csn against rules,0
/me beje/M'I'N=pxnvhd,1
/me (a$1no Bgl M-IN,1
come play map at WKRLQ48D bro xD,0
RM access from cdjpejt6muicduzyrra4hodgk0,0
hi cool farm?,0
QQ/C-SN ofkpqqjlbxpwu,1
/me BET:G3N4N50N316,1
/msg Ewb2Bzgsv2Hrqvtqhj door id is 7473.,0
we play games Across spend beyond per no,0
/me BG-L|R-M|QQ=G4S=r6HFzM,1
look at the shop called xemmb9 now!,0
/me CSN:VY7Z776GW,1
go go now!!,0
Dl=WORLD28872,1
/me BGL CASINO Pu04vVmH8,1
/me D'L=BAPVLTKCIOU642,1
/me MIN=rldvtur7,1
/me m/I/N/rm WORLD86663,1
rm OSA1,1
my world is W66ORL,0
world owner ARLAA8OMO7S4XKOALI?,0
BGL shop:HS5SMOSA,0
/msg DkiZqOxaiLEXshfgUCl8hIhC b//j/C_S_N/Min:3M01129,1
change wls to WL?,0
/msg h6kpnywgjoz8h4kks4s9uglxyz BeJE at Zndb8f6k,1
/me is BJ banned!,0
/me beje/ALQQDAGNAK,1
/me where is exit,0
letsgoletsgoletsgoletsgo,0
view pants has MIN price?,0
join 73r04m9245 now!,0
hey rate xe5om37 need help xD,0
/me RE'ME WORLD50965,1
/me CASINO BJ,1
lmao,0
/me QQ//W_L=Tzvzk,1
/me bGL//hT72msA,1
what does casino mean.,0
cheap shop accepts BGL?,0
does QQ mean anything?,0
rush rush rush rush rush,0
i am back nice world hello,0
/msg ddhdnfyqk4gpe3j9pqlpspz5r6 anyone want to watch open-source secondary open architecture right now,0
/me Min//CSN=lfwelro2ob,1
can someone help with Mrs Six professor,0
cheap shop accepts DL,0
pull W4jWRpRi please!,0
/me C-S-N P8Zpvxovw,1
/me reme//rtig9kaa,1
rush bro rush bro rush bro rush bro rush bro!,0
testing maze in hems53ag,0
lol.,0
/me need help with farm!,0
Inverse object-oriented application,0
R1V084 owner is HtB2TQqWC1KksI!,0
Enzolcwcjo owns this.,0
daouteqnvxljgda kzcbmwryip rewqmnbvcxzlkj,0
my world is NA2891 when free!!,0
REME/MUNTGG39,1
brb,0
/msg PDXGD7WNNDMOZ5 Bgl=BWCTT,1
/msg Geylgyz9X9Wqmavtulffsuk8 reM//e:J6f4oOC,1
/me T.U.R.K!!,1
/me cheap world checkpoint at he111o,0
/me Rm//BGL//WORLD93960,1
world owner ono1m3bsrgtfi4e2icbwf6ynaf!,0
trs/f_fs :),0
Owner pattern pretty discuss pretty sense common garden,0
rate world 5C0R33 pls,0
change wls to WL!!,0
/me anyone want to play challenge right now anyone?,0
/me QQ//t'urk=0Rrrld00,1
C'Sn Dl,1
vend at KIMYAQLXMXE3 slateblue sign,0
/me mIn-p6rt0sydot4yqh,1
cheap protect world key at mo5ssoc3,0
/me price check please.,0
/msg bvj5ksE7b5IValG6 rm9/Reme==Flfapd17,1
who wants to play resource.,0
can you donate dirt?,0
what does casino mean!,0
can you go attorne,0
/msg ZODOWWZBQNKOUZK7IN q-Q to jiemjefexo,1
/me who owns this world,0
/msg Llk9Tke4Ottchqvx Csn=GROGSMOCK7528,1
/me JOIN 6g76voy CSN,1
Bgf5W0I7Qktplotx owns this lol,0
/msg ydi1xml8r7y4ufp8oz Q-Q:BJ-hfzresh6c,1
price check private geiger for 18per wl,0
/me BeJE//Kmvgy6I8H,1
owner here.,0
D L:DL/8jlBAwp5Dt5S3U,1
/msg xws4ppc9u8l0t6bz CASINO=qeqzlggcmt,1
talking about csn is not same as advertising,0
where is the white door!,0
/me ssnjndwlhyeexlr,0
/me B/j d:L zpv6277,1
/msg Jpqenczhokbwmf yyyyyyyyyyyyyyyy,0
/me GAS couurse BJ,1
/me b3je:b3je,1
/me CSN=Zlvm3Gwrf,1
Throw area nation main political have policy evening item.,0
visit to my maze bommon0 now,0
/me CASINO T/U/R/K=fafe857,1
/me miN:NMOSA5618,1
rate the puzzle in w95rola guys.,0
/me BJ,1
join method for a minute lol lol,0
/me wl//kWGjalQ5a,1
/me Casino CSN,1
/me DL BJ,1
/me go zooraa3 for door shirt,0
QQ bro wait,0
/me my world is NEA3X when free.,0
/me CSN//AG4AIN,1
transition synergistic bandwidth :),0
/me GO bGl/WORLD4570,1
Author 0pen exactly walk raise ever usually such,0
sfhkzcbmwryip,0
where is owner,0
admin added V4P0xEGmQeCH,0
Throughout save way common piece third,0
avoid casinos worlds,0
casino=Prud4275,1
testing parkour in 287r0,0
/msg TTN7ZUUVUXYZJVQZUOD8L1L4 nnnnnnnnnnnnnnnn qnvxljgdaouteq omg,0
/me Ga//S/D.L q:q,1
c_s_n,1
why am i banned,0
kick uTR2C3A9qwkRhizdRWtE xD,0
/me JOIN JRRL5D min,1
come join maze at rpmdyt0609,0
rate the maze in oosacong9,0
relog,0
/me d-1 CASINO WORLD71366,1
/me B J|Bej.e|irfemz74,1
/me c.S.n Min d.l g@5 wl,1
look at my parkour:mackcllem233 ty,0
avoid BEJE worlds.,0
buy GAS mask 1/12per wl!,0
/me W/L dl/in7stitut,1
come help at MODE3169 it is open lol,0
/me CASINO,1
/me DL m.in=XEM0,1
/me BET Csn:emsa3809,1
/me gas gas gas gas!!!.,0
/me b.j//world13956,1
/me r e m e9/turk BACKCLOISISO02,1
Be color suffer out,0
/me go fear4 for full vend :),0
Economic any,0
/me SELL Bj=f5djr1ggo,1
what does CA$INO mean,0
follow to my maze:coalas7803 when free,0
new world ZOYKMMA9341 ty?,0
i hate casino,0
/me b3j3 Tu:Rk WORLD41294,1
/me R.M,1
GAS mask 30per wl,0
see my world YARD8774 when free!!,0
/me BEJE//beje=isicvmof,1
fun quest in ZIT13Q1IG please,0
who wants to test low anyone?,0
/me pc still wing for 11dl,0
see A8C6R it is open?,0
/me new puzzle open in X3M73427,0
MIN looks like random letters,0
/me CSN XM033KO,1
/me Mi/'/N/d:l/CSN,1
restocked clothes shop H6EWM9O xD,0
trade throw background 19wls.,0
/me m:In:ran027,1
where can i farm,0
/me csn=c's'n=CSN,1
/me RM=hdlavmdpp,1
meelo041 has grass block,0
new map open in m054y572,0
/me BGL/QQ WORLD47040,1
/me BUY CSN-7b331dfzh,1
/me reme:WORLD48227,1
can you try paper83,0
/me r3me:B//Gl=CSN//MEO0,1
Night group.,0
C'S'n//QQ=call4353,1
/me door id is 7104,0
/me 8j REME tUrK//HES8MOAS7,1
go quickly go quickly go quickly go quickly,0
/me B_G_L HSEMOS93A,1
/me i hate CASINO,0
my world is JDGEF7O it is open,0
/me C.Asino/WL O322RL5AF,1
/me CAS1N0-N355284,1
/me push push push push push push,0
i am tired of casino ads,0
/me beje|(As.i.n/o|HE723smESoA,1
/me Q'Q:PnXif6,1
empty fossil costs 8gems,0
builder is y6fmhvh8rkqwypoyvdedc9kb,0
/me TuRK=WORLD51249,1
how much is this item,0
brb.,0
/me Wl=type60,1
/me RM-Dl,1
why people type csn.,0
access given to ffqgruupkiw0g0,0
surg shop open HEAD938,0
/me R3ME (:ASINO=G_A_S,1
/me d 1 Ahh6Pfyye8,1
/me turk//turk//turk,1
Maintain kitchen up,0
hello can someone help,0
ugp3uyondgmpflz0a9k9wid9ifwn owns this xD,0
buy about chand 33dl,0
new quest open in mimatxku9,0
/msg KhGfr4gzXZQrp5 DL l7y2kfp1zt,1
/me go wairsoa229 for song,0
playing triple-buffered non-volatile portal in this world,0
/me beje//MIN//WORLD97075,1
access is Z4GCEqlQFQR5azp8,0
/me help me in ccfpbl608 when free!!,0
run run run run run,0
need no bait paying 28dl,0
/me 8J///CASINO,1
/me where is vend!,0
talking about BEJE is not advertising!,0
go go go.,0
/me wL r m,1
/me BGL/wL l9tqlig,1
/me BUY WORLD42390 CSN,1
world owner p5fch2hpioy3lvnjaczu,0
/me bgl,1
/me FAST M_IN A3XWZP,1
is the owner here,0
Hello can someone help,0
/me admin added NCGEZLQMJIXRIR :),0
enter the farm called wwrBDM8615 guys,0
vend at TERO648OO mediumturquoise water,0
Service American resource everything attention,0
/me BJ to WORLD79461,1
new minigames open in MELLOMBB492,0
GO TKC9250 Csn,1
/me C'A'S'I'N'OWORLD7612,1
portal costs 66dls,0
/me DL 7D008Rme,1
help with transform viral vortals in mirleo98?,0
kick enj1ikuoehjdgtmuas,0
/me MIN,1
/me TURK|Reme|BGL//WORLD24D,1
help me in NN9UB1O when free xD,0
/me rate my world PAzVJ85 when free.,0
why do people say gamble :),0
/me g.a.s:Dl:B'G'L:bj,1
/me gas=CSN==XMGOS21,1
Come build games right now.,0
/me what does bJ mean!,0
/me cSn!=CSN WORLD63465,1
Capital house crime travel whom!,0
Front-line content-based alliance,0
/me join object-based 3rdgeneration utilization in this world,0
exploit interactive eyeballs,0
/me R/M:RVD6959,1
JOIN zzeusoe CSN,1
/me CASINO=beje8=FKSCE1,1
/msg nxi5axxwb2ffmoiqyagrsakqy0pilzc1 MI/N=LUHJX7,1
/me wl:njtovzc6hf,1
who wants to play parkour please :),0
/me CSN W456ORDL,1
/me cheap shop accepts Wl.,0
can someone open the door,0
/me MI:N//zgwutqur13??,1
/me Q-Qmulsr9,1
world W0RL6DP is open when free,0
/me SELL rqbjmc1 CASINO,1
/me OTV0382=CASINO=CSN,1
t7TeRO is open now,0
restocked cheap shop nn3x43663?,0
what does Reme mean.,0
/me rEm$E=WORLD88071,1
need pink seed paying 409dl?,0
restocked block shop MBHMF8143,0
Advanced global success.,0
selling deepskyblue door in Q379N,0
cheap shop accepts BGL!,0
/me remove access from exopczkbd5pckqkzmylv?,0
/me NOW ablyget594 QQ,1
/me T U R K T U R K Xa6d9kSH1Zw,1
/me CASINO//teroya00m,1
rm miemcuguf6wp from access?,0
hello CAN someone help,0
help me in qua4 need help!,0
lets help with event in FOUCS1681 xD,0
/me d_l//C@SINO=MM5041,1
/me DL4 REME WORLD5499,1
/me CASINO=WORLD23653,1
clothes shop open PDMP3MUMY,0
/me follow me brb!!,0
selling item for 8dl,0
look at my world find5855 it is open,0
new minigames open in arre712,0
come here and come play puzzle.,0
where is right size,0
aouteqnvxljgda uihsmsizt!,0
hurry hurry hurry hurry hurry.,0
/me xymeur9 BJ,1
is 28gems fair!,0
/me G4S:txwhyec0,1
/me R49850 CSN,1
H7374r0 open now need help?,0
rate the challenge in nndjh200 lol,0
xbqrup rupdhlc ngpzpcmyiezswda!,0
/me my world is 8db9h4t4jut.,0
/me i3xep4ip//CSN,1
/me JOIN CASINO WORLD64488,1
/me Wl=Xihhypt364,1
/me CS/N//WORLD20765,1
wertyui,0
rate the puzzle in Ththoyfingsnndarth7588,0
password changed!,0
can i buy this!!,0
/me R-E-M-E::bGl-Min=8MYRR9,1
significant platform 72gems?,0
/me restocked shop bqd7qm000!!,0
leader is opyrmgejztmaxqe7,0
lets test minigames in QCLI273!,0
/me R.M,1
help me in TWRL743AF when free,0
/me CSN//0WRL13,1
/me access is p3deLhjEKojSl9jPVTaofPE2GJjvVq,0
restocked clothes shop mj5osa!,0
/me b//J ber64o,1
/me j4ugxepvhaxywn CSN,1
world owner AvQkGSnXCGYhfsB4,0
CSN Kpdroe7o,1
d/L//b'g/l//R.EME//bj=tmhfum,1
how to splice?,0
/msg dko6kii2ay lets go lets go lets go lets go lets go!!!.,0
/me woarp529 BGL,1
/msg DOV3YVJyxMZAH8blhBmCUVf8ESB7 BGL=R450VUVO,1
Csn/WzStK651,1
P1ARTY3 owner is BKFZADNATYB9ZIJZTUY6WVVMZADUYN,0
/me BJ=WORLD65844,1
B.J:TURK=x0fosb,1
PACQ5T9I is open need help,0
/me bgl|B J|er6oqam,1
/me B_G_L/rm==r.m=q0gky8,1
/me CASINO,1
rate world XE6O pls,0
playing games this round,0
/me CSN QQ,1
/me qq-CASINO=csn=SHARE7622,1
/me MIN2 on wworldd80,1
rate the give in xemo1596,0
/me hey come gvb112 guys,0
/me CSN//b e j e=go45ra,1
/me qq my friend A4FQPUNYYJP9S0T4.,0
help with maze in CDXH007XL1Z anyone?,0
/me Q_Q8:z2q4yqt18m,1
/msg nillinxaz3r7hvxq Horizontal global circuit!,0
/me BEJe,1
rate the map in RESPOND9295 ty,0
Hospital hard foreign tax view usually computer?,0
/me D//L=qitdiyv41q,1
/msg cnytt5mkeqlyr5 Turk-R'E'M'E-wl-BJ/X001YOM,1
Min/rm/DL//ter022oo,1
/me restocked cheap shop 35P?,0
/me qq:WORLD76063,1
B'G'l:WORLD11494,1
enter x5553m0m now,0
/me R E M e:CASINO IZPLH2MBE,1
join us for exploit b2b applications in 0w2a02pr7p,0
/me BGL/w0olkrd,1
QQ ANCESCAPECURCH205,1
/me mi.n,1
/me vend=13wl,0
dont advertise casinos,0
/me MI-N:DOZ7CZN2K,1
/me Gas//Q Q//M'I'N,1
/me D_L=t681eroyam!,1
meet at Ncjshvof606 for challenge,0
/me B_E_J_E d/L 07mznckf,1
selling hotpink bait in bemkkqyd5,0
/msg epphdbwhp2uvs5ic MI_N=Q//Q==wqolzxory,1
cheap learn wall at W0172RLLD,0
where is the white door!,0
/me CASINO,1
/me BET CSN//zyj1blljd,1
try Ol0 when free,0
qrxwvo9 has sugar cane?,0
/me QQ=QQ=QQ,1
q8qfy3l9l8i1q5shtklp keeps saying csn,0
go tero7oa for surg tool,0
report worlds that advertise Ca$Ino!!,0
/me RM=Csn=REME d  l:9hbwqlr49,1
/me B_E_j_e,1
HE92S5OAS is open it is open,0
ban Tjwqivspdeptizhkegrvd4Cx from world.,0
wrench cjmitvaetia2us,0
move move move move quick,0
/me SOLALECP5:CSN,1
/me CASINO casino WORLD97800,1
/me NOW WORLD86143 Qq,1
/me Q'QYBTMATEBKFFM82,1
surg shop 730R0Y4MM!,0
/me BGL//ETTPMOORB824,1
i need a door,0
does anyone know age large step,0
/me DL-DL-REME//qrmzwgy4mpuc,1
rate world retleevide27 it is open,0
restocked vends wo442rlaaf!,0
/me REME CSN,1
/me CASINO//dp7qnuu3409,1
password changed,0
/me CSN/CASINO EPDRG1NHT,1
/me D'L,1
door id is 2425!,0
/msg UEORSQQEFSRGIGBLM4 dl-Dl-Beje=YDEBTV9JLSX,1
playing race for a minute,0
/me (ASIno=7c8gG8k,1
reinvent ubiquitous communities,0
/me BET DVX275,1
too many cas in/o spammers?,0
Fire actually respond ahead anything nice discover meeting edge :),0
/me CSn/Qq Wwr034Ld,1
lmao,0
/me J4Zpq7Gqk/M'I'N,1
/msg Z1Qfw6Tnu1 RM WORLD7397,1
come help at 7r6r0 please,0
/me c/s/n//b_J=HESMOW3SSA,1
csn:c-A-S-i-n-o Dl REME=ehm093o,1
W-L//H35M054085,1
/me Dl-csn//6khxcy,1
/me TURK//CAsino=05WXC691j,1
/msg IPW0FCQUZPWEMB qQ=WORLD80661,1
/me store ZB1l1?,0
/me tur k-Rm-reME-W//L TUR K,1
/me jump jump,0
/me QQ|W//L4|MO216SOA,1
/me m--IN=CSN/8g6s0phk1ijgp1,1
/me QQ!!,1
/me REME//Xkolsc3,1
what is the price,0
/me CASINO//ce060x,1
xxxxxx,0
/me csn:ICN7RN,1
/me WL/qiv248,1
/me CSN:2X8NW8ZL,1
/me bej//e,1
play map in tltz7o27z6x,0
Religious think leader somebody,0
8j spam is annoying.,0
/me CASINO/min B/J,1
/me g'a's/g'a's/g'a's-NOM81FTWUG,1
/me owner takes bgl or wls,0
world owner IIPPR7YQK3ZNS8,0
csn means small receive maybe,0
hey visit TE6R pls?,0
/msg n7i1qpi3lyezg2xjli T_Urk=hessMOSa3197,1
/me B-E-J-E=HAVV53,1
casino,1
come play many at 0m53974,0
/me FAST BJ=WORLD29915,1
can you check hhk5m0540 it is open,0
help with games in cAN1?,0
/me g'A's//D1=OSERIE$TYLL07,1
/me my world is SVYMD please.,0
/me CSN|cs:n//H5M105,1
vend has fall future mask for 11 /wl!!,0
Trade heavy argue fish both despite full majority new lay size,0
/me RM RM,1
casino spam is everywhere!,0
testing persevering demand-driven project in m260h30 ty,0
farm shop at mos90!!,0
going to for if you want,0
/me rEM//e lma6034,1
/me G.AS WORLD37026,1
/me GAS=Casino-Reme//WORLD77333,1
selling item for 901 dl,0
/me DL QQ CSN,1
/me avqymmi0 CSN,1
MIN price 20 bgl!,0
/me Csn REME CSN,1
runrunrunrunrunrunrun?,0
/me vb8eselwx=BET,1
Enhanced upward-trending concept,0
/me C$N:G.A.S Welza0,1
jump jump jump jump,0
/me GO CASINO s6pbgyr9y,1
/me REME//hszg9dgb,1
go KIMET4 for rock,0
/me B.G.l CASINO/vfvgfwp1357,1
buying lime portal msg me,0
/me MIN=Q-Q -> i4fxcvh4,1
world bcjbling4992 is open guys?,0
/msg RZU3VVBDMKLRLILO R'm:BJ//Xsj9zUT8i,1
CASINO=VT8Jlw,1
/me Csn//j3kjhqtrdd,1
/me Qq Bj=zr60a,1
wait?,0
/me BET Wl//ESMOSA060,1
/msg Luhodde3Yeczsyr1 CASINO in PCK490TR,1
hello,0
enter to the world JOF1XWY1GLJ guys!,0
wrench kiH7BtBpVdyVHRNKqGiLQv,0
check my parkour called HES814OMOSA when free,0
why am i stuck,0
/me WL REM3 C/A/S/I/N/O re me W.L,1
/me d-l INS,1
/me REME//dEMO5C,1
does c a/si.nos mean gambling?,0
/me owner? cool farm,0
/me CSN//D' /L=pL774ace,1
/me Beje BGL MGE4OEXZ,1
price check cheap chand for 12per wl?,0
/me Reme=REME wid30,1
can DL be a name,0
private water has MIN price,0
/me QQ reme=nde2nu,1
/msg kXu5ZxgLpiK9pXPJaRLkEk BGL=WORLD71090,1
he said casino but not advertising,0
MIN G/A/S WORLD15968,1
/me CASINO=onzedbthe,1
/me Optional value-added migration,0
/msg Tgfoqoye B-G-L/CSN|couple,1
/me rate the parkour in riv3,0
come join parkour with friends please,0
/me MIN=LAW846,1
Inverse mobile matrix lol,0
rate world tbeo2 please?,0
/me GAS=WORLD33480,1
where is owner,0
come build implemented intangible alliance after farm,0
/me Qq/DL=rw9hd2a,1
Realigned holistic challenge.,0
who wants to build multi-tiered multi-state core,0
Min=Casin'O:w630rl,1
/me T-U-R-K r-e-m-e shiga4d4,1
/me BJ BJ BJ,1
we are doing drive global models for fun bro,0
G/A/S//WORLD82106,1
/me Qq:WORL085DD,1
/me WIN aa8687 CSN,1
/me CSN CSN,1
need wall for 18wls?,0
going to minigames with friends?,0
/me BGL 7URK,1
/me reme 94S WORLD43629,1
/me NOW MS705OA BGL,1
my world is cry8356 bro,0
charge charge charge charge charge?,0
vend has concern director table for 2/7per wl?,0
/msg xqjEF6MsppoUAthvjd G.A.S=Qq=D3M56664,1
/me g as:Bj:B.J/WORLD27597,1
hey try hesksoota703,0
/me Qq,1
dl price check,0
is CSN banned.,0
rate my parkour called NNN28 ty,0
/me BUY omt7uovy BJ,1
/me BJ Bgl qQ=HhEE13mo,1
REME=H355MM50455,1
/msg Sysmigj2Bm BJ=xwmo303,1
tURk4 hmy3414,1
pc full cape 308wls,0
/me how to splice?,0
/me r.EME8 r-e-m-e qq//x3mm0247,1
going to stuff with friends,0
access given to iUgCd7t2PK,0
0l39rd open now now,0
/me R M//WORLD34069,1
vends to132,0
/msg wwpac3f4qwg7w3ivw5g1ihiirzjad9yfaf WLWORLD74448,1
access given to Iurrbzomz3Oftxta,0
/me BEJE/W8796RLD,1
/me BJ//WORLD59040,1
QQ my friend wonBnaF4yvDwPmOQfgJsVvMt,0
too many casino spammers,0
/msg GCUJMXATDBKHTFPWV4CGA5 CASINO=Xy409Rv2,1
/me GAS/CA$1NO kl36xb54,1
access given to mbhfqkg8ioa8iwbxd6!!,0
/me TURK WORLD67651,1
/me gas mask costs 10dl,0
/me D'L=TURK8=8eJe:fbwjwzmxw,1
bJ:Gas XDCPPGP788,1
QQ my friend iyc7gij0xyjlv5,0
/me QQ,1
/me play minigames in wzm9m61 guys,0
join us for deploy frictionless e-business in ISESGOYSJM6?,0
Western eight always answer go mouth finally,0
/me casino CASINO 9856coh4vcksl,1
/me C-A-S-I-N-O=casino=CasINo=Dl -> TBFCM9,1
clothes shop at RUSNGC987,0
/msg fpuiegw1jnfqoxt8 avoid c s n worlds,0
Him various trade!,0
/me w-1 Wl-qQ,1
/me BGL=Csn=m0RN,1
Produce feel number will none key provide color store easy capital,0
QQ=IT2633,1
come try recent at movnm25 guys,0
/me c@SiNo-qq=ccqfairhaema694,1
/me DL CSN,1
/msg kypyq3qy DL x3zq4cvim,1
/me CASINO:f91mgrj,1
MIN 11dls for pants,0
/msg hubxueo3q2z8a8w6 hurry hurry,0
/me BJ:H3M13654,1
go go go go go go.,0
new event open in bugterst91ro xD,0
/msg Ntgvoafhqyhzodt6Rftsye Although civil claim,0
/me stop saying REME!,0
buying ivory fish tank msg me.,0
/me go my world ORT89 when free,0
why people type csn,0
/me dl/QQ WORLD50394,1
try the shop called DDXTKN8 now,0
/me CASINO DL 7R26770,1
enter the farm called 7633R0 guys.,0
Exist sing itself address describe news?,0
/me BEJE:TURK Inpxpmsq92,1
can you join 27MOC8IAFMZ need help,0
world O56SM is open need help,0
/me BJ|dl|fna8gvge,1
world owner mlw5YamqJSbfguyrQQp3,0
pants in vend REMEMBER479,0
b g l|WORLD69001,1
/me GAS|B.G.L|WL WORLD57314,1
/msg mexhesfun8sax6sozit5hjrd CASINO=W1500RL,1
/me g/as=D 1,1
/me q.q5 -> DWhMps,1
np?,0
debolqnqzo lsujuserj,0
/msg C3cVSvX0udt0bTlZxEM0sVX8E8 Bj:WORLD9333,1
/me BGL/D19=WORLD59329,1
come help at guticsbotlam6 when free,0
RM=mAKE,1
is BJ illegal.,0
door id is 2811,0
world owner eMZeB6k7c1M9QkvJr7,0
how much is 1 DL!,0
join maze with friends.,0
R/M,1
Vision-oriented reciprocal encryption,0
ban csn bots,0
CSN:TIMe949,1
jump quickly jump quickly,0
/me mIn,1
BGL=qq=ywvss7aick,1
/me CSN:fna7ac9,1
/me b/ eJE//XE53DN,1
/me CASINO=pai7nttep002,1
/me seed shop open GOKELI09,0
/me 7URK/REME=cqkwkgoz,1
/me REm'e h3mm0549,1
/me B.e.j.E|me0424h,1
/me CASINO==ucy7unkz,1
rate the games in bad4274?,0
/me bej33:W1:envitu438,1
/me NOW QQ l8opz7e,1
ostfopousganu6 open now pls,0
TURK friend melsm3zut0il,0
/me go now go now go now,0
hurry hurry?,0
we are doing games for fun,0
Form not consumer tax pay camera,0
/me CSN CASINO DL,1
/me adg5oiwe G'A'S,1
/me B'G'l//QQ WO14RLA8,1
/msg Gedbymc4Glq5 CSN:WORLD71181,1
/msg wyvfiNVVV3SEkEDP D-L=x53m0,1
Casinos spam is everywhere,0
restocked fish shop ADMIT!,0
/me mod of 3Cz7V is vyzmp7e8uytbw7qmhjittyy7og.,0
/me CASINO,1
/me BJ:emosa360,1
/me CASINO,1
/msg lbW1wsuYxAgMG9 CASINO=NEKIA963,1
/me QQ:O89WR7D,1
how much is this item,0
dont go to 0BXLG030 they spam CSN,0
pull AmNHZ3X5 please,0
chair has MIN price,0
/me soci2341 has doors,0
/me CASINO|2h3m08486,1
do not go to csn xD,0
/me beje//pretaoph3386,1
/me R_E_m_e. WORLD35259,1
/me QQ//g:as=BKQHK017,1
check my world HEMS34Q,0
/me CASInO casino=yBes,1
come come play minigames at Slso7.,0
/me WORLD2569 Min,1
go now go now go now go now go now go now,0
kick x5i3fwjapr.,0
Plant right man option friend finish include doctor piece site the trade church much agent,0
/msg w4z9n2xqpgujvis6f3ykq8fht2qpkvko is 11 gems fair,0
main is jwaTK0CTRce9HALmR8DtFIiy.,0
/me W L CSN WORLD77384,1
vend at YNPN8 bisque song!,0
/me BJ WL:cexaz3zya,1
/me r-EmE:c a s i n o::m22osa,1
Decade action themselves sell however they,0
/me modern5 is open please,0
/me CASINO!,1
restocked fish shop hes70msoa?,0
lets play puzzle in yzdwfi011,0
/msg DKTKKQCWMLHF q'q x5diodw7yj,1
/me PLAY Bj=THOUS2,1
/msg Dpcwmvgyn5Cnmtnmkfxtkkf6Yigi Beje 2nq0w23u,1
/me SGGJDICK19:DL,1
/me playing games for fun?,0
/me B-j//MFYFVMEO3,1
/me r E M E:MM00545540,1
/me come here,0
qq=ZOR4AX,1
/me CSN Vjv7Hopw,1
how much is customer?,0
/me casiNo//Rm=s7und,1
/me rm=B9L=Smv1Apq,1
/me B G L ufad567,1
/me Tu_Rk//WL//Bj//MIN Reme,1
password changed,0
Account direction such compare stage without student court purpose!,0
/me BeJE|bj|W510R0D,1
lol admin? hi,0
disintermediate cross-platform convergence!,0
is casino against rules,0
/me B_G_L:casino/decho4,1
see my world w31qz9cfi ty,0
access is Dbdyuytyrrz3Xqs8Cdd3,0
avoid csn worlds,0
/me gaS-Min/iq8h008tj,1
join us for proactive mission-critical pricing struc in Brea please!,0
report worlds that advertise c5n!,0
/me C_A_S_I_N_O fswn970hf,1
/me a093qotxiw=turk=WORLD43743,1
/me BEJE | URBSISHETOTA156 | Margidalepa85 | CSN,1
/me G/A/S,1
/me CASINO 4l0n643,1
/me CSN/BET WORLD26067,1
/me new open-architected didactic focus group open in rArTY89 ty?,0
QQ DL CSN,1
/me CASINO,1
/msg XID8I2YULPJECZTCWND7B5A6ID enter T7RREO ty!,0
/me CSN CASINO Quhxopb1,1
/me DL//HjtG9C,1
selling song for 9dl!!,0
remove access from BMPRDOMQIMQCIOWD,0
/me Beje/BJ:C A s i n O:chf4p,1
/me M:IN Dl,1
dont go to Contin they spam casino.,0
gas please gas please gas please gas please gas please,0
new quest open in 7R0Y4!,0
/me QQ CSN,1
/me BE/JE,1
these cASiNoS bots are annoying,0
/me weather shop WW7ORLDF,0
/me Military deep enter.,0
/msg MCwqGlW8d4D1h6 TURK=Huntiny54,1
/me M_IN Bgl/Csn,1
doing multi-tiered leadingedge open system at JGDS8A3AA2L anyone?,0
going to quest harness frictionless eyeballs,0
dont advertise c-asin//o,0
/me B-G-L GAs seven20,1
/me J_O//I N Emnpfdacii4663 CSN,1
/me RE-ME/rM E4YPOTFLA642,1
/me g-a-s/wL=WORLD96139,1
/me B.J-R'E'M'E-BJ=R7IRAXIO,1
come race quest when free,0
C.A.S.I.N.O/CaSINO hmvab64eg,1
/me CASINO=TEROYAAM232,1
engage mission-critical communities!,0
/me DL.|DL./WORLD19716,1
/me 9AS/R/E/M/E/tuRK:NSSQCNJR33C,1
vend has gold mask for 3/16/wl,0
admin added Vspnw3Ugaagdzt,0
grass seed shop 7m05454!!,0
/me r e M e bej:e Wu3Xpkpie5,1
/me ban C1Xtptcow7Bygcqaylzk from world,0
/me CASINO//QQ2=j9l9$cr,1
CSN=WORLD79237,1
ban FkS5MJJ6TeylAyBMyDNQ from world?,0
/me CASINO rvlcvqnbx,1
world WRFOL923 is open guys.,0
need 1 BGL change,0
where is exit,0
/me Beje,1
/me R'M//WORLD15215,1
gas gas gas gas gas fast!,0
/msg W1Y3LGR0N1CONQ TUR K-B G L=WORLD39538,1
/me Lcu18=qq=WORLD83510=BJ,1
hi come here good shop thanks?,0
/me BET=GHRWGAT0,1
selling Gas mask!,0
/me CASINO:feedy9e3j,1
/me try M072L it is open,0
/me Dl=R4QNT4Y78N60,1
/me T U R K=B-E-J-E//world9964,1
leader of 7h3y is VMcYceozFRC2X6e0ge,0
/me Turk=just89,1
restocked vends F1R57221!,0
/me Dl5 TERO699,1
/me QQ=Csn=cbucs2y,1
rush bro rush bro rush bro rush bro.,0
/me come help at fillgk583 pls,0
/me enter YES36 it is open :),0
b E J e TuRK CCYA6076,1
nkdjdgrytmg,0
come farm quest Balanced incremental knowledge user.,0
/me BeJE//bj=z762p0r4,1
buy lightgreen wall with BGL?,0
/me Reme/Dl BClPRim1WnP0,1
/me vend at SEOMSAA72 seed,0
testing map in xemo0581,0
wait,0
/me QQ CASINO,1
come here and play old,0
admin?,0
/me CASINO//H2533M0054,1
why people type Reme,0
Hospital control public,0
/me Turk=REME,1
/me WL//R 3 m E//Z490R4,1
And teach tend.,0
someone explain casino!!,0
/me CASINO//ATOOURF6Y,1
/me D1/D1,1
Expanded bottom-line artificial intelligence.,0
help me in MM3012L ty,0
my friend says QQ,0
admin added maquhfjcrar6p4t7ok,0
lol,0
/me tero7yamm=CSN,1
playing parkour if you want guys lol,0
R_EME==CSN=WORLD35527,1
/me BGL/CSN HIMSELF48,1
/me what means BGL,0
/me REME//G A S=World49916,1
/me turk min/bpkpemgj7,1
lets watch race in edno690,0
/me Beje/WORLD85061,1
/me b-j T.URK=nuu2947,1
/me B3je/C S N TINCCCC2,1
/me DL=DL -> dxd3ctzv,1
/msg RZBCFGTHET CASINO==T0Q8FQRPE,1
/me CSN WORLAF7985,1
good shop,0
/me CACD48=CASINO,1
xd,0
/me TURK BGL::XEKMO,1
/me CSN:qq=xwx9yo,1
/me CASINO REME,1
/me GAS EOCH0ZA4XVJ CASINO,1
/me FAST QQ:kw2esma,1
Always big argue.,0
how to splice,0
/me B_J//Q/Q:CYXR375,1
we are doing minigames right now,0
/me i need a door,0
/me WL/w.l rwxciuf9w,1
come here and build challenge.,0
/me BGL CASINO CSN,1
/me b/e/j/e G4S,1
someone explain c4sino,0
/me W.L Reme XEHOJERIXN15,1
/me gas/WORLD84405,1
/me come help at y2Q27 when free,0
/msg I4W8TLM5N7Z9DYHSU1EB rm RYEDCJD1L5IPZOUQFNHYUM from access lol,0
someone said CSN here,0
/me WL//p4nwuot,1
/me Csn=dl y9ItRjW,1
new extend proactive info-mediaries open in H30654.,0
testing games in W049ROD!!,0
TURK WORLD98166,1
/me Casino=W'L=Rm//wjjql4,1
rate the minigames in xeom71?,0
admin added H2IVS3ELL2sCWZKyQ2BMc0f2TumX lol,0
they play something like qq,0
come,0
access is zdz8e9cq,0
Gas//CASINO=WORLD26206,1
QQ//2acs5szfsbz,1
/me QQ=HE9MOs,1
/me GAS 3MN42182 qq,1
my world is helilzora94 guys,0
come here and play map,0
vend at n1esxa cadetblue fossil,0
/me bGL WORLD31206,1
/me BJ//FZMUOCP5601,1
buy lightblue dirt 221wl,0
/me BJ/B9L/GAS//WORLD52043,1
/me Cas_Ino:Q Q Reenctardt2,1
QQ=1zxai7vev,1
/me QQ=WORLD19027,1
move move move.,0
hello,0
how much is serve resource answer!,0
can someone help with hospital,0
/me T U R K Q:Q:csogmiyx1694,1
come try games at E085HMSA anyone?,0
does anyone know point,0
/me need pink sugar cane paying 7/wl,0
dont go to RR1V10 they spam CSN,0
/me rem'e//WORLD53787,1
who wants to run race!!,0
/me gas gas gas gas,0
anyone want to try maze with friends,0
hi,0
/me D-L//y1pdyhqow,1
/me GO hE3MsA BJ,1
OPEN h73m080 Csn,1
c_a_s_i_n_o/MIN/reme:qtxzuexn,1
look at my world m6o198sa now.,0
/me ga5/MIN=WORLD43794,1
/me B9l r-eme,1
/msg y8gkaki4jlcfln CASINO on mindsuar8,1
/msg Cse5Nnznrbbds5Ef bg-l open h948330m,1
/me c.sn XEO2110,1
i hate c-a-s-i-n-o,0
cheap platform at 0wrldd950,0
look at FQH5397 when free,0
report CASINO spam,0
BE'J_E//m02554,1
kick GOTJINRJZIRQLYAMLJRAIIN0TDLT.,0
/me gA S NhqjSVK,1
/me g a S==GAS=hr0c44778,1
play maze in Mmo98Sa,0
/me B Gl BY,1
rate the quest in lmua7 bro,0
perkmf982 is open please.,0
/me CSN Um054442,1
is 16dl fair.,0
mod is FIFWZTR7CKQ5PGXPXFJWZUJCF9HG,0
brb where are you!,0
/msg obQIfSEnOxqTZHM0pHJW REME=MIANILG30,1
hello,0
Well test tell serious business need forget me style always raise,0
/me OPEN b//J=3178dx,1
/me BEJ3=galnevkrlkbat493,1
/me CSN//BE'JE=teroaam1824,1
/me Gas//detga493,1
/me CSN A4WSBSUS3J,1
/me QQ,1
/me Gas/w0hx5vy,1
how much is by term,0
b/g/l::BOIRVXA,1
/msg gnz8ksrkmhydlkjiczudo0 Carry billion :),0
/me Cs.N,1
any TURK here,0
/me cs//n CSN nubu847,1
lmao,0
/me Rm-Rm=w l=INFK2,1
play games in IBLBDNP548,0
i hate c4s-i$no,0
/me casino=bgmczvg906,1
hi.,0
come play you at HM644ESAA.,0
/me Qq/CSN=7623r0Y4m4,1
come the world - GUPL50 if you want,0
/me relog wait,0
fish shop at QX3GKHK5,0
grass block 19wl!,0
new minigames open in 02A9F bro.,0
/msg nneupny5qndw QQ//zgr402,1
End do,0
pull ANTUC3B9ZMUNUWCMKBGRDD please,0
QQ why door closed xD,0
/me BEJE,1
/me REME:fir1g2qshu,1
/msg r6xab5clcbogiey8enr0vcxq BJ//C_SN//d:l-h777emt,1
QQ bro wait,0
xd :),0
yo?,0
Avoid break nation health necessary fear answer!,0
qq is not always Csn,0
rate world 8JLF4Y it is open!!,0
iafjzvmeyosgkx!,0
/me reme//CASINO=Hme11O,1
/me CS/N=nageanceh93,1
/me R:M=Reme,1
/me M/i'n D-L tero998,1
/me 8J|Bgl|rh292zv3m1ii6,1
/me caSInO:caSInO,1
buying farmable msg me?,0
iterate strategic web services :),0
/me T-U-R-K-0hm30754?,1
buying pepper msg me.,0
need cape paying 1 per wl?,0
block = 760wl,0
does Casino mean gambling lol,0
/me turk RM Dnldqpfmzj,1
/me BJ/TURK/83Je 9ver0IfFx6,1
/me TuRk,1
/msg dbqim1b8nepex4vp T U R KALMOST,1
/me W:L REme guy824,1
/me price check wall 353wl,0
WORLD55515//REME,1
check my world - NNEXLA4858 bro.,0
how to farm,0
/me Bj|Qq|rEmE,1
VYX85O49OX has painting vend,0
try my world R9Ddylu when free,0
come build extend 24/365 partnerships right now,0
vend has water for 55bgl,0
/me Rm//rdgbatut2,1
mod of tvnha4pp910 is JSnsb5OlMxW4ACAC lol,0
world KDPQ01 is open,0
where are you!,0
/me DL:c/S/N:W0R561L,1
who wants to race different,0
vend at i4b85lv fossil,0
going to games before we leave anyone?,0
report csn spam!,0
/me QQ HMM9SA6619,1
/me REME//CSN=lgafynzlfo,1
/me BEJE/bj/turk|RM=WORLD33599,1
/me REMe bgL gwrwq4,1
/me CASINO:T_urk=HEM9383O,1
/me Gas:wl:REME/REME=17l354503,1
playing race right now anyone?!,0
Beygipppc9Wgc2Q0Cqwe keeps saying casino?,0
CASINO=WORLD62589,1
why is casINo not allowed,0
/msg Tja0Iok2Sdjlvmhy CSN=6hm0l2,1
/me 9A5 B.G'.//L,1
meet at yjitf29 for puzzle,0
charge charge charge charge now,0
talking about c$a'sin$o is not same as advertising,0
/me mdadlitru79==beje,1
yourself hair 19 /wl,0
someone named QQ117,0
play parkour in fxrc5319.,0
/me R e M E//CASINO=worlaff52,1
/me B E J E/BJ=JScx6cUZigj,1
move move move move move move,0
/me QQ/CASINO,1
csn:Gas:q'q:Bgl=BEYOND,1
CSN CSN,1
is csn banned,0
come come play minigames at ahmsa4495!,0
access of e685xmo is M4YOD3UWZHRWOOK9O9Q7ZCSTMBCE,0
/me CSN=bmtdr81,1
/me b'G'1 bgl Mk435,1
/me wl=REME=GAS,1
/me Cs:N D L,1
/me DL,1
can you see R89E9SOURC!,0
/me Q/Q=wl=WORLD35859,1
we are doing games with friends,0
/me QQ:HE24MA,1
kick Tkq6Sytzaqaxohpbio!!,0
/me MIN-DL-R3ME-GAS r8xam3,1
store open OMS0AK,0
run please run please run please run please run please,0
/me BEJE9//WORLD84845,1
rm ahzqehvc from access,0
can you check 6tnnoqmw pls,0
73r05252 open now bro,0
/me WL==M.I.N=TR05EOYAM,1
/me d_l pls,1
yo,0
selling item for 818dls.,0
push push.,0
/me 0f440hw7vn0 DL,1
/me QQ:WOrLd20802,1
/me lol come!,0
i dont like casino,0
/me C.SN//WORLD1775,1
testing challenge in n3xx4607,0
/me Bgl bj/WORLD51912,1
come help at HGESH2MOSA bro,0
WL price check xD,0
/me Th8E7H6 CSN,1
come here and farm visualize user-centric e-markets.,0
/me bj/bj/bj/bj/bj,1
/msg mgfjdldtlzbh can someone open the door.,0
go WHRL for silver world key,0
owner takes BGL or wls.,0
/me MIN Csn official0022,1
/msg Hnz3Vxbms7Reiez5Kcxi BG1 Qq b_j M/ I N=WORLD28682,1
tu//rk8 CASINO GAS:q5owgql,1
/me DL:QQ=WRSWSNQFO,1
hi,0
see my farm:xeemo240 ty,0
buying door msg me,0
/me CASINO//JGHRD73,1
outside seed in vend bergbling3,0
/msg upKUMlH1R8YoTqumGz GA//S indaalm9,1
someone said BEJE here!,0
M I N=R_E_M_E momm49,1
/msg Fogbbjyfcofpylnp TUR$K-rM-8_J E4Urqa4Ndl,1
/me ca5ino//ARGEU12,1
Seat game forward Congress when star door with,0
/me BEJE-Dl=EMOO935,1
come here,0
run quickly run quickly run quickly,0
/me CASINO CSN HVyQnU,1
/me CSN/W L Pu6Fux,1
too many casino spammers,0
/me QQ//CASINO=frxyz5u7kb7ak6,1
rush rush rush rush rush quick,0
yosgkxbqrupd lol,0
follow to my world SAMH3286 it is open,0
/me QQ:gAS:W/L:QQ-4ll7h1r733,1
/me CSN check853,1
i saw casino spam in er96uo,0
/me Turk owner is E4Ifq1Iase,0
/me RM=DW2p78pa,1
RM:h70em,1
/me dont advertise casino xD,0
join to my maze ter6yam if you want,0
who wants to build challenge lol,0
can QQ be a name,0
/me B3JE/jmossa312,1
help with minigames in want9,0
can someone wrench me!,0
Court buy couple visit feel election bit service little remain of lol,0
/me GAs=qcn0gxz6,1
join us for parkour in w07880rl :),0
can someone pull me?,0
/me B'J,1
/me BJ//reme theretdy9945,1
Wl,1
/me csn csn csn=H3PM3170054,1
/me C_A_S_I_N_O REME wcc8kpx7,1
/me rem3,1
Indicate program wish sign word operation become whatever gas help office,0
wrench j7z7o4g4z7xyvdssm9iyib,0
come help at Xdzfw5K93L5 bro lol,0
/me D1 open QPW7TWO4X,1
jklzxcvbnmqw Wznwkvsrqfsnqa?,0
see my world hy30m0 it is open!!,0
/msg h1axgdewihuex9mja7qywavuvvtu BEJE=WORLD2603,1
/me trade darkslateblue fish tank for 2dls,0
/me B E J E/mI'n WORLD62389,1
pull MWZYDWBJT3HET4 please,0
yo,0
REME spam is annoying?,0
/msg yptfbil5jmeygch2xverkc b_g_l vpn8dpoy7ul,1
where is vend!,0
gas//m05694,1
Gas//w9shh1rbi,1
/me qq QQ thedensesth8,1
/me m'I'N-W248ORBXLAF,1
/me DL=USOBIDDI57,1
checkpoint costs 14wls?,0
/msg LMIEGTC7X0 Csn/WORLD43933,1
/me WL,1
fun programmable attitude-oriented hardware in som628.,0
/me Dl|beje|ttigc0xec,1
/me CASINO//REM3 MOSL894O,1
/me REmE:M00577144,1
/me casin0 cAsIno-BGL-TURK,1
going to development for fun,0
join maze before we leave!,0
/me CSN1//out701,1
/me WL=R_M=JECTDREA3,1
/me D//L,1
/me D.L/bgl WORLD29958,1
TURK owner is kZV9p6ElG4QTLhmaoH!,0
testing games in Ohn32Ve1P,0
Implemented radical leverage.,0
where is the white door,0
/me DL//i2rlykykw,1
someone explain csn,0
/me csn csn,1
where is very,0
/me Dl//Dl//CASINO//BGL=orljhoj9085,1
go free for pepper,0
/me Go izjxhyd1j QQ,1
seed shop HEART2022,0
/me C asino//w/l//d L//b91//W0R30L44,1
/me R_E_M_E//RFxfE737NP,1
vend at ttteroam716 farmable,0
/me rem-e=DL=ansimglz7,1
testing puzzle in w0l6r bro?,0
/msg v3c3jbnzryoqeavydnp1t8 c s nQ5SBTEF6C,1
who owns this world,0
/me CASINO//q-q WORLD50940,1
buying tan cape msg me,0
/me dl/WORLD9695,1
come help at owl7717,0
hello xd relog?,0
pc dirt for 2/9dls?,0
how to splice,0
come help at Xmeo2 guys?,0
/me C4SINO=WORLD18100,1
/me reme/FFLLUIVE07,1
/me sup.,0
can you visit N3Xxa598 pls!,0
testing challenge in wrl95af lol,0
my world is 7763R0,0
/msg v6ohfzy3z1kam2mw B'J=TRY89,1
/me REME//Q-Q=Teryoam11,1
join games for a minute guys?,0
come farm challenge with friends,0
fax9 has csn spammer?,0
/me password changed,0
/me c/a/s/i/n/o-65pm2da,1
/me ReMe d-l=WORLD93849,1
g-g-g$g$gg.,0
/me B_E_J_E ejtsmiam,1
help me in X622EM ty,0
how many wls is this?,0
/me C- A  S I N _O//CSn Bgl,1
magenta water - 110dls,0
/me W4RLAF1 has vending machine!,0
/msg j7cpyfq1omuwdodbel pull VNMKLWCHMOTW please,0
come here and build games,0
/me is CASINO banned,0
/me t.u.r.k,1
fish shop open wor35lufa,0
/me TU.rk,1
cheap require pants at GNWN96,0
/me mc4vw2pwj CSN,1
/me password changed,0
/me can someone wr_e_nch me!,0
where is owner,0
surg shop at enjoyxmgeb43,0
/me DL WORLD3037,1
/me WL BGL ygfrorqnx,1
gray fish tank in vend UOVVBC6,0
/me REME r:M b e j e|B_G_L:k5tc3mtq0v,1
/me RM,1
E7PVZAQTO2MKGP keeps saying BEJE,0
BGL:c's'n=hm053074,1
JOIN B J//KKSS8QR,1
Fully-configurable 6thgeneration ability,0
rush rush,0
can someone pull me,0
/me CAsIno:kgv49o,1
/me Q_Q//QQ WORLD54888,1
/me BG/L:p64iw,1
/me C_S_N Q2LD87MGJH,1
/me rm//N0W,1
RM me from access,0
h3M9160 open now guys,0
/me Bej3:w'l2|G a/s=K4FLW5I17,1
/msg gga4iozyoigtd1 CASINO-bgl=msbycz,1
ajaniko1381 has vend,0
/msg OQJCHQMQA7HCH2HZ Min=NBCRE446,1
vend open Qe505O,0
market open iconru59,0
/me mi-n=w0rr7796,1
/msg Afl0Scbbuinglaf1Ws relog,0
/me csn=Beje-BEJE=H3MM0502,1
store 0WRL465,0
w/L/Wl WORLD24123,1
help me in HZAIR491 if you want.,0
avoid casino worlds :),0
we are doing minigames for a minute,0
playing minigames for a minute,0
who has access,0
Gun without,0
need doors paying 13wls,0
world Istfish8 is open now!,0
surg shop at BURRNLI8680.,0
G A S/C A S I N O/(asiNo Casino,1
/msg u8kjhfTopjlNqudjXwZ8 Min=h092eKSA,1
selling farmable in worl15aff,0
/me bg1//Rivosiqg5025,1
lflqcjk2lr5|Casin0,1
Cloned explicit matrices,0
price check also fossil 9wls,0
/me gas/gas,1
admin added Gjdfxdwjfoxhfjqmfqwjnuzptk,0
/me come my farm=MDDPBK7 when free,0
/me CSN=HESM7OSLA,1
/me TURK/BEJE WORLD19876,1
/me CAsino/RM=5ydl35,1
/me W-L:CSN//0dq3y4o25x1,1
hem9s is open it is open,0
/me Gas//R/M//sc4lnqe,1
/me B/G/L=WORLD74088,1
help with parkour in kg002jr,0
come my shop:PARWAIRSB55 it is open.,0
/me M1N:Lejcc13,1
go my maze - nex3839 if you want,0
hjklzxcvbnm!,0
/me CSN=Ue3Tkj,1
/me MiN|MiN=m1ddl3,1
visit my farm called M884ERL now,0
/me bgl:gas:yrraz4,1
/me CASINO//DL=W2010Rl,1
/me G_A_S//EHTO8,1
/me tURK//b//eje//W7ORLLAF,1
/me restocked weather shop N3X532,0
/me Reme|CAs1N0|HOME,1
/me FREE BET/3HM0548,1
/me GAs.//BJ=Fectmrxg4S38,1
who wants to play parkour bro,0
/me FAST txqnomzirq mIN,1
M1N3:hyezh8,1
help me in EEM6O need help!!,0
/me BEJE:PSD4433,1
/me B J=H35461M05474,1
/me Gas:WSHA2A,1
ban casino bots,0
/me d'l|d'l|d'l|d'l|d'l,1
new world 16167G55 ty!!,0
follow to our world called qpy071g it is open?,0
qQ:v6w8gty,1
Csn/BMXQ31YOD225U,1
/msg vdk7i3gzktxkoluzitm0dr TURK/MI-N//NEX7AA,1
/me BGL//LIWTJN6740,1
/me rm tyvh1xx8vl,1
/msg SFXBY9fZvgy3Er rate world nOte992.,0
vends 513A86,0
/msg wsu2y7koxgiwuw g'A'S Vxc3N9Qspep,1
help with quest in W271ROL?,0
cheap chair at worllfa6?,0
/me Qq//mooa8,1
/me CSN HEMMO1SA0,1
/me Csn//joiznalibunmoorbmaj9,1
CASINO//BEJ/E=jpehc7,1
/msg ukopt6lgqepccaqxhx RM at bfhl9j2b,1
Develop certain interesting side attorney machine man loss both win,0
/me BGL//t1ero92yam,1
vend at Tfh5Yw royalblue gas mask.,0
/msg wenizrv3vde4s5dbmrv3y6bqs8tw go now go now go now go now go now go now!!,0
play time in dcwum36,0
/me REMe R-M//WORLD39427,1
/me rm|b g l|vExLxprOhL997,1
we are doing event There good agency individual stay down,0
i need a door,0
can someone open the door?,0
/msg A7F3N7S9OQHFFFTJX3L5 CSN=race,1
/me B/J=TE7RO6,1
rm turk,1
vend at a4e8nc9e3 seeds,0
/me Qq=BGL:373543R3GU,1
pfnceqk,0
cheap shop open hekmosa059a,0
/me OPEN BGL -> qxuya2,1
/me Min-eZsFsTr4i,1
/me need stand fish tank paying 19/wl?,0
password changed,0
need indigo hair paying 16 bgl,0
surg shop open ic8xol2,0
/msg ayz0ufq0ktm3o3swu9ottoesnm change wls to BGL,0
i dont understand BJ,0
/me cSN:CS_N Csn=1710EMO,1
can someone help with describe it,0
lets farm puzzle in wo28rl,0
restocked store wff00i9,0
/me CASINO==BGL.==WORLD95744,1
someone said qq is like csn,0
np!,0
/me admin added tkroukwdfieujgj7x4.,0
/me R//M:8p0U0n1Ua93,1
/me CSN he420m,1
where is owner,0
fish shop OD18Y5R5E,0
/me beje::Dcqsavo3,1
/me Reme/yajubjb5q,1
/me REME 8/j//WORLD79852,1
/me gas B.J n3wvpntx,1
/msg vbcsc3rplpjzv3nfcfs9xqynfzxibj Min=busdmap4em,1
/me Qq=hfmo18,1
/msg uwAkn4kVUgfWJK CSN=WORLD14137,1
/me FAST CSN:WORLD61644,1
jhestmosa8 open now ty xD,0
b0ch4ll2 has citizen background!,0
/me BJ,1
/me REME:WORLD81485,1
come farm maze at vkkx4phym871?,0
is casino illegal :),0
restocked vend H5M0547!,0
/me cSN//Wl/EhmOS994aI,1
/me my world is hemsooa0575 need help!,0
/me BGl:DL:WORLD32873,1
/me WL=WORLD52003,1
/me gas.=WORLD55211,1
fnw dpfxm!!,0
aliceblue hair 6gems,0
/me Csn//CSN=WORLD37189,1
/me CasIno/Rm=0RL2884,1
/me d'l:7NH1M3YR0Z9159,1
/me casino//REME,1
cheap coral water at x299emo :),0
sign : 87gems.,0
/me MIN WL 357JY0L26,1
can you come cyf66z it is open!,0
B3JE,1
looking for turk friends,0
/me (Asino=32A1j55His??,1
i saw BEJE spam in L3M547,0
look at the shop called KKWCQ902 it is open!,0
/me is vend empty?,0
G 'AS beje-GLTYPES6165,1
/me wl:0Xm0Qwgny49,1
WORLD33917 TURK,1
cheap world key at ALMOS?,0
/me admin of htiachamuk9933 is avxeg5c9lim3djjjnzvos2,0
/me R E M E=mos1,1
Peace guy approach,0
/me dl Bg_L,1
csn means many why per maybe,0
chand in vend hinkurabledeo32,0
/me go now go now go now go now go now.,0
/me BGL S7B3Eehii,1
/me C@SINO=EKVANSM89,1
password changed xD,0
host is zyxeayj8g3g2j8obnkkqz9upbpgujywyq0,0
DL shop/0em5824!,0
/me REME=WORLD71614,1
bg1=wJOlZjFam,1
world WD1TCBM is open now?,0
/me RM=r0mo1122,1
/me X6FGB13=DL,1
/me CA$in//o BGL h8135mo,1
rate world ww2xgfe28!!,0
/me Ca'Sino/nBshYZhNQX,1
push quickly push quickly.,0
world ITSELF is open,0
/me sup :),0
what is MiN price,0
/me venxjrevmfgd.,0
/me Now CASINO=WORLD53253,1
price check aquamarine lava 16dl,0
/me go H3M43254 for gold lock,0
cheap seed at F5R3KD1C9.,0
/me b/j D1//h3929m54,1
(45INO QQ EMOSA85,1
buying rock msg me.,0
MIN 3/8per wl for finally world key,0
/me cAsIno:so7vnf8c,1
/me GAs:qdslrdiex,1
Language common family wonder notice professor attorney scene campaign from,0
anyone want to come play challenge with friends lol,0
see my world tte8ro ty,0
going to grass-roots scalable service-desk innovate leading-edge synergies,0
/me g-a-s-gas-B.e.'J.e-C/A/S/I/N/O-rm/bjcgp6,1
join event if you want?,0
DL shop - h4eem,0
/me b:J=v8u1trqx,1
/me new world 5n1glu45,0
/msg txwqh4nam9uenzg9 W/L:W/L:Wl:BG:L a0tauqq,1
Oil77 owner is PITYB9YEZVD4RYKYSV,0
/me JOIN BGL:gancary37,1
/me CSN CASINO QQ,1
change Bgl to wls,0
/me BJ//Smile7,1
/me cA$iN0/B:EJE JDFFCW,1
/me r_M//R-M WORLD34619,1
/me Gas/CSN=SAU843N3T,1
/me thanks admin?,0
AEHMOS64 owner is QOUNZTLPJUTQVRLOALRDHURGJ6DS.,0
Self-enabling reciprocal knowledgebase.,0
rm h5h6D0IvY0WVc5A1WRLoV6 from access!!,0
jump jump pls,0
/me Casin:O-GaS,1
owner:U2P5Dzvrgzbbh2,0
/me BJ KGZASNT,1
/me CASINO//gas=scm9,1
/me beje//TURK=8j dengo0,1
/me CSN Csn CSN,1
world owner sheps7pkglitxoekjzrhrmg5d1wg!!,0
/me BJ-Rm=CX5H,1
/me GAS for HFSGM3,1
/me BJ REME WORLD847,1
/me help me in zvj4051 pls!,0
QQ bro wait,0
can you donate dirt xD,0
Increase need pick,0
new world hemosaa8257 now.,0
/me DL//WORLD95799,1
/me MI-N/B'J:R/E/M/E:QQ/world75780,1
/me WL/dL,1
selling stuff crystal in heav,0
/msg Fgr1Bqwedhs8Udd1N7Lgcsnj BJ cSn MIN//E4M9T4,1
/me GO WITLHBO1314 ($N,1
report csn spam,0
/me Reme reme d-L//ONLY5,1
ban casino bots,0
/msg O5Lyz7X5Mqs4F7 C//sn=m039154,1
/me Bj B-g-l=n7qr789w17,1
/msg XUCQGBYIMJN0LIWZCEX6 beJE at H3M71054,1
/me mod please check casino spam,0
vend has wind farmable for 11dl,0
look at h3m05482 if you want,0
follow to the farm FOR92 it is open.,0
/me CASINO/worla729f,1
help me in H35MM5054847 it is open lol,0
Forward fine believe situation material popular American figure old matter those while,0
lmao xd,0
help with total systematic instruction set in WOR783LAF,0
/me QQ REME,1
/me we are doing event after farm,0
CASINO looks like random letters,0
csn means respond idea maybe,0
W70RGL open now if you want,0
/msg wlzmc5qkpmxuq0 BGL=Matte,1
Memory issue national magazine thank environmental on.,0
/me REME CASINO,1
hey rate 0uh5n3y43 now,0
/me Wl/D//L H594Z35M045,1
looking for dirt for 22dl.,0
/me DL:m.i.N:rM:QQ,1
i saw c s n spam in M30L00,0
selling item for 5 gems,0
Rm necess,1
tuoadgjlxvnqe idk.,0
my world is m276osa please,0
selling hotpink table in 3hm4234!,0
/me CSN DL WORLD15456,1
/me BJ/R'm//h5qiypnha5,1
/me B'E'J'E//Wro544,1
why do people say casino.,0
rm eii6hjlwmkxp from access,0
/me Q_Q|dl//5q4gw9bvtqc,1
need help with farm,0
pushpushpushpushpushpushpushpush.,0
hey rate TEezkN7 pls,0
fish shop open qgwexpls6,0
/me go WALL5857 guys!,0
/me m'I'n=RNLITR5,1
/me CSN/BJ kltorat72,1
Turk-b E j E=WORLD83197,1
lagging so hard,0
/me GAS GAS,1
/me 7URK,1
/me M/I/N=65a442ptsh4i,1
/me C$/N//H223ESA,1
/msg Waaawgufoyknyljtqpinz6Y4Dxcu DL=WORLD81109,1
visit my world DMFCPEEBY now,0
Story include people figure president test news significant mean,0
/me cSn,1
Develop argue condition place event speak,0
restocked surg shop low7365,0
/me Beje/cxmym00l,1
new world abxajan5 if you want!!,0
/me bj hemo95sa,1
/me BET CASINO SHE19,1
Should play their evidence family recognize easy during soldier.,0
/me BGL:wrrol8456,1
what is the price,0
/me FAST 654won CSN,1
/me C S N tURK R1qPu,1
new challenge open in HKMOSA03,0
minimum price is 423bgl,0
Tu-rk friend OCMZA3KCSBRKW9VZGYCXZ4XJQIVMIP,0
/me BGL dl,1
B G'-L,1
CSN//t830ERoYaM,1
wrench hnlrowi9bxxipyt8qc.,0
Persevering fault-tolerant firmware,0
/msg o4PKH0tjzlT6ikxv R_M|70Xc71O4Ywg1,1
/me r.M,1
Arrive light?,0
come join life before we leave ty,0
selling fossil for 5/2per wl,0
can someone open the door!,0
/me 8GL:3l0072,1
/me CASINO QQ,1
builder = Kgbwfxokd3Nwrcxxthr2Zs,0
/me Wl:bgl=W0RL159,1
/me Dl=MIN//MERSFD453,1
/me WL:RVNU6,1
CASINO:WORLD61091,1
/me dl MIN fvs5pmh,1
/me rate my world SOOKYGAN51 it is open!!,0
run quickly run quickly run quickly run quickly run quickly.,0
/me CSN//B_J w585lrrd,1
/msg DOFWK5HGOJL6FIWMEJWSVASM Wl8 2I4A5DNCIH2,1
/me CASINO,1
/me G AS/C7at0vt4I,1
help with quest in W0R67LD xD,0
ca.s.in'o Csn ter95Oyam,1
try my farm - vp02ycb1x3 it is open,0
can you come ZYYT8L0HM bro.,0
/me xeemoo2 BJ,1
/me GAS=Bj:qq 0h8uyl,1
/msg TAH1CPNXCONMYC ca$ino WORLD18580,1
i am tired of csn ads,0
/me door id is 6796.,0
sorry,0
/me Min:WORLD77724,1
rate my world hemu2o when free?,0
Tax dog structure popular lay hope project relationship push forward ten,0
/me CASINO/DL WORLD48167,1
/me b/J:xem0o,1
/me w l BGL BEJE//OM5RBMT,1
anyone want to race some before we leave.,0
/me W1E,1
/me reME=WORLD37872,1
price check please,0
hey try xeo917,0
BJ!,1
streamline cross-platform e-markets,0
/me where is vend,0
/me ty follow me good shop hi xD,0
ZSQYA1BCT6 keeps saying casin o,0
/me bgl/b/g/l WORL2D,1
/me CS:N D'L,1
/me W-L=Ykcplwt,1
/me BEJE//C-S-N=KQGUYIVLU,1
/me BGL Y2HAF,1
/me QQ 5ojHO,1
who wants to test games,0
who wants to try minigames,0
charge charge charge fast,0
where is member bit.,0
/me C s N=X072EMQ,1
/me need help breaking blocks,0
/me CSN=CSN=CSN=CSN,1
/me platform - 15dl,0
/me eeypmp28r9=Turk,1
/me RM/Q//Q WORLD39709,1
/me CSN yvquagiw,1
/me NOW RM==KnOo3F,1
/me CSN:fusedbagle7,1
lets build race in usuALLY595?,0
i am tired of casino ads :),0
/me CASINO=w0rlb96d,1
/me BJ=Gas.=hhemrac0,1
/me come help at 3507R0Y4M pls,0
/me Dl QQ W3YORL073,1
/me BJ//csN=6WIzPR7sAC9V,1
/me REME=tErasheEp9,1
/me RM=t245fo,1
/me C'A's'1'n'o=IkqnRR9,1
/me CASINO//Reme3=E2273Osa,1
/me access given to cojfx1tejlctykweg6.,0
lag,0
/me G4S=Casino==Pra02,1
/me PLAY REME:WORLD92097,1
do not go to casino,0
rm Qwq1ZiilkxuF from access,0
/msg RXQ5ORH0BDUF CSN=j3q8hzlr,1
democratic pack 51wls,0
xm83n open now?,0
need geiger paying 5/16dl,0
/me wl-bj8 dl,1
/me WORLD98902=M_I_N,1
/me what does casino mean,0
/me BGL CSN payknh41,1
/me QQ DL BJ,1
/me Wle=C_A_S_1_N_O 8J,1
/me BGL//BJ=WO6RLDE,1
move move move move bro,0
/me CASINO-Oexyh0O8?,1
/msg EVHXJ7AJJ8H9LFB0D5M5KDQOR0 Q.Q/ca$S In'0/Cs//N::g86l2i,1
csn!,1
report worlds that advertise csn,0
selling goldenrod farmable for 2 /wl!,0
/msg z2PUMukcq5n2rtY1kID8 CASINO=l1ayhpfae3j8k,1
/me MIN/KBBYA9UM,1
/me cSn BEJ//E EIDQIGSDN7,1
going to minigames with friends,0
B91-gA:S=CL053,1
pull h2iuavsebizb please,0
/me cs:n//W.L8=W0R378L,1
/me blocks 362wl xD,0
check to my vend I0007RL please,0
/me CSN -> MOS86AA,1
can someone wrench me,0
stop advertising casino,0
thanks,0
QQ is just random text,0
/me Dl lkhebelcyfc78,1
(asino BJ W L zgocf8dxg,1
doing parkour at yqbif3,0
tug4qctbrq owns this,0
/me rem e C/S/N2 b:j WL -> WORLD31972,1
Re/Me=PBRUSLAR030,1
/me REME bniujgkn1rz4dj,1
Reason affect former meeting order recently,0
ban zqk3qhq4o0xspnuqu5z2 from world,0
/me Turk:q6lmub,1
/me Reme voov9om,1
/me Reme=d l=WORLD13672,1
my world is PRODIXEM870,0
/me can someone wrench me?,0
Than low manager network off record throw will,0
/msg Tukcv9H4W3G0Fnj4Yikad6 Wl in vomudmfbtq,1
/me TU_$RK/(ASIN0 WORLD41586,1
R3Me//pcxcv6,1
8P08aayT c s n,1
/msg Lxloq4B4Sfktflwdl9Vme7H4Cxq4 reme=Q0420,1
/msg rmbrlIN0zMmrYXPre3BKqJlv lyiic97l open now it is open,0
/me Dl-csn//WORLD16007,1
world BLVREGYY2543 is open guys,0
what means RM :),0
LjgdAouteQnvXLj,0
/me CASINO BGL,1
can admin RM me,0
/me MI$N/qq y4twbf,1
surg shop seeynr3727,0
/me turk,1
Go picture trial support whose billion power other for party?,0
/msg Diwmvbv2Rvgex8Knqw Min at f4gfq3fgy,1
farmable in vend ISMSDI656.,0
new world WoR5 please,0
C.A.sINO:MOE6995,1
Ask car seem development must eight training concern,0
need fresh farmable paying 17dl,0
lol?,0
buy notice wrench with DL,0
/me DL4 QQ qh47gw,1
world ehsomssa4 is open please,0
play games in j9fa17hd8!,0
/me 3ux4707::CASINO,1
/msg v7epk3wgnvlbaymsxoqq 8EJE//beje-WORLD94488,1
/me t'u'r'k:LESS,1
/me TURK//CSN,1
/me BEJE//RM -> D05EEWO,1
can someone wrench me,0
grass seed shop MNJ607,0
/me T-URK-w/l//WORLD42397,1
qq is not always Casino lol,0
/me CASINO CSN WORLD12417,1
hey look at during3050 need help!,0
meet at G1KHWHX4 for ready,0
lagging so hARD,0
/me play task in OVVI5,0
/me HHHHHHHHHHHH iopasdfghjkl eyosgkxbq!!,0
CASINO=QQ=ionspmoss890,1
/me cheap shop at h99emsa,0
remove access from IUDOICJ2D6M3X0E7UM lol,0
vend at wo6l581d surg tool,0
Growth cover identify million this relationship improve only nearly parent account,0
W/L//syiog9kpes,1
/me M1N=WORLD98752,1
/me BGL::LOCAL4687,1
/me DL//pldmc652,1
he said casino but not advertising!!,0
/me Reme:WORLD63599,1
/me CASINO///I6pY8zn4Wo4///DL,1
/me come test challenge in this world!,0
M-I-N bG/l WL,1
r'EME:o02zra,1
/me CSN CSN CSN,1
/me CSN R//E/M/E K7GLk41c8,1
/me RM=7hopehcutmirakcq90,1
gas gas gas fast!,0
/me GO B-J::TERO8,1
/me Turk/Dl l6ithf1vbi,1
/me C/S/N B.G1 C'a's'i'N'o//WORLD62072,1
tur:k=M i N=Q/Q9==ZOG04,1
/me DL Nwsyyvqh,1
come play six at GERSH6INAU420,0
why do people say casinos,0
seed shop THAT9906!,0
x533mm0 open now!,0
/me DL utbyrzi6mm,1
rate the map in zoorra5776!,0
/me (ASINO:st93r,1
/me does casino mean gambling?,0
/me Ga:S,1
pull a4fjjbhiz6wnlvsjb6 please?,0
/me Min 22bl8ji7,1
/me Rm::GAS:TMLHVZOPTR,1
go Iia0654 for lock,0
/me QQ??,1
/msg I8W2GDK4IXYGLPF7 CSn=x35emsa,1
/me bEJE z3iytlk2,1
lagging so hard.,0
doing event at PHY51C4L bro!!,0
/me world45873 BJ,1
/me C'S'N/dav3ldt,1
/me come race parkour in this world?,0
/msg u2zcYqBNz9 BJ=WORL397,1
/me wl:Q-Q=iljshuwvw,1
owner of FHE3MOSA is VEmFs4DwKlM3,0
/me DL B:J BGL8 Q_Q5=hemsaa2,1
/me 0SEJE1PL17 CSN,1
/me bg1=WORlD47953,1
/me CSN CSN,1
/me QQ=i4ojm2a3db,1
/me come play race if you want,0
Reme=w0r815,1
/me csn WL srdpfga2ed,1
/msg wgvpbcrvmcjvisp4ri QQ=H0Sm1935Sa,1
/me CSN=734R0,1
/me CSN QQ CASINO,1
/me CSN pls,1
thanks,0
/me GO TURK MO4,1
/me BET?,1
i saw bj spam in V5Q3550W,0
/me CASINO=D-L=hersEFl,1
lol,0
/me REME Dl:bgl G3ZM5HK2487,1
need help breaking blocks,0
rate the world=cdhjbmqu99 please,0
rm EERDM2N0QDZ5A2 from access,0
/me b/eje//Casino//Beje=H30M9054,1
owner takes WL or wls,0
leader nve2j0b0c6meicpesn?,0
/me BGL!//afsotesan7,1
/me Bgl Bgl Bgl//WORLD18574,1
/me mfdzjits gdaouteq!,0
world cry4a8 is open ty?,0
/me join us for event in lisjtveyevk0.,0
rate world ULIAYDFD496 now,0
/me CSN//Dl=YNXES091,1
enter to the world h4esmsoay,0
what is MIN price,0
/me qq MIN,1
/me BEJE r 3 m e TER0046,1
/me CSN rdds6fs9q1z7,1
/me CSN=R/M=ZOVA967,1
these csn bots are annoying,0
c s n spam is everywhere?,0
/me QQ xD,1
/me BEJE//REME m.i .N,1
/me CASINO//sq20w,1
Csn=WORLD38625,1
/me bj|CAS.INO:DSAGW6NRWY,1
come on quickly come on quickly.,0
/me turk:REME:teioyamu8,1
Reme//jnjme79,1
world kuw833 is open it is open,0
/me Bgl pnlpdt,1
/msg ffeuswusgjwrjnxl B'J:99rd8f,1
Rm is just a word,0
/me cs/n LATES,1
/me run now run now run now run now run now,0
can you open door?,0
dont go to MOTTHER they spam gamble,0
/me help me in gaybatnjr405 now!!,0
/me vend at bt046,0
how to get gems.,0
/me QQ=WORLD58401,1
/msg alx4f3ktcspbpcm5 Bej_E::WORLD62179,1
/me x1em/ReME,1
/me why am i stuck,0
/me turk/B G L=WORLD54255,1
is csn banned,0
minimum price is 6wl!!,0
Coach common,0
/me m'in,1
/me D_L|Rem E|G.A.S:REME=3H95M0544,1
/me QQ=WORLD32353=REME=BLUE,1
/me T U R K TURK,1
rate world elinrbcpll4 ty,0
/me C.S.N=World89925,1
pull q4i5c0bvtfx1b4w9vk please,0
/me C SN LOSHV5799,1
/me BGL,1
/msg fjs1ndxgptvl Bj WORLD78458,1
gkxbqrupdhl,0
Switchable multi-tasking knowledgebase,0
/me csn,1
/me B-G-L=wng5x0m!!,1
/me gsspv7h=buj30,1
Universal client-driven open architecture,0
not every csn word is an ad!!,0
/me BJ 5P3ND1,1
hey try IN01 if you want,0
/me BJ//qq=ixtgok2,1
/me QQ//casino/jljg0500,1
/msg lobkxLySrRd8nsHdwxW4zYfvjszDHA D_L in TBCTD67C,1
lets join quest in wrr567laf,0
come build minigames at NGAIOM247 ty.,0
/me C:Sn:ktghgo287c,1
/me QQ=B_J WORLD75175,1
price check please?,0
/me A5A9JGBEV=bj,1
/me QQ=g1zic1k5n6,1
/me W.L//h4p9,1
/me w/l=H36775M054,1
join my parkour nt2ph9s now,0
wrench Cjkvnhosv2Q7Gpbhcemapan1,0
/msg QTEFY3DHINFAIV my world is ishbhqsu46 if you want,0
/me Bj|Csn|9 @$S=z4oax,1
baglejgma1624 is open ty,0
ACESYH173 open now if you want,0
need 1 BGL change.,0
/msg Veaezqoxnduylgfuf1U1 Determine note behind son xD,0
Better prevent break tax large save out one form education?,0
we play maze this round,0
/me BET//M.I.N=4C0J6CMLY7,1
/me Casino cs_n//ohmsod327,1
thought here chair=362dl,0
/me owner here,0
/me JOIN DL g9uqwgs,1
we are doing minigames right now,0
buy table for 14bgl!,0
/me BJ WOL5RAF,1
buying public wrench msg me,0
/me CSN//GAS=mola7374,1
/msg umi4cxmyf4o1q1yjz4aynfyt Dl::Evi4Mj0A,1
/msg mxnfyjh0w0l8f1ugh4ae BJ=FIWKLCO8,1
TURK owner is o4xxhpnr lol,0
how much is 1 WL,0
/me Rm=QQ=p5olq,1
MIN//WORLD8502,1
/me WL=wgp45h,1
/me CSN,1
/me Q-Q::Lr2Xr0Pllwe3,1
what does casino mean lol,0
/me how much is this item!,0
/me Wl//5h037emm,1
ban Ayr8O8Nhhpxxfwf0Dwovbsqmesxs from world lol,0
/me M.I.N/Bgl/Dl/Bj Wl,1
/me R.M bj Bej//e,1
join to my maze 355M4R0UCURCH92 need help,0
rm uttntbtfmbzudqxebn from access,0
/me B g l//CSN=1H4UFC0HA7,1
Compatible solution-oriented toolset,0
world owner Y6XJQDS1XLFOSONHRMR8LPPCD0LS?,0
WL shop/WW350RL9!!,0
is CASINO banned,0
new minigames open in 4ny0836,0
/me TUrk bgl d1,1
/msg NOK0T6BUL8 wnczngvuraxe,0
TLRE97O has mask xD,0
/msg swn7fooec4l4moux Bj=he751mmt,1
/me bgl:rem3,1
csn means blood increase maybe!,0
H12Hemmo open now guys!,0
/me relog wait?,0
password changed,0
Far begin we deal who fast step another imagine adult human any!!,0
/me B J=M1N-m6iqk8bn,1
clothes shop at nyg3vl,0
/me Reme | DL | CAS1N0,1
/me B-G-L T'U'R'K zor,1
rush bro rush bro rush bro rush bro rush bro lol,0
go XHNAU8 for policy platform,0
doing challenge at 7R30Y014DM,0
/me OPEN DL WORLD81054,1
/me zgfusq60uyc Rm,1
/me REME CASINO QQ,1
/me change WL to wls,0
ccccccccccccc Mbczkhfspiy xqhsmdjwrvkjkr????,0
/me CASINO:znwgsjpgri,1
/me N8QCPHEHA:Wl,1
b_E_j_e/tab,1
/me Q Q!=CynX1a14,1
hey enter QCPB4SECAC need help,0
/me miN//9aS::REC1919,1
/me DL//RM=o9usbemw,1
/me R//M,1
hey come siing bro.,0
jump jump jump,0
/msg oixhhjkgowwkplcb CASINO=Xdjhrep2,1
brb :),0
/me CASINO:tzllabmzc6,1
/me rate world S7FuI21,0
vend at 1EX1VILZV80 fresh crystal.,0
/me BGL,1
/me WL=world53386,1
professor portal 541/wl,0
Campaign state :),0
rate world H4MEO when free?,0
/me can you go XX32M0 pls?,0
can you enter W00RL5347 bro,0
/me G-A-S=H53504,1
gamble ruined this game,0
/me lightblue pants 18 wl.,0
/me C$SN//q5mvnkwv,1
CSN TURK:WORLD16067,1
/me hesmosa10 | CSN,1
testing race in WUCDUAT7 anyone?,0
/me bgl//puab401,1
/me BJ/T/U/R/K/R/E/M/E/BJ/44bg9kg9JGDx,1
we are doing race in this world guys,0
/me 73209l0::REME,1
/me SELL FHPDZOLOPTIS CASINO,1
/me 7Urk$5 MIN 0worlaf5867,1
restocked market TT7016RO,0
lag,0
/me Csn Bgl B_EJE,1
too many reme bots?,0
/me FREE qQ=HAPGENYKKF49H11,1
/msg SVN8JKVDNYN0WYP4 QQ looks like random letters,0
/me GO 7URK-W0jJRld7160,1
/me C.A.S.I.N.O:turk kkifgfx,1
/me BJ/b'e'j'e==rgt3363,1
/me miN|LHVVFD7,1
To drug no there,0
restocked market athsayeddett261.,0
/me PLAY fur7hfiabo bj.,1
cool farm.,0
/me RM=bEje=8G1=DL=nstciuo8,1
/me rEME//BJ=WORLD95631,1
play television in strat3769!,0
/me reme WL Xujf2e,1
/me playing parkour before we leave anyone?,0
Stuff little item your fall,0
/me wl/WORLD79180,1
/me REME=8i5odtsf9a,1
/me turk=6nonzfz,1
go go go,0
/me QQ,1
/me CSN=bgbtuad8564,1
/me CASINO:M2WJwsDWjH,1
/me MAVRTJTZW2:W/L,1
/me BJ//Turk//zcs6i4,1
/me min1,1
/me BGL CSN Wbr25X6B,1
/me CSN,1
/me is this world public?,0
/msg jrdmdhr2gbhn CSN=52jq7lgazk3p4l,1
/me w/l,1
/msg ORT2WXRBHKLTQ9VXSHL9 RM:rgovciy8vv,1
/me csn//BJ=WORLD93160,1
talking about csn is not same as advertising,0
buying fossil msg me,0
/me GO HTER6NOYAM CSN,1
testing parkour in XW11ORL,0
lets come play games in MnP795?,0
/me BGL,1
/me Wl WORLD31751,1
DL shop=less064!,0
/me WORLD55730:MIn,1
/me bGl,1
/me Ca siNO//CSN/SEMAOR517,1
restocked vends hemsoaaa43.,0
/me B'E'J'E:WORLD19113,1
CA01G owner is JXF2DIJYDLNOXZJ7F5CCTS,0
/msg S2Jfnmmwncivbbnpluwopmby REME=WORLD57853,1
/msg kqxadklzphbmt8p3x6oc B.J//min//bGL//bj//revk4368,1
come play parkour for fun!,0
/me play event in LYN59,0
can you try hem89s need help.,0
wRL191L owner is IYVLN6VRIFTEPWW8I0YYLKYTF1Q8CM,0
/me C SN/BJ h57emoosa,1
farm shop sozproje90?,0
join my storage called he7emo ty,0
/me CASINO K3Y4976,1
CSN//0r6cpv,1
/me BET//osape59,1
/msg F8JGCXAOFVB5PVI2CTWTL1IANA selling item for 303 wls,0
access given to slyqdys4iqmplevkk6ceq5y3a9,0
buying song msg me?,0
/me avoid WHO3LD it has gambling spam?,0
/me builder:DypOL1ppghL5mq!!,0
/me DL//COLOR793,1
i hate casino,0
ban eyv7euzwoey6irrdmbep from world,0
rate the puzzle in yar4,0
/me Csn//HJ330M30,1
/msg ksl7z1gfjav9tfh5aip3 move move move move,0
someone named world herself154 said QQ,0
/me wIN WAREMACTES5 REME,1
/me CSN//WORLD112,1
/me wl8//gsf6vima,1
/me Q$-Q:MIN/HM640,1
market EWQM5?,0
visit my parkour called R22V00 please,0
/me W'L bec,1
hey look at HEEM20O when free,0
/me r11v=CASINO,1
/me QQ//6zgkle2,1
/me Rm=Rm,1
/me b/gl|WL|udijdc659,1
can you try qrs54 please,0
rate the games in tgsgluun1365 guys,0
/me vxljgdaouteqnvx!,0
someone said qq is like casino,0
/me MIN,1
/me Beje BG1 MIN,1
/me GAS//Casino 0BAVDAL028C1,1
/me MIN//OSA7675,1
enter DESCPERFO44 it is open,0
come help at wlr7d when free,0
/me reme//AR794,1
/me dl,1
/me CSN n073nu79,1
/me jba4hi|BJ,1
/me qq/WL Y0G4Yzmm,1
lock=33/wl,0
/me Bj-BE'JE-csn=77537r0y4m,1
/me W1/W1/W1/W1,1
Multi-channeled 4thgeneration standardization,0
go L2UMA for wall,0
Development mean voice just,0
/me push push fast?,0
/me PLAY WL:w6tbkt,1
/me BEJE//CSN//WORLD22175,1
/me csn//L6SCF2J,1
/me CaSIno=O4Xvlqs,1
/me t/urk//HESMOSA9798,1
/me CASINO:dkr1sk,1
is cSn illegal,0
/me REME CSN 6ZOZK65YY0U,1
hey see M6PZ46J guys!,0
/me Gas=SAYDUCG75,1
/me W/L lol,1
/me c'a's'i'n'o CSN beglabo471,1
can someone help with out technology,0
/me BET//82qj7LIzc8,1
turkish world xem3l.,0
rate my parkour called H31115M44 guys,0
/me CSN,1
/me CSN,1
/me REME:N1VB4LXPN619,1
/me B E J E/DL adofhe1,1
67Q7I0Fzrz owner is fduqtqbprgnlzlwogwtycbz3kviw?,0
/me CSN=WORLD54225,1
/me qQ,1
can you visit C10 ty,0
rate world T6UGDFZ?,0
iwzypdpbizmsllg6tw owns this,0
/me CSN CSN WORLD62000,1
sorry thanks,0
/me Q//q Wl r8y1u1cx,1
/me NOW CAS1no:WORLD89395,1
/me m/i/n|bgl:fru1m0,1
lag,0
/msg i8c1ubz9mctkdy C5N1=HLI2O,1
why people type csn?,0
/me QQ/CSn=WORLD17262,1
hi,0
come here?,0
/me B G l//qq1=argue19,1
is the owner here!!,0
join us for minigames in rcakbegr736.,0
/me D-L=ruyzti,1
/me visit my farm called EVERYONE it is open,0
L6Ehjwc3Usjln9Kcyltc keeps saying casino?,0
/me rate world ml5ynd pls,0
where is thousand too result.,0
/me lets build games in HOME048,0
vend at p1l0j57y8 mask?,0
wrench j0swjrqbe2v9tpniroj3rso7,0
doing your at FORCE6,0
enable cross-media e-business,0
/me CSN=icuaxv184z4r6i,1
buying pepper for 16 dl,0
my world is ka5fidmurl bro?,0
/me C.A.S.I.N.O mmsa03,1
/me DL//aff7,1
tdejgnvm,0
hi?,0
/me rm rm,1
/me Qq C_A__S_I_N__O WORLD54335,1
lets try maze in 73R0638,0
does anyone know maintain enjoy through,0
vend at w0L4114F small surg tool xD,0
password changed,0
trade vending machine 221per wl xD,0
doing minigames at homage6!,0
/msg WBDXNLFXTMJCZBCNZHZ3RX rm join Mbmymzqs,1
/me playing maze for fun,0
TU//RK/R M/7URK/W1 e6323wcgf,1
/me dl//RemE I9REW8U,1
4C7NQW0CA7R open now.,0
come come play minigames in this world,0
/me R_E_M_E,1
casino is annoying!,0
meet at CERTAILN for Minigames!,0
too many CSN bots?,0
Evidence development goal amount avoid pay go at number upon.,0
/me c.a.s.i.n.o=kvtkj,1
/me c.sn//G@S EXACTLY09,1
/me T_U_R_k//CasInO9|CASINO|Q-Q mwzfr8of,1
/me come play expedite distributed e-business after farm,0
cheap shop at ahgswdsq0!!,0
thanks?,0
fun puzzle in XGTKU1157,0
/me REME./RM=grentryl44,1
/me help with brand distributed deliverables in RINVJ9563 lol,0
JOIN TuR_K/WORLD54968,1
where can i farm,0
rm! Draw15,1
do it bro do it bro do it bro,0
/me B.E.J.E lluma09,1
help with race in ETR45!,0
do it please do it please do it please do it please do it please xD,0
look at the world called m9osa250 now,0
restocked clothes shop vipsnb!!,0
cheap saddlebrown geiger at xeemo18,0
/me C//.S..N=tero0y2am,1
/me R-Eme GU75M0CC5,1
/me C//A/S'/I/N/ O/wl IrGyfQpM,1
jump jump jump fast,0
/me Casino=world78513,1
/me DL::MIIOMEA64,1
playing minigames Already who company,0
/me Rm=Gas/TURK//WORLD73934,1
/me CSN CSN,1
Senior care something political?,0
/msg BBXKXDQGIDX0IZMRFTSSC8F4KSWN 9@S=udi7vycg,1
/me CSN/CASINO xNMUDwnuWR,1
/me DL CSN pgpcfdghpt,1
0Z67R4 owner is oMsmOiUamFrLwaLz!,0
/me QQ=UJvTHxW9x,1
/me CSN!,1
/me np hello hi yo,0
G-A-S=WORLD70066,1
hair : 20/wl,0
can you follow to bulhapvaapodgl208 now,0
hey look at CLASS2 bro,0
/me d'1//D64D355T6UT,1
/me come build quest at 31NNX4,0
f4o9l6g1tqgpfzfx owns this!,0
need show doors paying 2wls lol,0
/me access given to YznAQafjoWmklCglgmrc!,0
/me M.I.N//CSN=SQCB9516,1
/me why people type Reme,0
grass block 270 dl.,0
/me B/E/J/E/Q Q:WORLD42507,1
need recognize environmental door paying 20dl.,0
csn/bJ,1
join games Organization girl according whatever,0
Rm/RM=F0R611,1
/me CSN CASINO,1
go ygrc5371 for surg tool,0
i hate Csn,0
can you visit w0c0l it is open!!,0
/msg OZZ7ZYWHVMOQE1V6EXANGC QQ why door closed?,0
Bj,1
Drive three?,0
rate world HEMO489AS it is open,0
why people type BEJE,0
go until for door.,0
/me CSN FOU,1
/me REm:E R:M B G L QQ=05Ctr244H,1
/me qq -> CSN//bdn7xvr,1
G A S/R//M:W0RBL7D2531,1
/me Q-Q/R'E'M'E DISLITTA01,1
/me Bj=CYTye3,1
8gl//m1n=H40EOMSXA,1
/me vends at h14emosa.,0
/msg tozqbacri3aqnyxho6 T'U'R'K=WORLD30162,1
/me MIN,1
my world is mEL72OO need help,0
buy GAS mask 2 bgl?,0
/msg J2Utt3Ddssxu CASINO=te506orym,1
/me Gas:9A1NWONPXB,1
/me CSN,1
/me csn//TLPW96YX,1
/me BGL//gas Rh5wz,1
/me QQ//510hxug1nc,1
thanks?,0
/me CSN=WORLD36632,1
go h35m0540 for lightyellow chand,0
CASINO//cle,1
cheap shop accepts DL.,0
rate the race in nf6zy,0
/me Min/Dl=GGVUBKK8551,1
/me DL/CSN XOG111PL,1
/me b.eje:HM33072,1
/me BGL//flamed26,1
how much is 1 WL,0
/me check the world called hesmta567 ty,0
hair has MIN price,0
RM/R-E-M-E s4h5z4l,1
going to race this round,0
is REME illegal?,0
wo93orld has navajowhite blocks,0
selling technology technology fish tank 172dls,0
push now push now push now push now push now,0
is this world public.,0
world EIFJHXI5224 is open ty.,0
5174zb92=REME,1
/me T_U_R_KE=REME/3mzf02s,1
/me BGL//RM=WORLD47151,1
how much is this item,0
/me CSn/9qo0zpp4x0f6,1
/me RERWITRADAR6358 CSN,1
/me wl/D'L=b3szebzd,1
REME=BEJE=hemosaa18,1
/me darkgray wall has MIN price.,0
/me MIN=M.I.N=hem28os7a,1
/me CSN SONGSFAMI19,1
/msg C3SNCWODSQUIXAIWPL join map right now,0
/me Tu rK=bzzrgum,1
is csn banned,0
playing games if you want,0
/me Beje at HJiRrogmh,1
/me Qq:nudeem,1
anyone want to run on mesh compelling solutions,0
pull wlnazgdtcyl8zskkfjv2x0lz please,0
/me Csn=PERFOR573,1
follow to my farm - etyrmv23 bro!!,0
/me W..L//W0RL4F40,1
/me M/IN Qq085,1
/msg Gyj6Hbmugng5Bcwmg3Ezmzpygmfh m in=VGT631,1
rate the parkour in TPPGYS84,0
hey come YANKE9X now,0
/me rm ter1o,1
/me WIN reme//q6soniv,1
/me DL -> aborpen3905,1
/me CSN=0rl3FA,1
anyone want to run quest with friends!!,0
/me JOIN G_A_S UHYYYMI077,1
/msg Iiprtefxjij5P3Rbjqwrkgvyomv4Aujz bJ spam is annoying,0
/me owner of VIRTCZEEN7 is fadoqrx7etdhmlb6bvhxncmheh,0
visit H3M010547 when free!,0
/me bej:e,1
does BGL mean anything,0
/me QQ DL,1
do it do it do it,0
Cs.N:worhus263,1
/me WORLD28549:CSN,1
/me RM x83m04238,1
i hate casinos,0
cool farm,0
/me CASINO//B'G'L=nrj8w1,1
/me DL CSN csN,1
need mother bait paying 2/5wl!,0
/me R- E. M  //E:HEMCOSA71,1
/me NOW eceorpw BET,1
/me CASINO::SEECU434,1
fun somebody in 73263R0,0
Degree half month,0
/me PLAY windmfgb29 REME,1
where is ago seem from.,0
fresh fish tank costs 3 gems,0
/me WL/g'A's n2n7puaap,1
/me g a s:CSN/reality,1
help me in h8923l please?,0
/me OPEN B//EJE==MOSA8,1
/msg zupbf6q2 CSN WORLD16580,1
mod is cNkNV3zmB4e6N6MrnVqbF7,0
/me G_A_S BGL=Wupb31,1
/me Q_Q R M:SDAELBZF5G4,1
come my world LC5JUFF6016 ty!,0
can you get banned for csn?,0
/me BUY R'M WORLD37347,1
brb,0
someone said CSN here!!,0
B/E/J/E//WORLD53326,1
selling dirt in TiNksOlhaRacK046!,0
/me run run,0
/me Bgl/MIDLeYpQvwz,1
/me min?,1
/msg Mub5Z3Yyywifqofwyj BGL PJS2G6DOP8,1
is casino illegal,0
/me T U R K=87MRL,1
/me TURK,1
But wide religious build finish wait,0
/me CASINO//m I n=qzxcf,1
/me TURK=WORLD40587,1
/me GAS//CSN=bddzrzqsi5786,1
BJ=WORLD84767,1
/me FREE bGL-kiiuchibjqhah,1
/me Rm QQ=hemsa3956,1
come help at LZ5LN6I8I4 need help!,0
need these water paying 682 /wl,0
/me Min=b e j e=RM//vivascarhi249,1
/me Wl=atxijuo0hr508,1
/me G'A'S!/Qq//TEROY8AMM,1
/me CASINO WORLD72484,1
enhance transparent infrastructures,0
vend at TERO9363 break chair,0
/msg U5Y2Mopbxx B'J=dzirbun1d,1
/me TUR K CSN WORLD62007,1
/me beje,1
/me Wl//WL=F5UPN1F,1
/me CSN r M Bj M/I/Ne PCO284,1
Could involve structure,0
/me b'j-73n5ur14715m3r53372,1
playing minigames when free,0
/me CSN/hemsosa723,1
/me HEMFSA51/Turk,1
seed shop directi,0
relog.,0
/me tURk-dl-dL 8g3w6wln5xjopm,1
/me W/L//WORLD23425,1
/me CASINO DL CASINO,1
dont play csn,0
/msg bWSHYetEQ0XkxMhlFbu5XHkfDZSyz0 QQ=MO282SA,1
/me tURK csn/Qq=TO8,1
/me Min|Min|Min-L1YV9,1
/me CASINO=s7lwcd5wg13r7,1
password changed,0
/me R'M CSN H34144,1
/me DL,1
report CSn spam.,0
/me why am i banned,0
anyone want to farm quest Balanced zero tolerance infrastructure!,0
/msg iqy6zcgcdbasoeq7ouizor BJ=WORLD4416,1
Almost but note?,0
fun open-architected zero administration ini in 71M4RQ4512,0
/msg gohlvuy2jwsufitpww CASINO=dsxzvh,1
hello,0
play parkour in STA0339,0
/me doing games at back,0
/me CASINO//30RL5D,1
/me NOW W0RL5274F C-A-S-I-N-O,1
/msg oyyen0ezzwrzxmmdexhyq5 Qq=worllaf87,1
Itself throughout election financial near,0
who wants to run optimize value-added architectures,0
/me casino:MJNNKYI,1
/me G:AS=I7dKQMd9aD,1
/me R.M/MI_N=hemusa250,1
selling lavender farmable in hnwdq25.,0
/me Qq//Qq,1
who owns this world.,0
/me dl,1
HEMSA7945 owner is trckurgnt7mqi9pv,0
/me CAsInO==ztz4dr,1
does anyone know bad term from!,0
/me join my world 8116CJS9VG6 if you want,0
/me casino//worl692af,1
/me WL WORLD91564,1
/me Rm:R:M BJ,1
anyone want to come play event in this world,0
embrace cutting-edge paradigms,0
does anyone know three support,0
/me Min,1
anyone want to come play minigames with friends bro?,0
owner here,0
help me in heme32o if you want.,0
testing event in PRej!,0
/me BJ w0l864f,1
see this world called toug28 if you want!,0
why do people say gambling,0
/me buying full hair 94dls,0
doing harness leading-edge markets at STUCSAYFBSDZ47?,0
/me hurry hurry hurry hurry fast.,0
/me new world 7R3300 guys?,0
/msg VaM0bUr4PJy9Yi QQ=w0rl1d,1
/msg hcz3zja0daf6 CASINO/MX83F,1
my world is EBMDAB0CS4 pls,0
/me BET nmk5z6kz Min,1
GAS mask 1/3/wl,0
/me reme m4n4g3m3,1
Cover own southern another such develop continue.,0
/me W-l CASINO turk Casino=sggmeat4,1
/me QAYNN634 Q-Qe,1
/me CSN/QQ WORLD78177,1
casinos is annoying!,0
/me B'J TURK,1
/me beje:JPY257MA,1
/me geiger shop open QOYJYZ8260,0
i am back thanks,0
/me jumpjumpjumpjump :),0
/me CSN=WORLD5086,1
qik38 is open now!,0
who wants to farm minigames ty xD,0
geiger shop open ABOO8,0
np,0
can someone pull me,0
come join near if you want,0
/me door id is 8427,0
fish shop open choi0027?,0
np,0
CSN:Reme WORLD76578,1
/me QQ:Z0R41308,1
/me gas gas gas gas gas fast.,0
someone explain casino,0
/msg DKQLFWM3GAX7JBY1PJC6CBM2 8EJE=C/S/N=(A$INO PB84RuA,1
remove access from Ycm4Czikw8Avb6Lw?,0
who wants to try games.,0
/me casino//CSN=3U1KYN,1
[Rm bj Dl reme=f2orl,1
/me BJ//D$l//qq//QQ HHMEO4A95,1
OUTSID8380 has least song.,0
BEJE is just a word.,0
/me come my world f0b1bcl24 when free,0
main=j8nWNGg2CPUzXWt9,0
rate world RAMED306 need help,0
/msg Wrjbzceyc9Kah4Jp REMEQJPENSCGM6,1
/msg fNmjE7QjvYudOhhUpYnShu CSN:STRONG1135,1
vend at m381sa recognize major background,0
follow to our world called fdqie82 need help.,0
/me 8Gl/DL/Uzd6JY,1
/me ynl80ovrr=REME,1
rate to the shop deep ty!!,0
lets come play power in te10qro please,0
/me Gas Q$Q c_sn dl,1
/me B_E_J_E min,1
testing parkour in WOR795HLD.,0
/me bj=0K96SA,1
Recent field arrive life level pull drop charge us chair.,0
/me r'm//WL//G.A.S:BGL:WORLD66833,1
SMGT2JP9 open now pls.,0
/me WL//D_L=scuraborrud17,1
restocked weather shop ERIESRIVER9,0
come to the farm hes7osa need help,0
owner takes BGL or wls,0
my world is C6PL6VZGH7 please,0
/me gAS W L 9ES4CV1T,1
vend has fresh gas mask for 3gems,0
come help at R7V02I need help,0
/me Bj B'GL qyzqq6x,1
afhbrengc iiiiiiiiiiiii.,0
/me please rm access,0
relog lmao,0
/me BGL|RM|3Hm05449,1
/me csn|MIN|tURk//ZROAMCTQN4,1
/me G-a-s=D1//D:L=WOL7TRAF,1
selling partner eat hair in B3358LLLH,0
BJ:wxf2i9ptu,1
reported csn spammer,0
np,0
/me BET,1
my world is ALHOO9IUI need help,0
np,0
/me FAST BJ:WORLD22064,1
/me Ga:S:B-J GAs,1
/msg njdswux6j7wrpfnongpum9 8EJ3 3r3750y4bm,1
/me BGL,1
how to get gems.,0
fun triple-buffered incremental software in mos6aa,0
/me cheap shop accepts BGL,0
come on come on come on come on come on now.,0
owner is gnvdlhp5u2k2,0
/me bgl|b j|WORLD1570,1
/me CSN//W0RL221,1
/me gambling spam is everywhere,0
how much is 1 WL lol,0
xljgdaouteq,0
/me BGL//rme|MKEELO210,1
/me CASINO,1
/me TUrK/r34l860,1
/me CASINO,1
Should decade scene change each,0
help me in hhmo5 pls,0
ty,0
/me gas,1
DL CASINO CASINO,1
/msg B2MTOYV2EKJWJ7JZNMA8J6HCVFGJ Casino=X4JG4PJQ,1
rush quickly rush quickly,0
vend at 7RLF seeds.,0
who owns this world!,0
/me DL BGL Turk,1
need grass for farm.,0
/me t'u'r'k,1
hey visit Hotel5640 now!,0
rushrushrushrushrushrushrush,0
/me Qqa7u9rps3,1
/me block shop at Sa943Pyar,0
/me PLAY (SN:WORLD55315,1
/me bgl//D/L==HEM0OZ,1
selling pepper for 6 wls,0
/me M44osAA=ECURITY711=FPJ77SUVV,1
rate kzfqgf when free,0
cbqyasfo,0
/me CSN/CSN RIO723,1
sorry,0
/me fsl5i9x2w BJ,1
is the owner here,0
/me buying powderblue vending machine msg me,0
/me Casi_.nO Min qgjcgu,1
/msg K2Ehjybxp9Talglwl9Emdyndz1 csN Uldofjqp,1
TURK2=033051c55dn,1
/me QQ5:WORLD967,1
i hate csn xD,0
Bgl gien16,1
oiwonio vmaneyrfv!,0
/msg fdqkk5tfbduknl q q=C.A.S.I.N.O=USXOM5,1
/me RM//4EPUYEILR2OH,1
meet at PEORY712AXM for progressive responsive encoding,0
where is white door,0
g64rwcdt owner is plJdoNvXlgWR xD,0
go my world mibns0kcpdd when free,0
help me in TGKLKZ854 pls?,0
/me np,0
need wheat block paying 1/16 /wl,0
fhllrjeqvrjgt :),0
ban n5p4oMgQR0a0qCM7UUCuCm from world,0
/me Casino:WORLD89186,1
/me we are doing challenge for a minute?,0
my world is TERO57YAM guys,0
/me CASINO//b.g.l=ygpzlsbino9742,1
follow to my storage called 9213c it is open,0
/me T_U_//R_$K:NAQSHG,1
why am i banned,0
/me w-l//BGL=Ry8Dn0Ql,1
enter my world hesmosaa260?,0
R_E_M_E//X82Eo,1
meet at 73C869R0 for race xD,0
Optional actuating open system!,0
/me BEJE/WORLD21021,1
/me c/s/n//g'/as//QQ//d/l,1
/me turk//Wl=WORLD80511,1
meet at ESGMO637SA for maze,0
/me B J|Csn:a3x6vndl,1
/me B:Eje:BGL:R_M,1
/me DL h3M054346,1
selling fish tank in W0R68L,0
come here and build parkour?,0
Coach evening figure,0
does anyone know modern,0
i need a door,0
/me CSN | CS'N9,1
look at to the world H3K05473 ty,0
/me C_A_S_I_N_O/Bj WORLD93719,1
harness viral applications,0
clothes shop open OLVNWJHB6,0
going to event with friends,0
CASIN/O9=gr4m3n7c01,1
/me QQ lns5ixa2,1
/me R3ME3=VYthxmet1n,1
/me cAsINo:W34N3D45H915,1
gas gas gas gas,0
Religious baby,0
/me d6nopyrb36 Q-Q,1
/me CSN=ifvmm0y,1
/me testing games in Bera5,0
hey visit 26bb88 need help!!,0
/me CSN=e55mo,1
/msg u8PDpKLbXYm8FL Wl 73R71RR0,1
/me b:j:JNU73HFM49,1
/me Dl/Nqqazeywr,1
/me CASINO DL,1
can WL be a name,0
/me CSN:WORLD69923,1
/me vqvwvjbxtt:rM,1
lol!,0
/me REME/reme,1
new world SXVH10 need help,0
new world PRESEN3 need help?,0
/me d.L:WL//tet429o,1
/me CSN HOEL,1
/me Cs_N//wwcu2txq,1
/me join my world 1D5CU5507 guys!!,0
/me CASINO:6AWYER412:REME,1
/me DL:h28emo,1
/me qq Hf63muH,1
/me 8:J WL Casino WORLD29610,1
testing maze in o585rdl!,0
/me b ej.e,1
/me world yymt01 is open bro!,0
come my world h07emsaa if you want,0
/me REME//HEMO476M,1
B'Gl==WORLD97331,1
rate the map in dky883b anyone??,0
DL/DL/DL/DL,1
/msg Wmc3Gge6 R/M-Casino=mind3763,1
relog.,0
/me jesgsrtnqtm,0
/me R'Emerhcack06,1
lol?,0
go E266RO for wrench!!,0
b-e-J-e:snepHpROvjoiNrIEd8324,1
M.I.N/J2Jdcwyqj9,1
join to the world uxa9 if you want.,0
/me CSN CSN,1
/me Reme//KFKIIS5,1
oksonzorfa cksvjkvgxanp,0
/me CASINO//g-as=wn2w93c7,1
/me BJ=ati3lbd3,1
/me BGL=n5ex6477,1
where is owner,0
/msg M1Bayvaeeu Bgl:WORLD94247,1
admin added cpcjrprpr1cxg2rahsv2,0
B.J,1
/me G A S WORLD54204,1
T.U.R.K:Tt1E3O11Wi,1
follow to my storage=H8EMMSSA now,0
wrench Cwhdwyi7Vrziq9Whq9Xmz7Wefy xD,0
/msg plf2hoqpuyrmdnbvbf CSN=WORLD89186,1
/me rm. mhC7pfO6R,1
Friend part science prepare start turn together board forward few!!,0
/me QQ:MIN|WORLD60408,1
Partner rule end down conference property box recently offer.,0
QQ:R3ME=Cdgvc6Xu,1
/me clothes shop at BRASHBFVBLIO282,0
tuRk/W7Cqh0O5N,1
where is white door,0
relog wait,0
rate world POSSLI2 it is open.,0
Rm=Turk=RM=rter334oya,1
/me Bg/L,1
/me MPELO4=QQ,1
RM me from access.,0
/me TURK.//G:AS=WORLD91324,1
Ergonomic next generation knowledge user,0
can you follow to 743r3 when free,0
buy pick display block with Wl,0
/msg pymiv2q0x3nfk5 Q-Q:MIn:WORLD75698,1
/me c-A-S-I-N-o//cn93xb7j2lpl,1
/me qq 7bqWP,1
/me M IN//D1 WORLD28215,1
/me QQ:nlvtsna,1
/me MIN REME BIL79,1
TURK/ReMe,1
/me c.A.s.I.N.o//Ccufv9Drie,1
g-as 2zjd3ky,1
/msg cdnwrmo2g5hhtbankqcwzubhu9zj TURK//B J//D L4/wwwdid,1
Universal secondary info-mediaries.,0
Dl/CA SIN0=WORLD47728,1
/me r e M E RGXWFV,1
need new gas mask for 11gems,0
come help at m0545372,0
join us for puzzle in h35m059474 :),0
/me CASINO WORLD2127,1
/me h043m054:BJ,1
/me B-E-J-E//vik5,1
/me W.L c s- -n/clemmainsyk77,1
/me BET/CASINO oR9L,1
come help at MLPMCRI6B if you want!!,0
rate the games in 4xm6vrnn7,0
BGL?,1
/msg Qgb7Twcqrgjoc6Gcrhjztd why people type CASINO,0
/me RM//C.A.S.I.N.O//dl//t urk:55s10y,1
/me C'S'N:302uGYw3cg,1
/me CSN//CS N//B.J h7clcg,1
/me testing event in pcxfmu6,0
/msg Crrmthetiov0Y9Scow Casino=WORLD45951,1
/me QQ/DL WORLD70262,1
join my farm called 5rbwb1 need help!,0
how to farm,0
/me CSN//b'j=w0p8d3,1
DL shop - qllsy6865!,0
/me W_L RM,1
NOW DL-PH57EMOU,1
join e-enable intuitive networks for fun,0
new puzzle open in H6HEMJ,0
/me need baby sign paying 957wls,0
how to make wl,0
/me reme//b6w0te2wbs1,1
/me c-s-N|rEMe|C.S.N l5qyrsl,1
/me QQ=tUrK 1wbJ9Po4k6,1
look at my maze - H3M53234 now,0
seed:11dl,0
/me FREE qq:OMSA9,1
playing minigames for a minute,0
weather shop at enp731rrescoile.,0
B_GL VTBLLNJ1,1
store at en7xa31,0
password changed,0
/me GAS|D.L|bgl|b//j=HEMS0A4,1
csn means operation maybe,0
/me wortkjvn35wb b_j,1
/msg gkx8eucur8gwmmteg8 Rm=lp2984,1
/me CASINO rii87ovv,1
come play minigames before we leave,0
world h32775m054 is open please,0
/msg B8ZNX9WQJ9VRMLYNM6 GAS join WORLD87780,1
matrix web-enabled markets,0
/me ty,0
buying door for 77gems,0
where are you,0
come play map at s05wbpuv ty,0
/me C$N!,1
/me csN UNDER39,1
Bg.Le?,1
hurry hurry.,0
restocked farm shop agmi xD,0
/me CSN,1
/me RM//BGL//BEJE 53cur17y,1
meet at mind for games?,0
move move now,0
going to quest For decision visit operation movement husband little,0
/me c.a.s.i.n.o5|gAs|WHORLAF1,1
BGL==Oe42onE126g,1
comeoncomeoncomeoncomeoncomeoncomeoncomeon,0
/msg U0TMRXGYAYXJN0WKFURA rm:h073l4c74,1
come help at 7XQ314M0 ty,0
/me wwtrgicjp49/B J,1
R3ME-i5vo,1
MIN looks like random letters xD,0
xjcudphd gwzlweyffwtqo idk,0
/me w-l/re-/_me=Z549934,1
/msg K5Gbg1Yjoi CASINO=OWOLGO60,1
/me Reme//gas//CASINO//RM//democ6,1
gonowgonowgonow,0
/me CASINO=trilmrep6,1
where is owner,0
going to parkour with friends.,0
/me RE$M//E:Casino-Bj=rxvrzefp,1
/me CSN//uu11gb,1
/me REME//W36ZORLD,1
/me T:Urk/XsM2a9MX2z7,1
we play adult after farm,0
/me bj,1
access is xxdkrpe9rxiv lol,0
/me BGL=TurK=MIN=R_M GAS,1
/me REME=DECEQX,1
/me r/m//BE/JE WORLD41463,1
/msg BCJKAPM4S5MFMGNVPUQ7FQDNUXPM MIN//R/./M//R/m//(Sn=172673R0,1
dl:O9Ra56,1
/me QQ WORLD14303,1
/me Ca/Sino2//Q:q=Yjihpvcgg,1
/me Beje//zlgr415,1
world he893sm7sa is open pls,0
/me CSN//Rm=KAPHNNALL8,1
/me help me in tra810 ty lol,0
world owner VABWV4QBJKMBM5,0
see to our world FWL13FMCUS please,0
/me M1N,1
help with event in film,0
/me B-Jr0loqzrcs,1
/me STT422E=BJ,1
/me CsN 1ed5zwi5g9,1
can admin RM me,0
/me B'G'L//BEJ3 c//4sino,1
/me CSN CUSZOMER46551,1
what is the price,0
/me help me in dullecmo272 please,0
/me CSN=VNAM65,1
owner = qmVwegwZZcgwX6iSyJa9h1QO,0
/me BET,1
BGL=mpikycs,1
/msg PSVEDVRCH7IBV9AWSY CSN|H145H35M054,1
/me admin? sorry relog,0
rate world MUVEE0PZJK bro,0
doitdoitdoitdoitdoit,0
can someone help with green,0
M1$N-turk=Xqittu,1
/me M-IN=WORLD40550,1
/me q:Q/CSN/rjvkt4zfnd,1
/me CASinO,1
world JYDEF3TTB is open pls,0
/msg L4HoBXukyx buying darkkhaki laser grid msg me?,0
where is system live,0
/me CSN:catkico42f,1
/me farm shop at HEEMSA8!!,0
wait,0
we are doing chair for a minute :),0
gasgasgasgas,0
/me PLAY 50R888LD BEjE,1
C-SN g_as HMTOYUW65,1
x2Xemo open now please,0
come help at H356M474 if you want!,0
/me CSN2//Dl COVE9117,1
/me help with parkour in BIRRMEG98,0
Ever base happy hotel oil,0
remove access from T1OEGQHFIXV4MER6W3GQM1TO,0
surg shop open minlkkk58.,0
/me CASINO BGL 5884FS5,1
Diverse 5thgeneration middleware,0
movemovemovemovemove,0
lets go now lets go now,0
/me CASINO/X4933M0,1
/msg Sspcqjqfs5Tiwzcpyez8Xwup palegoldenrod farmable : 19bgl?,0
door id is 3835!,0
CSN:GEHDH2V7QYI,1
/me M-I-N::CASINO/zr064,1
is 18 bgl fair,0
gas fast gas fast gas fast,0
store open he6msa71,0
beje-r-E-M-e 9k4wh13hfamh,1
why people still do casino,0
jump jump jump jump jump jump,0
avoid BEJE worlds.,0
/msg wtnsbfouryhom9jr REME-SJTER,1
/me Cas.Ino/GAS NIDEED3,1
/me W_L,1
/me TUrk enti03,1
/me TUR K open WORLD68408,1
/me wrench p4ggfms0oeikvluemdn0f1oelz,0
come here and come play minigames,0
owner is YRL2UYSQMUEAH0WYDLAAFY,0
/me BGL QQ CASINO,1
/me WL//CASINO=WORLD43385,1
/me Wl QQ WORLD52288,1
gAS is just a word!,0
W//L//TUr//k//WL HEMO3SA,1
how to make wl,0
Y5hnQZlRRpfexuR3a9oqIi owns this!!,0
charge charge,0
Pln5Zojxk7Queypbfnljm0Sy is talking about CSN,0
/msg MEH4BKPHD3RBIA CSN=ICKEUBLYPALMCOURTPFLO4,1
R'MWORLD30020,1
/me R M//rEme=HEZOGBI4,1
owner? lol.,0
go go!,0
need doors paying 75dl,0
/me CsN//DL=Te60Ro,1
/me wl=735m054,1
/me BJ pls,1
minimum price is 33dls!,0
/msg TYLKGXWKMIBIH9WEN4WTYTXYMQ QQ=W0902RD,1
change wls to DL,0
/me TURK//DL//CSN//b- e /j  e//hoemosa08,1
/me talking about casino is not same as advertising.,0
remove access from Jfnrbhqzd2Obz0Lifp.,0
/me B/E/J/E/R-M=wggw95fogeb,1
movemovemovemovemovemovemove,0
come X11Eobb bro,0
/me GAS h335m05y54,1
/me CSN=jor5r4c3,1
go stshu156 for block,0
/me D//l,1
/me B$J=CA$INO:M .I.N8:GA-S=AGA4,1
/me CSN CSN DL,1
/me FREE W960Rld CSN,1
follow me,0
/me TURK//Qq//LAMIDHV39,1
TOZMLO693 is open please?,0
/me charge charge charge charge,0
does CSN mean anything!,0
pc magenta pack 4/18dls xD,0
/me W.l//dl=WORLD16890,1
join race right now,0
does BEJE mean anything,0
/me TuRK dl|C'A'S'I'N'O|RM,1
huivej,0
/msg pslcawtvbyffroearuivs6u2dx REME=n77gulucq,1
come here and hang out in write,0
/me BEJE t59eoryamb,1
play challenge in coalamsu73,0
dont advertise CASINO,0
new world F745 pls!!,0
hello can someone help,0
YNWCB721 open now!,0
/me CSN//bGl=FGK146,1
/me QQ=C_ASI- NO//wl==UYTVV4702,1
Alone certain popular in subject out however,0
/msg VMRVFFJWOVPZPZALYSJDCGYSGL Turk=Mi-N::B8kxioT,1
/me re_me,1
vend at wolr5507 fresh lava,0
/me REME SUnZYk,1
/me M:In//he1mosta,1
price check seed 85 per wl,0
who has access,0
come my maze - xemo7 please.,0
/me b.g.l//sdmp861u8sc,1
Optimized motivating installation,0
how to farm!,0
we are doing event with friends.,0
why people say BGL,0
/me BEJE Reme:Dst9Tycfp,1
need rock paying 14per wl,0
/me REME=rqh3p2x3,1
/me CASINO/WORLD53806,1
Extended motivating access!,0
lets test challenge in OWRLQF74!,0
/me do not join BEJE,0
i need a door!!,0
WORLD98628 DL,1
j1omcxgahlj1gmaca5 owns this,0
/me come help at kfdrdc66,0
/me REME H3572305O,1
hey enter ml4o.,0
portal 13/wl,0
/me C A S I N O CASINO 4qiqdtet,1
/me R M CSN PRDAL1,1
help me in hemsosa2440 pls!,0
/me Turk//C SN ax6mczn,1
where can i farm,0
/me CSN Orl56F,1
come on quickly come on quickly come on quickly come on quickly,0
np,0
need world key 78wl.,0
what does csn mean.,0
/me xzydcz casino,1
dont go to abk46xs they spam CSN,0
change wls to BGL,0
Turk=WORLD30089,1
/me Q-Q//CASINO! B3J3,1
Successful behavior game,0
/me BG1//vclua326,1
cheap program wall at MOSAA32,0
repurpose real-time metrics,0
/me qq|B.GL|sutkc8v1,1
/msg vuxbfPEi go now go now go now!!!!,0
/me reme Trav400,1
BEJE|WORLD41079!,1
ban casino bots,0
kgqillpghbyz,0
i need a door,0
my friend typed MIN,0
RM.|csn]=Rbr4Vqi5,1
/me Development or season wrong wind religious all field song interview,0
need 1 BGL change?,0
selling sugar cane in xmzstu97,0
/msg ddc8egn2cgjztspwfvyo QQ for cxk2h23m8k,1
pull NGS9ADJ8A8N9DZH9Q3DI please,0
/me ('S'N=Hemo301O,1
/me REME//CASINO=SAJLO51,1
/me (asino/WL/DL,1
cool farm ty,0
charge charge charge charge charge!!,0
block shop izecbbcplkpzf2179,0
/msg lceynywnfulffgi5tbglrvhtgeg0 Enough center without suddenly past make,0
/me JOIN min//377m21,1
selling farmable in sdidy,0
hello,0
/me m-i-n//zz0r44,1
/me relog.,0
Them five avoid my color!,0
/me REME,1
i speak turkish xD,0
/me FAST (Asino==56scwzew5pwp,1
/me BJ be:je GRWOLA148K,1
laser grid 49/wl!,0
hi.,0
firebrick seed has MIN price?,0
he said casino but not advertising?,0
restocked fish shop k61hmsa!,0
host is Iiuhb4K6Fmcbirpdv8L1P3Zp!,0
/me CSN/CSN lLw4rze7R,1
/me CASINO,1
is 278wl fair,0
nnnn.nnnn iyrwmbczkhfspiyr!!?,0
/me C//ASINO//BGL WMGORLAF58,1
/me Q_Q/GAS/t'u'r'k/BGL=I5EEIFJG7KP,1
i hate csn,0
/me Qq open wyh9lkzmt,1
move bro move bro move bro move bro move bro!,0
come here wait,0
Ball culture raise current,0
go my world called grbotou930 please lol,0
/me TURK:FHENNME3,1
37r0032 has crystal,0
yvwlpwr bbbbbbbbbbb!!,0
pull sctlwxlek3ouewsvi6kg please,0
help me in OSRJJB7910 please,0
/me REME:b3pfj,1
pink checkpoint = 33dl,0
/me G.as:qq|W_L=EH4O,1
/me main is ijl2a1zkrthmfqxzhkm9!,0
/msg MSQCD1ISBPONVQ CASINO=098W0RL,1
follow to MUAMO921 now,0
CSN//mfjvirst167,1
/me WL/tur-k=WORLD84901,1
block shop at FuN8D,0
look at Z3M024 it is open,0
maintain glass pants 17wls!,0
/me CAS1NO:ocfzdpgtxqp,1
/me CSN/CSN wm0rl4f0,1
/me CASINO::9m229t,1
/me cAsINO=NENUAPBSF,1
/msg AHLWFCYKDUP3PDRFCDTHRWLWV4XZ ty?,0
/me MI:N/TURK/q/q//Hh3M0584,1
where is vend,0
go to the shop hesmola9?,0
need help with farm,0
/me RM MIN hbesst89,1
testing maze in 7W3950,0
we play maze if you want,0
meet at sicen for games guys!,0
/me BJ:tur_k:CASINO:REME,1
kick GPWIM5KQO7DXDD,0
/me C/A/S/I/N/O=XFZO38J,1
/me rm GHbXbBh5LdYMkDL2hBPoUE from access,0
/me BEJE=Dl::xgu0odl,1
/me Q'Q on teroaym523,1
/me REME w02j6xckfwun9p,1
GAS=Qf66V1,1
/msg tnkyg5w0imhtm3chbvy0 b e j e jmWC7paR,1
/me Bj qq q7rxk2go,1
minimum price is 2wl.,0
is BEJE illegal,0
/me BET cas.ino=nhazzc03rwx,1
Polarized regional capacity,0
vend has chair for 3gems!,0
/me MiN r18eemoSa,1
world 0NL74 is open it is open.,0
TURK TURK TURK,1
/me Reme now WORLD33170,1
doing race at 4PEYJU ty,0
/me can i buy this,0
QQ=CYR9573,1
why people still do casino xD,0
/me gas gas gas gas,0
/me m i n=WL!,1
store XYT60!,0
/me DL/receive6973/M'I'N/Can,1
/me G/AS|G/AS,1
/msg zni8wjjej3f2epvp Bgl-MI:N-BJ:WORLD31476,1
/me Q//'Q:B.J G:AS8,1
Seem manage window professor feel morning,0
/me what does casino mean,0
come help at EAT now lol,0
dL shop hesm915osa,0
can you get banned for casino.,0
Tax social produce politics cup pressure reality drug different xD,0
/me B J/Bgl/GA-S//NH3M03632,1
rate world EM409O please,0
/me d-l,1
/me help with synchronized zero administration success in bwxzlh2,0
password changed,0
hurry bro hurry bro hurry bro hurry bro!,0
/me come help at pricce1 need help,0
come my world ANUSBOOKANC4822 when free!,0
Configurable 5thgeneration Graphic Interface?,0
/me DL9//BGL//QQ//BEJE=wrva68f,1
vend at QCCDOF8JS3 springgreen gas mask?,0
go go!!!,0
how much is this item,0
/me MIN kbcflur654cj,1
unfewzahbt kpgkxfweejt eyosgkxbqrupdh omg,0
/msg NSS4DmLfCsrqu0P7jWUajZ DL pdnllzmht,1
/msg X3WHO7DIAEROGWPW cas//Ino-btjckoxcxj,1
talking about casino is not same as advertising,0
come on come on come on come on come on come on :),0
/me CASINO 7pgz95,1
/me CSN WORLD82705,1
/me B.G.l Asbph0,1
owner RM LYC5EJQBT8LBBWDJWY.,0
/msg A0GBIHMWE3FZC9SG WL=world80758,1
Plan feel brother type appear international increase provide once sea something wear,0
/me caSINO/CASINO=BG1 WORLD7797,1
xpdilr6 has casino spammer.,0
/me WLLZ0310R4,1
dont go to TEROS351 they spam Casino,0
who wants to build challenge,0
q.Q:WORLD52322,1
come my world c794quz it is open,0
look at my world woruraf4346 pls,0
need chocolate pack paying 19wls?,0
/msg LCKBKDXOYPXED0QZOQG1OZKD Address old send he rate my top,0
nsxoaf91 is open if you want!,0
/me REME/t//urk nogzzdth,1
odab3gy owner is O8FrD7vyxzndaAF2dCSML0JDbf,0
how to make wl,0
/me qq is not always csn,0
/me Turk/G-AS=neroym9,1
/me G_A_S,1
/me DL.,1
CASINO LKXMTT5,1
rm b j beje,1
what is csn!,0
report BJ spam,0
/me come here and help with pre-emptive hybrid attitude,0
relog,0
/me GAS B_J=LHVBF53R706,1
kick HLFGUOVUMOBFNG,0
/me Qq RM:WORLD66833,1
/me 396:CSN,1
/me X3M074=QQ,1
world 0qr819ld is open please?,0
where is the white door.,0
/msg ahadubrtuqauxgokd9mdnrrdouesy8zcbh CASINO//JAWTARJ,1
go now go now go now?,0
/me CSN/CSN onKVSZIrQ,1
Before director find!!,0
join us for minigames in wworf0l please!,0
/me CSN9 csn,1
world 135M9054 is open now,0
access given to yqfgraufcedra4n6io,0
Candidate commercial item figure reason thing Republican live bit ability fast miss,0
anyone want to run morph scalable bandwidth when free,0
/me fish shop at ec081nsa,0
enter my farm called KZS78YMNH please,0
trade gas mask 80 wls,0
/me D L|D L|D L|D L|D L=WORLD79135,1
/me TURK/Reme IMP,1
/me Ca$Ino//w0By6t,1
/me can you go 770533ry0 pls,0
/me CSN cA.Sino//locpbh8cm31g6,1
selling crystal in gtdsjsofj3!,0
/me G-As=51C49Gee,1
Test quickly,0
laser grid:15 bgl,0
/msg yzfwkvybxuuennbufnhrtt BEJE=wnqla764f,1
brb sorry,0
/me 8r190lytxm7=DL,1
selling item for 24gems,0
/me rm deeVhgnFztXjJz from access,0
/me can you follow to 0N75UZB bro,0
come the world called h6hemo if you want!!,0
any TURK here.,0
/me CA51no==BGL -> lzc4als5s6u2,1
vend at A7 farmable!,0
/me BJ r'e'm'e lrqkrzmf,1
leader of oeve22 is xcvhskz2zvudmjgxozlfmasyb4dhsitjbf,0
/msg yxffyyh0u1rkv5ykl2zel2smmmbz Amount decade car medical use yourself painting bar since,0
/me bj//zyjo91wayf,1
Reme=p34c3140,1
ban ESyFlNhFc0oh from world,0
/me CSN,1
/me ban casinos bots,0
/me store open zoor798au,0
/me g_a_S/d.l/r_m,1
can you enter h43390 guys,0
/me xe50mo::QQ,1
vend at cainculv488 rare wrench.,0
host = sdgwnqx4jiafx4rbgl!,0
/me CASINO//L01EUZTC//wl//WWWORL33,1
playing vision-oriented needs-based concept this round,0
WORLD78897=QQ,1
hey see RECOGN,0
access given to ERWRSTXLTBNVN4S1,0
/me pull mzvjbmpra5z5xik7ihnyfpiohke5 please!,0
new world WORRLAF6344 need help,0
restocked weather shop zndncoun4 lol,0
M03L0 owner is Rzj7Vqqpafu7Vfcbu6L6N2Yqq7,0
run run,0
need trouble sign paying 84dl!,0
/me r.m:5QRWHCZ257,1
weather shop EJJZH4,0
/me play unleash dot-com supply-chains in JUST4519!!,0
Concern night by Congress trouble,0
display block in vend M0559704,0
/me RM BGL,1
Politics enjoy little reach group painting painting,0
/me C_SN=DL=00qmh071vg,1
/me Bej E:OFFICE349,1
relog?,0
can someone pull me,0
/me BUY BeJe=DWMJ4D3Z,1
/me QQ -> Casino:x7p6hwmoki,1
/me WL=woldd2373,1
/me JOIN BJ=ELSHER9198,1
/me QQ CASINO CASINO,1
/me remove access from b7clukyeh6okj2mxwba3uf.,0
lava costs 909dls,0
cool farm!,0
enter my parkour called osschewg360 ty,0
MIN price 800wlS,0
/me TU//RK q7m6i8p,1
/me CSN C@S1NO RM=lmbg1,1
selling item for 76dls?,0
/me WORLD49062=B.eje,1
how to splice,0
check my world called ENVIRON5694 pls.,0
we play maze when free please.,0
/me CA$INO//WORLD74790,1
/me Dl|B_GL|v2a69w,1
/me CASINO,1
QQ my friend Hwbbvvwyitexb3U1Shy4,0
/me QQ=7a3pC9a4,1
Simply bill environment close charge natural yourself.,0
geiger shop open teso8351,0
password changed xD,0
/me R E M E3,1
/msg Pxmwlzczlvvjqdyc csn=WORLD91417,1
y7j1QFiYo5NSZ5aiD8Hq owns this?,0
/msg zkt0kqjir5z7ryd4mifoa6c2ydox C5N=cpvlazbqa,1
casino is annoying,0
/msg e3xnoanwovo8fzrgowc5rtg6gl casino4=KMx1cG,1
/me B-G-L WORLD35201,1
what is MIN price,0
/me q.Q//cgvxnfk24x55,1
where is the white door,0
/me gas | BET,1
rush rush rush,0
doing pre-emptive content-based circuit at W00R34L4F7,0
/me PLAY CoLlegE6 CASINO,1
jump jump jump jump jump quick,0
my world is con8753 if you want?,0
can you check WORLUF990 it is open xD,0
/me B.G.L=GAS=x9qhi4,1
/me BJ CSN b6sweho,1
Energy television travel!,0
/me can you enter PATTIMM8 guys!!,0
/me buy song for 6gems?,0
/me CSN riverosth51,1
/me C$N-C.A.S.I.N.O4-BG:L=wwor64laf,1
/me Sell BJ/ZZOFRA8049,1
avoid CSN worlds,0
/me shop open ZDZHDU0UZK,0
Catch coach.,0
/me B-E-J-E|R.3.M.E9=E4XAWKST5,1
go now please go now please go now please go now please.,0
/me Q-Q//bj ZHMOG3LVM,1
/me TUR/K=MEETLAJL35,1
/me CSN=WORLD24357,1
anyone want to play perform for fun!,0
/me GKFPG173 BJ,1
/me Bgl|D'L|fptas905,1
where is the white door,0
/me CSN//csn=7L96G0cb9Z,1
/me Q:Q D'L c/s/n,1
/msg u6BGOkCnpNy2bvzVHbvH W-L WORLD97679,1
/me w.l,1
/me BglJELO079,1
/me BGL,1
/msg N6XRK1L2UN Beje R_EME==NHKLLELL8988,1
yo?,0
/msg byxwjlo5u0yhc0ybrcuulfj4ago9c5ikkm Gas GRITHOR0,1
CASINO:zo470u7bs,1
how to farm,0
/me SAFE5594=C$N,1
/me (a5ino,1
/me report BJ spam,0
looking for turk friends!,0
/me BEJE W/L:Teroyam3970,1
/me what does CSN mean,0
/me Casino,1
price check church display block 13wl,0
GAS mask 15bgl,0
/me CSN QQ,1
/me CASI/NO W0R13,1
/me B j Z03R,1
Enterprise-wide background forecast,0
owner takes BGL or wls,0
/me r-eme=WR173,1
eopy346 is open now,0
rm qgryd4gdfyu1zwlc from access,0
go SINM321M please,0
/me BG//L=CASINO::woraf69,1
hey see FS08BLR guys,0
/me who wants to run summer,0
play race in monoante2.,0
8Eje CSN z1ewgdu0,1
try to my shop W890ORLAA guys.,0
/me Casino:Pi07lsd,1
High hand whose them reflect,0
is this world public,0
/me Q/Q,1
/me GAS Min w84orlx,1
/me R/M//d//l//Q.Q -> ZORAILLISC63,1
g .A' s=reme=WORLD80764,1
/me CASINO//1R7V0414,1
/me M'In min kadccoym75,1
/me BJ BGL Turk,1
/me Rm//tUrK/TEPHBIGLGYSBU486,1
/me R'M:qQ -> mi/n//WORLA58,1
not every DL is spam.,0
why am i stuck,0
[CSN 43c6svdvibp,1
come the shop called H4443M0 bro!!,0
/msg Azozt7E9R0J7T2Qa CSN/WORLD69492,1
come lag i am back brb?,0
vend at Sound weather machine?,0
selling seeds in Hhinc625!!,0
how much is this item!,0
/msg u3m1opi6jvg0nvl7n6uxzi nice world,0
/msg Ljdtqglci2Sdbz CSN=WORLD52086,1
/me TURK tu:Rk|R/M|Csn|QQ,1
/me testing puzzle in JQLMD7490,0
world owner lfk4c6uquljsc4ztgebc,0
/me BEJE//r/e/m/e WORLD69173,1
/me gas:iyp0mSvvJ,1
hurry hurry hurry hurry hurry hurry,0
crystal 2dls,0
/me Q.Q=BE/J E=BJ=WORLD21335,1
/msg nqe6djwws7gzykb3zrt6rqsu rmOTANUur043,1
remove access from k4vyaskhqnlum9diloavuxot xD,0
/msg n7v2ysowm5e0s1rcbrgpz5i2 ga/s 538QSS1QZ,1
rm iryzokdksb from access?,0
/me bj=xougup,1
/me come my parkour:VENEXO018 bro,0
/me CASINO:WL=wr0lyf9,1
/msg w4h7jnf8h2wizrpojjwxagdb pjy3gl4489 is open ty.,0
/me Min-Mi:N//WORLD32586,1
going to games when free,0
/msg OQH9UBJIN9 b.g.l|R-EME TRHEO4,1
letsgoletsgoletsgoletsgoletsgoletsgoletsgo,0
join race with friends!,0
/me JOIN ORLAFT4 qq,1
Share song check be out election remember evening security easy!!,0
/me bgl//Bgl=JXLKNN25F,1
/me C5N,1
/me rm//bJ4 WORLD18057,1
world owner ddHGa0BtAwb8 :),0
/msg m2kwa4ppwemrrux5 nice world,0
ty good shop,0
/msg qro6rzu9bft6gcuwfe Ahead policy view federal establish partner,0
look at my world P4L3KQX93 now,0
/me Turk:T_u rk_5:RM,1
/me how to farm,0
/me reMe/W19//worlaf22,1
/msg Bgadxhmctplgrvf5R4Ldimth D_l=xe628mo,1
M-I-N8 capup4,1
/me 7urk|RM|M.In-q_q=1hemo6968,1
/me CASINO Rm,1
/me Csn:h810emopsa,1
/me reme/W1 H322M45,1
/me C.S.N//hemta3754,1
come help at XE121O it is open!!,0
how much is 1 DL,0
world owner fbegobisx7mugoa7pe,0
/me QQ:rhujwzrc68,1
/me Casin_/'O 8Gl//W'L//BJ 50c22,1
/me BGL,1
do it do it do it do it do it do it,0
admin added ntbpk7dkfpl8ceaznuaxgv,0
buying shake bait msg me?,0
/me go my world DPMOORRACKR531 bro,0
/me Dl=B G L=R.E.M.E=CsN==e7tqckt,1
/me Qq//2Wi2MXt4Btvp,1
Upon building determine agent claim community rich,0
restocked store Wora20 :),0
np,0
pc vending machine 5/19bgl?,0
/me do not join BJ?,0
/msg F9Tdjou5M6E4Jlm0Bewoz0Pg rEME open hhem46o,1
doing minigames at ma43intai!,0
/me MinHFWPJWBT069,1
admin is ahkzcfc3yfxdi3!!,0
(W/L-(A5In04:8nLnh1dQ,1
/me W..L Q3M0878,1
admin added KOCUUWJDM8MJWWPEP0XZQ8,0
come help at TERROYAM3856 when free,0
/me BJ WL:T000EO1,1
help me in mo4sa4876 when free!!,0
/me QQ//MOC9I38,1
PDHLCNWTIAFJZVME xndtagiqemrn,0
bEje,1
pull osclqvjzccwcxb please.,0
go now go now go now go now go now,0
/me bj=wr933of,1
looking for turk friends,0
Plan four meet large,0
go H3M035235 for level ago pepper,0
/me 7.u.r.k//E430MSSA,1
/me r.M=terdo40,1
/me rM open ayh6g2j6kk,1
/me yxrjuld=C/S/n,1
main is Bfbcm5Cf,0
/me QQ:y9qbw8hwe,1
/me BGL//CA$INO=MO75S,1
/me Casino//cyrv2080,1
CSN=WORL648,1
/me CSN pls,1
cheap politics sign at 8Opyb,0
Right-sized reciprocal capability,0
B9L==Min WL r'm=e774nxa,1
/me R M CASIN O J262JOo9S,1
/me D_L:D_L:D_L,1
extend user-centric technologies,0
/msg qtxcf0lns1lhxgld Reme-south71,1
run now run now?,0
go tpf3z8zyne for world key,0
/me be:je dl,1
/me PLAY W/L:Jxgxnjm2P,1
minimum price is 11per wl,0
/me MIN,1
/me price check empty chair for 918gems,0
/me is casinos against rules,0
/me bejE GAs BGL,1
/me BGL/RM=H31M02754,1
/me CSN//Manlyhsipx0165,1
anyone want to join games for fun!,0
/me NOW QQ::o1o8pH6l8u0bV,1
we are doing games in this world,0
/me G-A-S:mi/n M'I'N:rv5630,1
/me D L==Yaocp5D,1
w_'l:QQ=header26,1
/me TURK=IHDAKDW5ET,1
where is the white door,0
Meet together!!,0
/me GAS//gkx6plt,1
/me DL==Gas:troub6770,1
/me QQ REME:nxyos9,1
/me owner of w71r0lf4 is Uuwanwr4N0Ixwgywqzp8,0
/msg krbvrfgfkcty CASINO/qcz4mvf0y,1
can you check NJMUKPER491 please,0
/me farm shop at nosinki839!,0
owner?.,0
where is the white door,0
lets race away in STARMEM7851.,0
lets go bro lets go bro,0
look at my shop called est ty!,0
/me FREE QKTPLMO Rm,1
rush rush rush rush rush rush.,0
C/S/N=RM=RM=MNRBRL,1
/me bj=TUR-K=WORLD61124,1
nsuclsxhd,0
move bro move bro!,0
/me GAS is just a word,0
is casino banned,0
set water in vend energ86,0
someone named world mosjj8885 said BJ,0
/me REME kv2y83,1
lbbfr1 open now guys,0
/me 0lizy61150=CSN,1
can someone help with to group edge.,0
rush rush rush,0
/me QQ Qq K3501RL4F,1
crystal - 2dls,0
eas7461 CASINO,1
hello can someone help,0
YYYYYYYYYYYYYYY mmmmmmmmmmmmmmmm bvcxzlkjh,0
how much is 1 BGL,0
/me DL CASINO,1
/me play parkour in XM5O.,0
/me W:L,1
/me CSN//1kd34088,1
where is the white door!,0
/me BJ/csn/9as=WY5Nv(80l,1
where is vend,0
access given to ooeoohpcpzdr,0
/me w1 rm=tr443o,1
RM|bgl/CaSinO|ENX558A,1
come BEEA2 bro,0
/me g/a/s//GAS=WORLD79574,1
selling pack in WOR7997LD,0
DL shop - glass,0
REME worthgmlo66,1
/me rm//Casino cert,1
/me reme.=C //S -N -> TURK:SYMBAKKDTREL53,1
/me FREE XEMO07 TuRK,1
world CAROSESTYPY6461 is open pls lol,0
Smile drive employee south,0
JOIN WORLD90775 QQ,1
/me rate world m03954 if you want.,0
meet at H343 for team-oriented actuating utilization.,0
/me kick x1hcqtbsxax3wlpzjda5so,0
Implemented clear-thinking installation,0
/me QQ fbdnnma434,1
/msg N0FfuzDmWucbsCd5k2wUHXzH market open Hm351390 :),0
/me 94$|DL Gldgrb,1
/me NOW B-E-J-E WORLD95055,1
/msg I7T0AFY4ZBMMBPMBJ1CHAI b_e_j_e at MSOA1,1
/me grass block=13dls!!,0
/me C_S_N//(asino-PMFGD187BLR,1
/msg u3l2qxjjj1d0woc9dqbywkzzcu D/L at ipjxh2yua,1
need spring water paying 13wl,0
/msg K2W6Phjxb7Wziyewkhwdjsczpjh7 T.URK=W266NRL,1
/me DOSFOU98 Turk,1
/me QQ=1MZFWQQ8,1
does DL mean anything!,0
WO79RD open now pls,0
/me CSN/D.L:g'a's=KDFPGBWue,1
buying five dirt 96 bgl,0
follow me,0
/me Cs'N|ouumny94,1
builder : qbo8oshliev6yfinzq?,0
/me JOIN bgl=EMMAA1W3AD,1
/me CSN=vwj6bo,1
i speak turkish!,0
testing until in acaykkc12?,0
/me M.I.N j76oi,1
Dl=TERROYA00M,1
/msg e6dkits0g4 CASINO=RERJELRET9900,1
/me W'L//accou44,1
/me CASINO:C-ASINO=G/A/S=century64,1
/me Csn mmecr07,1
/msg yWcjrUBtX1Laejb9 Bgl=348qkiwnof7svi,1
bofymm265 open now bro :),0
/msg k0r3xsy7o1s5yq Beje::JE1J3,1
/me move move move,0
/me casino//turk=terodam265,1
/me RM CAS1NO c8g8vybz,1
go go go go lol,0
come HSEM73OJSA if you want?,0
TURK//8j jdvoo2fgo,1
G4S=fcpsa8izqs,1
CASINO CSN WORLD79303,1
selling rare crystal in EXMY293.,0
W L//lk1vgx,1
/me CSN:CHILD53,1
someone explain casino?,0
/me d L=BGL srnurrphgz,1
/me QQ==w0rl1,1
/me BEJ3 gisdro8,1
world owner xua9hljfrtbfddtlbkm4sozy lol,0
/me bgl=QHEM06SA,1
password changed,0
/me r//emE/b'//E/j/e 3isy0x4knsf,1
/me WL,1
report csn spam,0
/msg Tpwxp9M6 B_E_J_Etv505,1
W1=W1,1
WL shop=THE0!,0
/me owner of TEK2OO is YBL0BCHgbq,0
/me QQ==kc7kmua,1
/me D-L.=WL=him,1
/me GAS REME mzxymcv,1
/me G-a-S//Bgl NKU8GMLCK,1
access given to vygvckyqprsw,0
/me BJ::WORLD64571,1
pull uanes4fknixbu1ccw9za please,0
/me Min//H12EAS,1
/me qq=MIN cs:n,1
play map in wr4ld72,0
Customer dinner movie nation choose fight or size personal,0
/me BEJE:qrr3tab,1
vend at lose91 rare lava!,0
fun games in h0emsa ty,0
/me CASINO:beaajanif0,1
/me D:L//R_M//Dl=WORLD14479,1
jump jump jump.,0
/msg FXGTVTNQD7EVHLWXJ2 b-j//PYATT,1
B.G.L:OEZCZWITR5,1
/me BGL:QRaemw2,1
/msg MJN1I4GOBZZY Whose sense sing,0
door id is 2068,0
/me R_m,1
/me turk MAUGRN,1
come run map for fun.,0
BGL B'J 5DlkMdokx,1
/me Rm/16l04f,1
/me DL CSN emp3ix,1
/me REME/CSN-dpelz6pwi,1
/me QQ y8v79d,1
anyone want to test games for a minute ty?,0
/me wl/G45=onmeilz,1
vend at INDD115 peachpuff door xD,0
/me CASINO DL Ojq68D0Ix8Kk,1
/me qQ:ploopt05,1
BGL price check,0
run run run run xD,0
/me w/l=mo269als,1
farm shop open WNJLYC57,0
qqqqqqqqqqqqqq lol :),0
weather shop at muhin34,0
how to splice!,0
/msg n9i8fiy3qgmruvj0wv bj DESP7472,1
Type couple still experience staff,0
relog,0
/msg yxqhfrpgj4qoh7e4jn new world f25orce when free?,0
Court here act art :),0
/me 73r0ym8/b9l,1
National age decide may tax evidence measure,0
/me PLAY n91jqmln DL,1
/me qQ Qq B//Gl,1
/me reme//BJ WORLD53942,1
/msg Hlibylqaqfk2S3Hnw0Toljesqurov8 how much is share art new!!,0
/me isesc3 WL,1
why do people say casino,0
/me CASINO PROCON754,1
rush rush pls?,0
reported casinos spammer,0
hey go TELL please.,0
Real positive sometimes standard group throw there education,0
Where ball loss painting who live really center lay water season,0
WL CUPUT3130,1
/me GAS gludn9u,1
/me QQ WORLD2982,1
/me ca5_ino|QQ|B9L//iphml0kxs,1
/me TURK at hggtgy842,1
/me csn:hmeoise600:CSN,1
/msg pgiav6y7o5swzekztkeh g4s 4gtgul6ti3,1
re/me!!,1
Attack even person leg I man,0
geiger shop at sepicgsferen35.,0
access given to B5FXR4J7E9ME,0
/me many checkpoint in vend W86Orld,0
doing parkour at WJORPL05!,0
who wants to try revolutionize magnetic users please,0
/me C.SN TURK nmyje7a,1
Section type side?,0
yqbtJ3W5Q8LPvjAfBZs1PY is spamming csn,0
/me SQC7IT0FLE//bJ,1
/me BEJ/E jomob854,1
/me min,1
price check violet shirt 67wls,0
/me r3mE:JLXKUJ,1
/me CASINO AuUaWYV,1
/msg fbb1wvt7 W-L==ASdZisg4o0L,1
ty follow me thanks wait,0
/me G_A_S/R'M=WORLD44794,1
qq is not always casinos!,0
/me bj CSN WORLD45760,1
/me CSN CSN,1
someone explain casino!,0
Turk//m090el,1
lets go lets go lets go lets go lets go,0
Artist purpose safe fire when know cultural I!!,0
Dl price check,0
/me Dl tUrk WPPPPIJY964,1
/me (a$ino=hsg8pbn,1
/me C A S I N O=our22,1
/me b J-TURK-B9l//MOSA8,1
fish shop open afygq,0
/me m-i-n//CSN=p06w0rvd,1
csn,1
/me min::ILIHTLF2450,1
/me CSN u8untywcpm,1
is the owner here.,0
can you rate yWC5wX8m0 now,0
/me C.S.N WORLD35020,1
M.In//ypodwko4u5,1
Wonr339 has surg tool,0
dont play casinos,0
/me BJ//whethe78,1
/me WL|DL=RhQrT75z,1
/me Csn//M.I.N=6R1NRH1F,1
/me beJe//pvmet1xg,1
/msg A6LilNoShrvnLnpeO8AQ t u r k=q7x3m0,1
/me b-E-j-e=bb0rfnl6x,1
/me rm//R87FBYB5ZDSW0,1
CSN TEROYAM211,1
mod is Zgdftxdpu3Ewf1Dpbwe8,0
/me lets go please lets go please!,0
/msg Uag0Kypzw9E9Trloc4Hqaiwiucrnsc door id is 449,0
leader is p3ycxbc4ptkzflb7tv,0
/me GAS/B$/ G/$L te8r62,1
buying dirt 8wl!,0
/me BGL=M .IN=DL dibcj5dgh,1
/me NOW 4N0Blxm355 Bgl,1
/me csn=w090orrd,1
silver background 58 /wl,0
/me BGL:U5OSC3,1
/me BEJE=Dl:REm/e=Hh77635054,1
/me DL:h3306m,1
/me CSN,1
how much is environmental effect,0
door id is 731,0
/me R'Eme:xmsnfx,1
cool farm,0
/me Turk now qfqf734kjl1pp17268,1
/me B3JE//btx4n0l,1
/me rM!!,1
/me bgl-BJ,1
why do people say csn?,0
/me RM//turk=whose,1
/msg NQUSNRBQAE csn=ARRIV,1
/me qq-M:IN=maiu,1
is the owner here.,0
can you donate dirt,0
playing map right now,0
buying door 14dls,0
Configurable discrete collaboration,0
rate world HCEmo47Sa,0
/me REME.,1
/me Dl//CSN=MJWNEOHEJ6,1
/me CASINO Min w0r8lu,1
/me CASINO QQ o0lrrbf2v,1
is Casino against rules,0
/me D/L h33m907,1
admin of 0LR4F9 is FzC8ToK6L3Kl,0
/me rm=WORLD67438!,1
we are doing report when free,0
/msg ift6coj1ufgleynlryrxbwlvpfighb D'L=w7mq5wz1fd6t,1
remove access from u8jplrkefrizawrlt5m4u6uons!,0
/me BGL Osuktpgga842,1
/me Gas,1
we are doing puzzle in this world,0
Qq//avxg1i33je,1
Amount once class?,0
/msg IJIVNXCDBJR9F2W6H0 G/A/S in w599orl,1
come on now come on now come on now,0
vends at te08hzo!!,0
wheat pack costs 3dl?,0
go gw0rl43f for new background,0
/me (A5INO|cas1no:RDOKJGTN5072,1
/me CASINO/DL jMSuW9,1
cool farm!,0
join monitored coherent function whiteboard transparent e-services!!,0
ty.,0
song 19per wl,0
occur checkpoint in vend h7e45mosa,0
/me CSN:PAPI803,1
/me Qq=b'E'j'e//mmd544298,1
Bj-Mi N-Dl=WORLD44462,1
minimum price is 19gems :),0
/me access given to VUFNO3O8FCREPZNE,0
/me MIN 1 per wl for reflect reality table,0
/me CSN=reme//WORLD65287,1
what does BEJE mean,0
vends at aimal90,0
Listen necessary view team effort again whatever defense wear xD,0
/me CASINO:37500N0,1
is vend empty,0
/me FAST tUrK::KccX9,1
/me BGL=3730014,1
/me selling checkpoint in LAIV7!,0
how much is from it :),0
follow to my parkour called HIS0299 now :),0
/me fun maze in copyseemseem898 anyone??,0
need wing paying 105per wl,0
/me c-a-s-i-n-o:WORLD2730,1
/me D '_L-BEJE=WORLD91836,1
hey join BEHIN7 need help,0
ban kuvxwkt9b6b1xay3ys from world,0
does REME mean anything,0
buying mask msg me,0
/me need geiger paying 4/18bgl!!,0
VIWlsatdGJgjMD!,0
/me TUR K-qq:tya4ndd,1
lets go quickly lets go quickly lets go quickly lets go quickly,0
/me bgl/beje LVPRWA104,1
/me CASINO3==GA$=urqnQHo,1
can you look at AGE3 need help,0
/me 8G1/8G1/8G1|BGL/WORLD50459,1
/me BG//L/WORLD32401,1
Student listen early public brother name hospital generation trade strong?,0
/me PLAY BGL=e5536xd5kx,1
/me WL Casino/BxUDwz383XjZ,1
/me Qq//WL//BGL//R4Maupzmt,1
bvcxzlkjh lol.,0
DL//Rm=4iw8eDYk6,1
vend at H35M03954 crystal,0
avoid BEJE worlds!!,0
/me T'URK::Zxn70k2f2,1
/me Min:GAS q-q==nament0,1
do it do it!!,0
/me REME//WOUB3S355H49,1
restocked block shop IBLEJO6275,0
/me csn=BOANT030,1
go w0rr4f97 need help,0
block shop open 4APAKCVV,0
WL:Kcmuymrhx,1
/me Bj co251smnd,1
/me turK=WORLD51820,1
access given to Jyhlsejtmwn7Sdluj3Mox4,0
owner?,0
rush rush rush rush now,0
push push push push fast,0
/me QQ hem01o,1
/me GAS//Tearkhjp9,1
/me QQ:34HDP3UE01,1
/me CSN//xpe2xtq,1
look at the world - px3m0643 pls,0
/msg y4uprrz2ufx8ixqemobldlserkg0 G-AS!=DNYVOWSKN,1
/me DL=DL:PR351,1
new world 4L14H406G3 bro.,0
help with productize global mindshare in W0RL4F5,0
/me WL-CSN=1u0f7,1
/me CASINO/bj/RE-me8,1
lets try parkour in zzoora2,0
/me REME//Gas 3DL1X2,1
come here and farm games!,0
Quite training clearly improve set daughter,0
/me qq for w0qmzryb39,1
ffwokkzxhwdebf,0
DL shop - Ezqhvpu2,0
Century lose effort structure go response watch,0
need empty shirt paying 2wls,0
/me RM REME wl=WORLD71605,1
lets help with maze in 793l3r0y4m?,0
visit our world called W0O3RLL!,0
where is vend,0
np!!,0
fish shop at guy7.,0
/me W/L WORLD1029,1
/me come my world defen ty,0
/me CASINO!!,1
/me my world is SOEB9GWNJ guys.,0
vend at LAWIQH337 wrench xD,0
bgl price check,0
dL/B_J ETVAHX,1
pull r7c0v4mquvzbe5uscnly please,0
Wl=PGSUL2GAJ,1
/me how to get gems.,0
why am i stuck,0
/me CSN CSN WORLD39630,1
/me BUY (.A.S.I.N.O:jzv1pzoge9,1
/me M-I-N/few,1
Environmental onto man,0
/me ReMe//REME=SXX94,1
/me CSN QQ REME,1
/me dl//HH336EEMOSA,1
/me C-S-N/BEJE zwyrn8uvr3,1
need vend paying 884wls,0
/me my world is wssl910 now,0
Society cut position weight hear,0
C-Sn|Wl=WORLD30056,1
/me BJ:M/I/n:reme:ca-s.ino//mak06,1
Against middle young mother.,0
vend at nVTYyy2fK2 mediumspringgreen fish tank,0
come my world 95hbczgc87 when free,0
come come here,0
/me CASINO//Turk=WORLD60583,1
/msg lqtictmx RM|TURK oor8l,1
yo admin?,0
QQ|A9Qmjp4Ulp,1
wrench cxnvnyrcluauf5nepjewohl7dxg1,0
geiger shop corwixtquir22,0
/me w_l WORLD84490,1
/msg dmuklyhttgwjwpv9j4xjz1nbv8 b g l WORLD90484,1
need lemonchiffon door paying 813gems :),0
/me BJ WORLD60526,1
/me csN=KKYZC15M580,1
/me BEJ:E BEJ//E p7cjm6udv,1
/me go now go now go now go now,0
/me CSN==J8CXY1J1H5,1
jump jump jump jump jump.,0
/me c-s-n//rm=773R70YLM,1
/me B'J:Member2018,1
COM3i open now ty,0
look at my shop called 754ZMJ15 when free.,0
/me B_j 51GGH149,1
mediumturquoise pants 10dls!,0
play puzzle in H066ESSMOSA,0
Big benefit against during why.,0
/me selling mask in TER950O,0
new world HSEMOOSA2435 now?,0
Reveal mind require computer ago same,0
who wants to play event?,0
/me need event today portal paying 36 bgl lol,0
/me CSN.,1
what is the price,0
playing map in this world bro,0
how to splice,0
where can i farm,0
/me DL//WORLD37915,1
/me Bj=WORLD17686,1
i hate casino,0
snmonqmasvmgkqx?,0
Kind assume maybe,0
/me Csn hnBIsEIco824,1
o32W5rl open now bro.,0
/me NOW DL==1N04,1
/me gas|W l:2scyt5c8,1
access given to oKH8r4vwUurzAM,0
pepper = 5gems?,0
/me M_IN MIN AWAY4483,1
check my world 0Q674N0L when free,0
/me w//l X3M560,1
pc hair 9wls,0
/me Iwvah9Ae CASINO,1
/me d l for TERAOY07AM,1
is 11dls fair,0
buy chair with DL,0
/me q q//C-S-N=MIN:very90,1
/me can BGL be a name.,0
come where are you hello yo,0
/me WL WORLD23738,1
rate world M13JOOSa it is open,0
/me GO CASIno=tmqyyyih,1
lmowkhq.,0
/me B3JE/casino 2ayZLrq79X15,1
need help breaking blocks :),0
pqddrgnvrowtl pWkzGiBgoNSWrfhw.,0
anyone want to run games after farm please,0
/me BGL:CSN//xcrzhd,1
CASINO REME CSN,1
/me GAS=hesm7opa,1
change wls to DL,0
/me FREE pzsvet6u6vng Rm,1
Build serve year forward pretty without perform,0
/me gas/DL Ydz3aNfQk0v,1
Write any want house!,0
anyone want to watch puzzle if you want lol,0
/me MI N/DL//r.m=tgbnwanqz,1
enter the shop - nexxa8673 pls,0
/msg m7anV8Jf q_q QQ CA'S.INO tUrk/X3981M0H,1
/me qq now UIKG,1
visit the farm called mo450s it is open,0
new world 7SW0Y,0
/me rEM3:vvbzws1s,1
BUY WORLD93478 beje,1
/me world sjtpvvod8 is open when free,0
List loss box dinner group finally growth spend explain,0
/msg I5Glokejo7Bvn5Buytn3 bg:l=HESMOsA7,1
/me Gas,1
new configurable 24/7 product open in l4xg0pk anyone?,0
T44T3Ro=CASINO,1
/me BGL:B gl WORLD53532,1
/me D.L|B'J|Gas|c-s-n,1
vend at hemp95sa anything chair!,0
avoid hh35m05448 it has c s n spam!,0
world IW658I is open if you want,0
i am back brb,0
/me Dl,1
/me CASINO CSN ekwhmzo8zi,1
HM30543092 open now ty,0
world owner Hihcpkc2Lh,0
D'L/WORLD78644,1
/me buying especially vend msg me,0
QQ my friend skiwu3cvpxpwsg,0
where is owner!,0
/me Qq=qq he43msa,1
cbklreebsilfdmg lol,0
/me CSN mk1K6f7C,1
/msg atuklnl0g8njx3mp door id is 5797,0
play minigames in MESOM458 please!,0
buy peachpuff vend with DL,0
/me CSN Udlsh0098,1
CSN:dnkb486,1
/me min//l56qew7xwxzcth,1
help with virtual asynchronous time-frame in SIMPLOSS125 xD,0
MEV627 has full seeds,0
come here and play minigames,0
gonowgonowgonowgonowgonowgonowgonow,0
/me GAS//TCKE4397,1
/me CSN=wl::WORLD83310,1
ty,0
can someone pull me?,0
6z7h47l open now bro,0
/me T U R K:QQ/CGJKH26,1
/msg MNSYE0E6RW b e j e exp,1
restocked cheap shop HESMmO03SoA!,0
/me I22Q53 QQ,1
/me TUr//k,1
/me bEJ3//Gas//WORLD15262,1
join us for north in v4lzz0275,0
weather shop HEMOSA7922,0
/me c.sn:t/U/R/K:B-j//kfymko,1
/me MIN,1
QOMR9LD owner is MLKYSINLT7L8PTOGW9KAINVUG5?,0
check my world FR2EE5 now,0
rate the manager in 32m54814,0
/me CSN/CSN/B/GL,1
/me Bgl p1c41,1
/me 8EJE|Wl W7Kyf1Gmro7E,1
is 13wls fair,0
/me REM-E at 58zlk2O,1
help with puzzle in wora9lf,0
i hate B'E.J.E,0
QQ/Hx6Bqkdju3Iwk,1
/me PLAY B'J=47VADADCE,1
np.,0
Bj-bgl-beje,1
access given to NRZADEEBGXSDAYBA,0
CSN T9Eroygam5,1
world owner Lmczzhocxvij,0
check MY parkour called h10emsa7 if you want,0
/me QQ CSN,1
/me bj//WOR81LD,1
what means GAS.,0
/me Bgl,1
i hate CSN,0
/me SELL woRlD26653 CSN,1
does CASINO mean anything!,0
stop advertising c s n?,0
charge now charge now charge now charge now,0
/me Dl/C A s I n .O:h3183m0,1
too many Beje bots,0
/me beje//DL=Wbvxpzrk,1
why am i stuck?,0
go EMPO12 for platform,0
/msg lsa3ouheiurztlbivzpm Networked neutral budgetary management!!,0
buy public cape with BGL,0
System yet try various decision friend despite.,0
/me GA S|R/E/M/E|mmfwhnmj,1
buy seeds for 1wls,0
Reme=Ucddlrp7Nyvwt4,1
come this world=cinletvis535t bro,0
remove access from kUQIb3DkWRnyd7eWE9,0
check my parkour - HE730MOSA it is open?,0
/me CSN-dl-Gas-TURK-m.i.n=WORLD10303,1
/me how to farm!!,0
revolutionize out-of-the-box solutions!,0
fish shop open R8Xxafu2!!,0
/me casino H3M5390,1
/me c/s/n:M.1n=WORLD20440,1
follow to my parkour=L0U725L ty?,0
/msg Edzju6M7Diodsalikhw7 QQ M546OSA,1
/me QQ=I4KGPARWJKER,1
how to get gems.,0
move move move move move now,0
gasgasgas,0
/me any turk here,0
/me QQ::WORLD73797,1
/msg wuipedcbweihmi csn means read maybe,0
Suddenly gas even,0
/me m:in:X73M,1
/msg Hqo1Lhy2Solcrkoqnwe8I1Ok BEJ E on WORLD20695,1
Key energy that style!,0
/me REME-R M Njdmaliqd154,1
/msg O8UfTzBxtpogz2yYZ5nuhGAj casino is annoying,0
/me 9As=WORLD22529,1
i saw casino spam in C0L15M5G617,0
morph interactive infrastructures,0
how many wls is this,0
can someone open the door,0
play minigames in 225HQ,0
clcr451 has table.,0
can someone open the door!,0
/me DL:m481osa,1
join us for parkour in 12VG0!,0
go now go now,0
/msg nyndywvk BGL to HMESA28,1
/me REM3=Ta7Mc3Orja2,1
/me (AS INO:vZQXC4jC,1
CASINO,1
/me WHY:B E J 3:wea,1
WL price check :),0
/me ga5:ga5:ga5,1
transition interactive niches,0
farm shop at h99esmOsA,0
why am i stuck,0
3R0821Y4M is open pls.,0
/me tu-rk//CasiNo=zoar715,1
/me CSN=tkipangp462,1
going to quest in this world!,0
/me is casino illegal,0
/me DL BgL Elspitye5108,1
/me w1:gaS//WORLD642,1
we play games for fun,0
can you follow to 78ffspj5 need help.,0
cheap world key at XLXhesO99,0
pull BGO6LWJASNXPE0TACLG1MVAJUK please,0
join parkour for fun,0
hello nice world!,0
BcG6loZgy6lHk4fI owns this,0
where is let fly,0
/me restocked farm shop zoax0e53,0
/msg w5ylrof2rijf new parkour open in Risj01,0
/me CSN=XBTB6P8PUMRJIP,1
/me b j//CSN=WORLD1541,1
hello can sOmEONE help?,0
/me ($@$_IN0=cAsINo=V2XVjR,1
lightgreen platform in vend wworld5165,0
Finish true along bar standard line candidate very,0
/me CSN CASINO=WORLD40059,1
Manager left yeah herself.,0
/me G@$//D'L. lbxkt490n,1
/me Building across peace care family wind,0
/me RM//B_G_L//W44ORDL,1
D//L//khtxnltk,1
/me CSN MOSA2A,1
/me CSN-bgL=WORLD61217,1
/me Rm,1
surg shop at TFHNYKL9516,0
can you donate dirt,0
/me BGL bpvkzp9gyard,1
come on come on come on!!!!,0
new world 4ED57E9C,0
/me 9ASE//evo6gzx8,1
TWKLPHLLHRTCSOPEX4TPB9NM owns this!,0
/me QQ o30wrld,1
change wls to WL,0
new world SCe guys,0
portal costs 1 dl lol,0
check my storage called waj452 now :),0
/me G A S 8J e8ffwxlnz2,1
come my parkour=3jg3x5u04 if you want,0
see my world x2526mo now,0
R'E'M'E=jgqlonk96,1
pc salmon wrench for 6dl,0
Dydzhwfg?,0
/me RM:ejedayz,1
where can i farm,0
fun wear in 8swnfk1,0
/me BEJE=casino=CSN,1
/me CSN,1
/msg B0Pimahxqwhtr3X6Yzpdl2Wssw does anyone know goal toward war.,0
/me REME|qq=fdv7w7o,1
/me G45=x9uigrv2,1
who wants to help with visionary global process improvement!,0
kick svd3g1it xD,0
/me Bgl|Bgl|Bgl,1
remove access from WGJFIZRTJYKH,0
jumpjumpjumpjumpjump?,0
/me CASINO:BORN,1
hello?,0
move move move move move,0
/me R'M,1
/me DL,1
come run structure Nice imagine trip though name politics,0
/me WL/7303r0,1
/me Wl,1
background - 5per wl,0
world R791V is open guys,0
/msg j5t6i5apa8n2 who wants to test reverse-engineered contextually-based en lol,0
/me turk:BJ//SGSZBSR7130,1
WL price check,0
mod please check casino spam!,0
/msg bdr3vzfif4yqpvcg Less to project collection!,0
/msg xid1mngxpytabsuarfml r.e.m.e vxp6c76yk,1
/me owner? wait np xd :),0
/me checkpoint in vend THOUG9,0
door id is 4839.,0
/me mIN/feX9hFFice,1
/me C_sn,1
/me GAS WORLD70211,1
buying rare gas mask msg me,0
Suggest fast save ever officer travel include system way,0
/me g.a.s TURK//D_l,1
/me REME//kp8lzz1rzk,1
admin added bikgngkhx8tjg1p7ybo0asrtmfe3,0
gf_dsap,0
/me c_s_n CASINO WORLD67869,1
/me Go w2c1zrjlsc CSN,1
hey look at z4l1n0ckfumvf5nclwg267 it is open,0
/me TurK=acc2o27,1
/me rush rush rush rush rush,0
fun event in zocu437,0
cheap particular position sign at HEMO723SA.,0
/me GO CSN WORLD64231,1
/me Wl//BEJE//RIVE87,1
is 13 wls fair!,0
hurry quickly hurry quickly hurry quickly hurry quickly hurry quickly,0
/me QQ2//bessdb8,1
Enterprise-wide optimizing moderator.,0
/me DL//BJ=gojcoikoxo,1
/me dL//qq=M3L023,1
Stage hard country black lol,0
ablesxbwise0819 is open now,0
/me BGL/G_As=PULL000,1
/me Bgl|R_e_m_E:C-S-N:MRA9Y9D,1
my world is pol2658 now.,0
Project remain serve drive even only power!,0
admin added E7MPK0BTEYUWTHU8YASHNGUQW6C2,0
/me gas=w/l:M04264,1
can i buy this,0
is casino illegal,0
/msg dppkw5w4npdgvucpnzlgzpa1pf c_sn/LEFT1240,1
surg shop AMDILYI0W?,0
/msg gPonFyB9xAqLr2Fmr9LZyvM0lsV7 csnm6tpt4p2wd,1
/msg KARfy5y1lzsyqslh B/EJE=WORLD82494,1
can you follow to articl2 when free,0
/me Bj=A2O0Jzcj4,1
/me DL=CASINO=XME21O,1
/me ZYg301jbS3==BJ,1
/me beJe-CSN//LU06,1
world vi7jgg is open need help,0
selling GAS mask,0
shop MM268OQA,0
vend has wall for 12dls!!,0
/me DL pls,1
come on come on come on come on come on bro!,0
/me B-G-L3//csN=hems56ai,1
/me gas//ReMe//Casino TURK,1
/me new vend has MIN price,0
/me Q Q=eq710zq,1
how to get gems,0
join us for challenge in cainngccul33,0
come help at X3M0995 ty :),0
vend has cape for 49wls,0
go now go now go now.,0
/msg zuwmj5ykl4d2e7f2ta CSN=Ddoce9182,1
dont go to k4ma603 they spam c4sino,0
main=kdg1azdinba3i5a4ewogr8xibmg3,0
/me TURKE open WORLD35779,1
market open m026754,0
/me DL:C.sN Terr9O,1
RM//rEM3 -> BJ/i6w4m5x7q6,1
/me W/L QQ SEUS,1
where is vend,0
come help at PASUU9410 it is open!,0
/me DL|WL|W_L:MEWLO5,1
/me who wants to test maze,0
playing integrate robust channels this round lol,0
is this world public,0
apoiuyt!!,0
/me Bgl//CSN=WORLD84111,1
move move move move move!!! xD,0
/msg qfo7g8OruXYgQDNDhVZ5a5fe q-qAdb7828,1
go 1eel038 for block,0
/me Csn/remE avml6535,1
VZGNYEOIPOO3KCMXA8ZLT8CNP7 is spamming casino,0
restocked vend BROOK732!!,0
door id is 559,0
/me q_q=klv3j,1
/me BEJE:WORLD74587,1
testing night in Z0ORA,0
/me Gas pls,1
/me Q_Q/rm ZuulP5fvvgg,1
/me help with target one-to-one technologies in HMmO52?,0
/me CASINO apsqc6,1
/me QQ=TURK=WORLD58789,1
/me Bg.L//Min thanrots448,1
/me DL=zutl09,1
/me REME/CASINO eiodx5hqgo,1
move quickly move quickly move quickly move quickly,0
/me T U R K/Wl FISHBISACTED658,1
testing cross-group needs-based solution in gxsu532!,0
Min/BJ=gxbgz4v2,1
/me FR$EE cas/ino|micdickfies0367,1
/me rm=WORLD12560,1
/me OPEN PLGA149 BJ,1
why people type csn,0
/me B_g_1 B'G'//L WORLD44183,1
talking about BEJE is not advertising,0
/me these casino bots are annoying?,0
need fossil paying 1dls :),0
why people type csn,0
join us for universal multimedia budgetary managemen in GROU1.,0
/me QQ=WORLD70477,1
/me C.S.N//VuSfBnd2SPRuYG,1
builder:EMHAOFOXBF,0
/me D L//wl h2r6e7uk,1
can someone help with peace wide,0
doing parkour at kosheepcyn7853!,0
/me REME,1
/me Min rrivmtbi929,1
/me can i buy this,0
/me W L,1
/me RM m'i'n BE_JE,1
/me G@$=83JE/WORLD54441,1
np lol,0
admin added cqu8hitlp1zfuhc0t4as,0
enter the farm called RATEDFORI48 it is open,0
/me can you go 330M54517 it is open,0
/me 8Eje!,1
WL looks like random letters,0
hey enter BL00D7 please,0
WL//r.m::newS,1
/msg BROKgGiYcmmMqTVPfl CSN=N0J78Fhu88A,1
/me TURK|GAS=Reme=thratop5,1
access given to Uzdfitbik0T0C4Kbyboktschnp,0
/me Rem3//BEJE WORLD10915,1
/me Beje//nxea2887,1
/me QQ C5N,1
/me DL/REME WORLD93846,1
/me CASINO/BET makcv4,1
/me BJ CSN WORLD93814,1
/me Ca5Ino|Qq//p2PHhCy4z,1
hey enter NECESSA9445 guys,0
owner here?,0
Dl|re_me-pie,1
/me kick K0Woqqhncpk0O8Qfqnpgif.,0
BGL//big8111,1
/me NEKH1 MIN,1
/me cASI:NO 730ry4h187,1
/me Reme B.9.L=WEEK,1
/me Q'Q.:yay,1
try h3ef5mo now,0
edge is open now!!,0
buying forestgreen background msg me,0
surg shop mm05454,0
/me QQ wor9rld,1
Benefit agreement audience different country yard town floor hear culture.,0
i need a door,0
/me mod please check casino spam,0
can you get banned for casino,0
come hello,0
/msg cxivbvfykewsbwmwgfeqwurs qq=9458EIO,1
sorry thanks admin? come here?,0
testing games in GRAE324,0
/me BEJE!,1
/me min:WORLD57823,1
/me Q/Q//BREGIO,1
cheap background at WM2CK9H2,0
/me too many BEJE bots,0
/me BEJE/my0f0xdx7zab,1
/me Casino/MIN qwk5ipi0,1
hey check deson557,0
stop saying BEJE,0
/msg N2RCXBQLAWVPI7KHNEPHK0A4RL bejearoun077,1
need hair paying 1/wl.,0
CSN=91a717a,1
/me play re-contextualized clear-thinking middlew in PLAZCGI,0
Here practice mind usually indicate pick smile believe use attack crime room.,0
/msg aEPHL4OkJwtIqGmgk9UeZTR3 CASINO=WORLD84541,1
remove access from bsd9z8b5denorzbt,0
/me GAS 320evirzbg4c BGL,1
pull c8pkozrfsjiyctz5wanh please,0
/me REME/0W2RL4F258/Rm,1
Operation all perform effort,0
admin is Otota2Kgp2S0Cvm7,0
/me T/U/R/K CASINO WORLD30207,1
new maze open in podists0.,0
/me CSN=WORLD51518,1
/msg Hfcoxixsasfhkc R.M//D L//Bj//beje=includ,1
/msg t2hhovvunimyy9wsua Right-sized interactive focus group.,0
come try evolve seamless content at 4b0ruck9838,0
doors 843wls!,0
/me JOIN w8c8fs8 CSN,1
/me where are you,0
/me DL:pm8543,1
selling old grass block in 03l08854,0
/msg DGIKB2NXDOGVFSTXP1 CSN=h72eo,1
remove access from qauepbk6hau0r8x8q2u0hedv,0
who wants to join maze!,0
/me Wl|cAsino,1
/me Heluu1 CSN,1
my friend says qq,0
/me Be/Je b:gl/Wwayiv,1
check the shop called WINDD4 ty!!,0
/me beje::WORLD56576,1
/me admin? ty,0
/me TURK//Beje/SISTVI04,1
/me someone named QQ91,0
/me W.L//WORLD88270,1
/msg rTpHuMi7Fxe3avVcRuF8iLkke7moTl CASINO=worpg193,1
access given to Q3Ura1P6Vfsecptjjaeb lol,0
move move move move fast?,0
come my world TERO7OO guys!!,0
see to my world XOF8SK need help,0
yw182pl open now ty,0
vends at WR0L941!,0
join us for maze in 0251wr4f guys.,0
lets go lets go lets go lets go lets go lets go.,0
/me CSN//IX8H1A,1
/me CASINO BG L=WORLD50539,1
my world is CY54RAA it is open!,0
/me CS/N//CS/N,1
SHOTADEUR077 has mintcream crystal,0
/me GA5==ffj0yzg,1
/me Bj:terro863x,1
/me RM:REME:RUD3NC35LKF51,1
/me rEmE:C5_n:gas-WORLD25375,1
host is KCMCHAZDAEYMNUKNM7G5IR,0
/msg o1y6tgc6mdq6xhl9mpw1 BJ aLecWEPKM,1
clothes shop at Y95621JHUD6 :),0
/me Dl:7L3RL30Y4M,1
/me BEJE=pmy8yxn,1
join us for maze in bad138,0
testing box in vqnvxj113!,0
builder:zfofq5szq6lmjdtdgiu6zowye9,0
H279EMOSA owner is w4xnyxzfg2kohharo4jo,0
check the shop called lnxmxofi246 when free!,0
/me WL/Wl WORLD96716,1
/me csn=Q//Q=casi-no:B J/wwo25lr,1
/me ONYL1//DL,1
/me need blue background paying 5dl,0
/me PLAY minu2 CASINO,1
/me meet at PODNET3 for race?,0
rate my maze called H3M45922 now,0
/me B_Eje:Fmczkadf,1
/me CASINO XJ980hN,1
try to the world 0ff3rk29 bro,0
/me CSN-B_J-b__e_j_e//t4od170,1
/me gAS CASINO djbzvevvk7,1
/me Front career that!!,0
/me Rm=Q41R1M06,1
/me QQ/m'I'n FRI6410,1
new map open in HNE6MS,0
/me QQ 73r0y4fm3625,1
i saw CaSinO spam in 3hj04b58,0
go corvepurtia098 for military grass block!,0
wwwwwwwwwwwwwww,0
/me BGL=2X1Lt9Ozx66t,1
/me (_5N//heg7nmv,1
caSIno//BORN8,1
/me CSN//BJ=CNARHMMAI836,1
can Wl be a name,0
/me MMMOA0991:RE/ME,1
come join parkour at WORALF8978!,0
/me QQ 734C13423,1
/me Wl=hesmossa060,1
/me REME,1
/me m'IN=H355M0L54,1
/me m_i_n-qQ//qfkzkrduz,1
/me Rm//MIN=WORLD84897,1
fun map in GHECMOAS747 anyone?,0
/msg dixwunvuqioovkhvtg CSN=Cyr815,1
/me Reme=area432,1
/me REME C$N WORLD3854,1
laser grid in vend HHMS0A xD,0
looking for turk friends,0
/msg wKx3J6X8LKhyr2 BJ/Mk4dp4Qro16,1
pull CYE5KLAUURGSL2RKQVJ2G1Q9 please,0
can someone help with according!!,0
/me bj=he982msg,1
/me FREE RM=HES2MMOS8A,1
/me fun games in JI2ZVPV3!!,0
too many casino spammers,0
go bPcAG3!,0
/me bJ,1
/me C4SINO//q_q3=Qq o3x6pnjh,1
see poszoragr43 need help?,0
/me M1N|C S N|b e j e=REALLY,1
join us for minigames in worla840f,0
/me min mrjunueh,1
TURK friend thadmvcablscxvvi,0
turk//QQ//DL beje=Qs3E3R,1
/me JOIN CSN|WORLD10317,1
/me restocked market Z48G794,0
cheap wheat seed at SHOULD683!,0
/me CASINO,1
/me DL in 340uYFQqKM,1
/me bg.l:cgl0984,1
help me in INFORMA173 pls,0
market open NETLAIN2863 :),0
BJ,1
/me Be_Je=Be_Je,1
/me BJ//YrIFd1B,1
/me 8j|b_e_j_e 7Mr0878,1
hi,0
/me FAST FAST W L,1
/msg Hrzzrdcpmpxi CSN=rie00o,1
going to games when free,0
buy lime weather machine with WL xD,0
/me WROAF3072=CSN,1
/me Mi$N//CSN=Zw03cv4,1
/me BGL=CSN=QQ=fmm4yfh2nv,1
Hit industry treatment eat listen everybody spend stock create,0
B J:WO14RL,1
wrench ZjinF6Z1t3armjBbR5w8mF,0
push push push,0
can you enter teero5 bro!,0
doing user-friendly optimal methodology at axdm6319.,0
np?,0
/me 8 J/x9yd2xw2z14ji,1
/me Wl shop VULOUMSOA6,0
mediumslateblue laser grid costs 84per wl.,0
QQ,1
i hate CASINO.,0
come here.,0
/me Reme//Reme-WORLD59295,1
/me T-u-R-k-Dl,1
/me Gas=W_L=b'eje=7hH0UgH899,1
/me CAS1NO:ledaer,1
join four Care perhaps mouth interest box trade morning,0
/me PLAY casino H3M054711,1
xd?,0
fish shop 73R30ZY4M,0
can you get banned for Casino,0
/me Q.Q/auojut,1
host is awxgf7ktm3cyvtsaqgmah4x2xuube9!,0
Father knowledge during step fine thus fine stand :),0
Beautiful possible tend industry than media provide star order end purpose structure,0
/me HEW331SA CSN,1
/me REME=BYRASHMAKZB6C99,1
clean dirt in vend m86eo,0
/me 3SFfIpyYCs CSN,1
world NEUROTOTEGHE1 is open please,0
wrench e9i3vbdiz2cbbuw6rnct,0
/me 8-G-L REME IF9xec74Zzki,1
casino ruined this game,0
w1dgh8fagkdagtkvhgfitlbyqymea5gh is spamming casinos!,0
/me D.L//csn=NESSCII70,1
/me turkish world cosichy506?,0
owner takes BGL or wls,0
selling GAS mask,0
/me please RM access.,0
/me CSN//h2310,1
/me GAS REME WORLD25987,1
talking about c-a-s-i-n-o is not same as advertising?,0
vend at kpnnoiblylogy2661 powderblue sign,0
/me QN207AH Qq,1
GAS Csn-qq,1
/msg rlmegfczijwvrwmimgxstfkooch9 BJ=WORLD29422,1
enter my world tErwyAM5 now,0
fun southern in without anyone?,0
Key?,0
/me PLAY CSN:WORLD84919,1
go now bro go now bro go now bro.,0
/me CASINO:reme:WORLD75969,1
come here and try games,0
/me DL=W 1 B-//E'-J-E,1
is casino against rules,0
/me BGL:GAS=Riss9,1
/me ReMe/pekxa7825,1
/me m_i_n1 D//L R/M,1
/me R/EME-MIN=MATERI4907,1
/msg qbg6ptgntvoam6bqjauqmegf rm=HOLMJ9,1
/me CSN,1
report cAsinO spam,0
Positive tell now culture who beat,0
how many wls is this,0
/me can someone pull me,0
run run run run run,0
join us for parkour in w0rlk4f197?,0
thanks,0
hello can someone help.,0
/me come hang out in embrace web-enabled deliverables at rocrl3 lol,0
/me he8mos9 owner is rzifmludu6zaucc3hzlwyga6y5pg?,0
can yOu see CCMKU9223 need help.,0
/msg urpfmzgbhpu2 Sure newspaper pass president speak,0
/me turk CASINO SAYRLN383,1
shop at jkbmjh8nvs,0
/me ga$=F69ORDLAF,1
/me C'A'S'I'N'O=bkkwtgeif,1
visit ww7260rld it is open,0
weather shop 6Nlh9I2L6Q!!,0
Range less,0
hi,0
come here and try challenge,0
why am i stuck,0
Or the degree reason receive time,0
world HME8SA is open,0
play minigames in PUYCPBWCHI33 guys,0
Inverse composite core,0
miN::5p3c1739,1
/me rm ZO1RA,1
/msg C3WMUTABIFKCN3H2I7U3Q6 Leg reality stay actually none his?,0
/me B G L:Hmeo278,1
play games in MSYA56,0
dont join c4sino,0
/me CASINO,1
anyone want to come play quest in this world lol,0
xm032d0u has paleturquoise pants!,0
/me why people type CSN,0
surg shop at EHM92SA,0
rare wrench=548gems,0
/me csn:R E M E bj,1
come on come on come on!,0
ban casinos bots,0
/me RM|c'a's'i'n'o=88is2865YS,1
iterate holistic methodologies,0
follow to the world=hhemosa9650 need help,0
/me CASINO,1
Casino:m/in:BGL=Rm:B3C4U964,1
/me b J==D_L-REME WORLD48623,1
/me gas8=DL:vmternytn1,1
/me CASINO=BG/L=JEDIADIAT8388,1
/msg n9i4hjlub1kisbkom2 b_j/huwua8,1
wl-B-J-g'as-Csn=Csn|MNNOSA279,1
can someone open the door!,0
Wish notice old more partner heavy yard necessary pull director,0
/me REmE=3Hm054853,1
cheap shop accepts DL,0
main is j1djz3zerkmlj8nje3,0
pull MSppRbjNryxjqp please,0
kfw4nxv2watmby owns this!,0
visit my farm mleozav8,0
/me BG L//BJ old853,1
cheap shop accepts bgl,0
/me W.L=rM=ODRKG601JHWA,1
/me B:J-BEJE Q-q,1
/me come,0
/me leader = S4BYRJZULLKSJ6A1I4TRA6HHD8IQ,0
/me QQ:c2zngzd,1
there is a casino spammer here,0
/msg B3tZyyT2QQfcBejFireQ BGL//OB548n1,1
/me MFBZV REME,1
seeds costs 32dls,0
/me TURK-T.U.R.K:beje WORLD56866,1
cheap lightgreen vending machine at SUCKBGF40,0
/me REME d1//WWorld1,1
/me qq,1
/me QQ zdvtthz54hn,1
/me lxbvtqvhc2pbmh owns this,0
stop advertising casinos :),0
doing event at HEOM86M,0
/me QQ//moam40s,1
/me QQ=TURK:7H4R7394,1
new world 7w0rdld97 bro,0
/me casino//T U r K-Xiubuar46,1
/me CSN//m281sfa,1
/me h3d5m05851 has laser grid xD,0
push push push push lol,0
need help breaking blocks,0
/me C-A-S-I-N-O=WORLD71835,1
sup cool farm,0
hello follow me.,0
new maze open in ET63OR,0
/me rm,1
cheap shop accepts WL,0
come help at Ourl0749 it is open!!,0
help with minigames in gQYdR787,0
/me need small wing paying 903 wls,0
/me W_L//DL=Xx729eo,1
/me SELL shhjf4i8 m'i'n,1
/me D/L=mo65ass,1
/msg tVxhz4EZq8iUR0Plpmv9DzvP REME=mqo7tz,1
/me WL/D'L PLX6H2QM,1
these c s n bots are annoying,0
/me Bj MI.N QQ,1
selling item for 4bgl.,0
/msg YLFAYMMVPWH7BLTGXLUBE7 Qq now H35M50044,1
BE:JE/R M/B 3 J E/BJ=WORLD22165,1
need help with farm,0
/me i saw BEJE spam in OWXPABB,0
/me casino=T Urk-SABJG6,1
/me B9L CSN HESMOS033A,1
/me GO hee6ms5 C'A'S'I'N'O,1
geiger shop at NE9AF2472,0
LNU90 is open when free,0
/me bgl=tozpooucry8,1
CSN aYXbw5,1
/me PLAY dl=ftz6ycj,1
/msg YsibM6Z2c7gEgTxnYz TURK for wdu0dheh,1
portal:79per wl,0
/me GO WORLD11095 CSN,1
/me kick CVZ2X9JLLVEJBBYWCVMQ,0
vend has mask for 11 /wl lol,0
/me B9L|T URK y4plda8vgo,1
/me BEJ'E:M1n//b'eje=H3M045403,1
/me CASINO syf0hkw,1
/me casino//REME=Vggpd294,1
visit my world measurre9 when free,0
selling old shirt in EAAC6.,0
/me t u r k|b-j|W L=frie646,1
selling security table in sylxkeries756,0
/me Bgl|g1H9eMu,1
/me min=WORLD55260,1
/me rm=ACR,1
/me Csn worrr6,1
/msg ouarzmguainif1xqwsi9enyu CASINO RIXEHO61,1
anyone want to build maze right now!,0
HQ8GG82G6MD5 is open now?,0
playing map before we leave guys :),0
/me TURK:CSN WORLD15935,1
MIN 11dls for cape lol,0
remove access from FMT2XDKZT1IFKVQML3,0
/msg Rtjwrsdhrqh0Hd rate the unleash sticky markets in Tero1Am.,0
/me change wls to WL,0
/me r:m=WL=REME,1
lag follow me,0
buy pepper with DL!!,0
/me BGL/b91/b j szh5x5x7z2,1
/me Reme//c//AsIno,1
/me QQ,1
/me BJ! WL RhTMmeVUbp,1
who wants to race stand-alone high-level moderator?,0
need 1 BGL change,0
/me REME:73Ry4m647,1
builder is bRktETWd.,0
/me DL BJ CSN,1
can someone wrench me.,0
hey try oeq894k it is open,0
what is casino,0
store open TEROYAM6885,0
wrench ZUC4PBOKFYQO,0
/me b/j gxeit9v,1
/me DL//C1RREN5229,1
/me qq//733R0Y14M,1
/me B'EJE//G.as=sceatxjllolov393,1
/me access given to Z5Fdtctadyuqs9R5,0
kick K3ZSA6B4KJSGJZBXOF!,0
/me i saw BJ spam in bring02!!,0
/me reme-RM|TU.RK-WORLD26802,1
/me W.L/b_J=KPK82,1
selling cape in kkir2,0
/me W'L|WORLD25262,1
/me BGL//jxlkoud5o11,1
/me w/l:WORLD10237,1
ban J6V2UDRAVXEXNU from world?,0
/me B/G1 c-s-n CASINO,1
/me C/S/N//cs/N=73je6gtw2h8d3l,1
can i buy this,0
/me q_Q//c_s_n=Xuma252,1
help me in XEOOM0 pls,0
/me lcnwtiafjzvm,0
selling navy display block in MO71sA,0
/me why is casino not allowed!!,0
Bgl//REME=seyvvhr718,1
playing race User-friendly object-oriented secured line,0
/me g-a-S=GAS:terok45ym,1
/me q-Q BJ Qhra4VG,1
wrench c4k0iim7,0
/msg Rmfxwpulft GAS=RJ2C3QJ,1
need 1 WL change.,0
QQ REME,1
join games after farm,0
/msg kyfdncfw 359S55N open now guys!,0
jump now jump now,0
dont advertise REME :),0
/me QQ Rm//BGL,1
/me my world is h34m08705 if you want,0
Y6E5Gnuxljhrodwoyx keeps saying C S N.,0
His social traditional eye oil through upon rule catch color!,0
come try games at wig02alxp,0
/me CSN,1
clothes shop open serve!!,0
admin of DARK06 is tphwrnee lol,0
/me PLAY QQ:D77F8rkKM6t,1
door id is 4925,0
/me QQ why door closed,0
/me CSN:51kslkjuwj,1
/me GAS BJ bcplw03,1
/me O08LR CSN,1
wrench W9H4U5Akvrppubv0Bz,0
Min|h35m055307,1
CASINO spam is annoying,0
/me CASINO//Csn=TOT,1
going to maze if you want,0
/me bj:b_g_l:REME//0pF4uFM2f472,1
cheap grass block in vend sharedkic5kgoicovax,0
/me R E M E:XeOmoUSoU27,1
/me BET 4hi85FVOEv,1
/me CASInO|TDZG8927,1
doing multi-channeled solution-oriented websit at 3xp3,0
/me RM2/B-G-1 WORLD13291,1
go go,0
memory chand costs 3/4/wl,0
go tou7349 for maroon laser grid,0
rate world PDLDICQLQ4,0
/me RM BEJ'E HE7EMO,1
restocked cheap shop 0jqhv2,0
/me Dl-D L-Min//r3yjcjtv,1
/me G'A's=CASIN_O=GXF9T9A,1
RM me from access.,0
innovate e-business eyeballs?,0
clean seed in vend oe7m6!,0
/me CASINO=Nvm9Wu,1
/me CSN cinityyb0,1
vend at jbyqi3r?,0
/me DL,1
/me CSN=dL -> Tix19,1
/me B_E_J_E at ST9Rb0SQ,1
CSN O197p,1
rush rush now!!,0
/me D_l/casino=TER42OO,1
/me CSN//W1=3ZBOUKS0,1
rate my farm 73R55054YM when free?,0
help me in k3l1m3n0800 please,0
help with map in 54JC0H7 :),0
rate world 4G386 now,0
C_SN:r-M//dxMMO7,1
need lightskyblue platform 63wls,0
kick K6GVNOJYLDCHXXDW :),0
door id is 9395,0
/me Tu_.Rk WORLD31607,1
/me BJ//uEQOO1,1
change BGL to wls,0
/me Dl:CSN:QQ=enjol336,1
/me B_E_J_E/CSN=GGZIJ323,1
is REME banned :),0
selling peace keep gas mask in teroyyam299,0
where is owner,0
Polarized multi-tasking capability!!,0
/me wrench mvdpp6vonty7qayulnnpap,0
/me GO zgtwgyj CSN,1
/me g-a-s/73Rg79,1
dont advertise BJ,0
/me TURK//BASILTRUOBIDSTROCWLOIS5,1
/me CASINO REME QQ,1
/me QQ CASINO BJ,1
/me Wl|BJ|WORLD13404,1
/me BGL::MiN:N3H3M01,1
doing parkour at 5i4o4n4p,0
xhxcndeho12 has lock,0
come help at Novwzdqe28 it is open,0
play games in rnsilaus31 anyone?,0
/me smockbarkdjjdated9112 open now :),0
/me BGL//n0ea,1
password changed?,0
/me 8GL|MIN=ebr3insprb,1
/me CSN WORLD59636,1
/me REME=kuv021j,1
/me TUR_K/nfkgahju,1
/me owner takes DL or wls!!,0
need lightgray rock paying 720per wl.,0
relog wait,0
/me WORLD56495 Beje,1
we are doing challenge after farm lol,0
grass seed shop t0oonn,0
/me p3r010 BJ,1
/me qq//cotjRI,1
/me CASINO=WORLD28408,1
/me c'a's'i'n'o|wl|H6QKaEkHi3,1
/me CASINO | CASINO,1
/me B/EJE//sev66,1
RM U2YitbWYW3iyrjTmntm2 from door,0
is casino banned,0
/me CSN BJ QQ,1
air blocks in vend BNA844U,0
/me CASINO:EMPLO5872,1
/me q/q:bgL=amosa94,1
/me CSN//MIN 7melb36yn7hdh,1
/me Min wl BEjE qq2::wr803old,1
thanks!,0
does anyone know specific,0
rush rush.,0
door id is 8462,0
charge charge charge charge charge charge,0
hey try ZOR65A pls,0
/me free CSN BKSJT655,1
/me B-E-J-E/QQ=u3f6opgfu7,1
/me GAs WL:BejE:DL:casIn_o,1
dhedfmmxl zryqafgqbrrgyfn,0
/me gas8//WL=World35042,1
/me why am i banned!,0
/me reme//nhszp5kw,1
/me dl:RM=worl82,1
Optional bandwidth-monitored matrices?,0
/me JOIN CSN::N2m1zKvMgJ,1
/me BGL=rEm//e=tor13,1
/me DL=Hemosa59,1
is B3JE illegal,0
/me lnyu51 is open need help!,0
fun parkour in m05442,0
/me CASINO QQ By,1
/me 8J8|MIN|r.e.m.e//iccear93,1
/me CSN,1
can you donate dirt,0
/me CASINO yqrranm,1
talking about CA$.1NO is not advertising,0
/me CSN:lqqegu,1
/me Qq C A S I N O/GAS,1
/me WORLD33801=rem e,1
Under none over when game agreement?,0
QW032VV open now need help,0
visit to my farm gufi3 please,0
vend open WORTHMERXB76.,0
/me RM=oohv7e,1
/msg Kwpxxmoih5M0Brcse1 CSN=law10,1
/me ewdpre.,0
/me CASINO:m i N=ne162xa,1
is the owner here,0
come TERSOYAM2642,0
dont advertise c s n,0
/me CSN:xe22mo,1
/me door id is 5022?,0
try my world hu10 please,0
new world S88SI8QA9N need help?,0
/me gilbzm8 rm,1
/me jbrmlirdser4799 gas,1
/me HMSA9==CASINO,1
/me JOIN Becau048 CSN,1
can admin RM me.,0
need grass block paying 13gems,0
ty lag,0
/msg KNH1I2Y2IADFJDNNBOWDWI R E M E qntkferin,1
/me change wls to DL,0
/me CASINO:com4s7g,1
/me RUHFWS8 b-J,1
/me f9g7kTZ3 CSN,1
/me lets play quest in inte01 please!,0
access of 730R48 is fqf9pqhux5bjd5h0u0oph3kcyrrptzj0.,0
we play minigames for fun,0
/me REME WORLD58885,1
cheap scene checkpoint at LIMCOZO91,0
/me come my world W0V11LD when free,0
need platform paying 49wls,0
/msg yarxe9rxssr0pey7vwzrkke7 DL=WORLD68359,1
help me in HOW8961 guys!,0
Soldier send like cover,0
new event open in xe637o,0
who has access?,0
WL price check,0
where is vend.,0
doing yet at coolaronsdj352,0
wqmnbv?,0
/me casInO:y3kyuguhoi,1
/me QQ=b-j=wl=43M543789,1
/me D//l=T85jfwbUt,1
where is white door!,0
hey look at h221330 when free,0
join my shop called hxnrhr38 need help!,0
/me bGL bGL bGL,1
/me BGL/WORLD22361,1
/me REMe WORLD24885,1
/me grass seed shop h613mm.,0
buying imagine seed msg me,0
/msg nra1rvacg4fzjiobe2zxzbms thanks,0
/me bgl p0rsvbsor,1
/me b9l=d//l BJ//0wrl652wf,1
remove access from B2C6B7J9Juk6,0
/me M I N=CLEMVIRGAP0517,1
come help at zoradbd2528 bro,0
/me BGL??,1
/msg avv2sej4onolm2i5vyb2p2g2 b:j at ntb3ec3mkmqjg,1
/me dhn74v CASINO,1
need 1 BGL change!,0
playing exclusive optimal groupware right now ty,0
/msg zrq1x4wrdzh5yfecmod3kw W L Par415,1
/me CSN/Rm=WORLD69112,1
/msg FUILYSFSQLLDJWUKUSW6OE beje/G4S/REME WORLD35753,1
/me PLAY CASINO//WORLD51589,1
/me 4g1k6r5///CASINO,1
/me WL-BGL-R-E-M-E:(A51n0=INCHAPRABLE9,1
WL=WORLD35749,1
/me BEJE-turk-w.l=WORLD26784,1
/me CASINO//BGL=WORLD51745,1
/me M In rm BJ C-S$N,1
/msg ogsuwjusS9HvmgOmf8 csn WORLD80548,1
/me MIN|HG730,1
Qq|REME:hrbquz,1
lol,0
/me BEJ/E!!,1
can someone wrench me,0
my world is ELIALH27 ty,0
need fish tank paying 1/12dl,0
join maze if you want,0
ban uftdi4tgvmhhtjuot3i1d1 from world,0
can Qq be a name!,0
/me DL/B:Eje=w226orwla,1
/me B/G/L//T/U/R/K=qdnbnk,1
/me NOW wcxgz29 BGL,1
/me meet at e9tro6am for race guys,0
/me WL9=beje:wor66laf,1
help with enable integrated methodologies in YOALU9O,0
hey join hmos978a it is open,0
/me hem802sak/CSN,1
vend pbcord5746.,0
restocked store 12ekx9138l1,0
/me ('5n//WORLD47672,1
JOIN QQ grz2q2okq68,1
/msg Xwvtb7Oixhzzaic6Dzkohcyt CSN=Tephpetdze306,1
go hesmxo9a881 for guess vending machine.,0
RM sp8qpglqw28jr,1
/me R/M dtrdt3941,1
selling darkslategray world key in 5ISY6U,0
hey come wortl8751 pls.,0
casino ruined this game,0
new map open in mELOFaroBUll9,0
/me GO G/AS::lzor6hx811,1
/me BJ:8gl:QQ//lj0w2wf1x1yj,1
/me CASINO=WORLD1979,1
/me CASINO//61XZKNRPB,1
/me BJ iqahtlsj,1
Min:GAS:Reme=WORLD16408,1
/me 9As Turk G5Y2V,1
/me R/m/WL=C1TSX31V79,1
CASINO Stn3J7,1
anyone want to play minigames when free.,0
/me FREE r 3 M e:K9ALq9eorVmY,1
/me CSN!!,1
/me Q/Q::INTERNA2395,1
/msg snnvmhrpguw5i9ozral3bl TURK//w l//cs//n//9as CENTOZAGNHDKOR5699,1
/me relog,0
CHOO has sign.,0
/me GAS NPZEMO8891,1
/me CSN=WORLD37270,1
vend at LARG crystal.,0
/me CASINO/mi'n QQ,1
/me r.m-WL-RM-R:M=world13943,1
/me dl jxxrnpz6f,1
/me look at my vend=he6semosa if you want?,0
/me b'e'J'e/GAS:kor8dn58,1
BGL price check.,0
/me Min:MIN:BJ,1
ban Kyxaq3M3Czjeh2Tmwaniatmdqj from world!,0
/me Qq:gas Gugenhnpuj228,1
what does BJ mean,0
/me gas WL,1
/me TURK/bg//L P3RH4PP392,1
/me lmao brb,0
/msg I9EWUXRFLZ REME=BAPBEEM87,1
/me CA5-IN0,1
my world is w0rld0161 ty,0
/me BJ csn,1
/msg Opgjcsmsabvjebo2Gunuyasu how much is factor yes?,0
vend at FCY0009 water :),0
/me G_As/RE ME ehms594a,1
/me QQ,1
yo,0
BGL shop 05465 xD,0
/me bj=ycrada,1
/me tuRk Turk:wl,1
BEJ'E=Z992OR,1
/me Q Q:WORLD24960,1
new world 74dh4r0c1blyb0d3 need help!,0
i am tired of Casino ads!,0
/me cASINo:Bgl:RZME3DZPSN8E9,1
background=3/11per wl.,0
buying try lava 3bgl,0
play low in him1,0
leverage proactive e-services,0
ykrtdzhgbnwwme?,0
/msg vkh1a3ykxejulkijndf0p2ldtvkr r'3'm'e=WO001RLF,1
/me CASINO/C sn//wgcvx9v6,1
/me G-A-S Q Q CYYrx51,1
/me 9AS//c:SN,1
market wrolarf065.,0
/me CSN//em,1
can someone open the door,0
C'A'S'I'N'O//Q:Q khn8wve0,1
/me CASINO,1
come help at jercvy2gc,0
np lag follow me,0
brb :),0
doing challenge at XBVPKXV54.,0
leader of Profes is Cmp6Dfu4I0Oq :),0
/msg bts9bimxbligpbp3pqsqzkssvvrs wl=W.L=m i n=73RRYM481,1
iiiiiiiiiiii omg,0
remove access from s1jcw9l5wrhmtvsz,0
/me new world ELSE bro,0
grass seed shop trum56,0
/me NOW CASINO/hfmopa7840,1
/msg oyk7axg6d6kwosg6rjv3 REME for WORLD10091,1
help with organized exuding database in X31Mb,0
/me GAs=beje=WO03RAF,1
/me C-S-N open DEMW,1
need none vending machine paying 4wl,0
/me REME//C-SN=WORLD98924,1
/me CSN//WORLD77456,1
/me owner?!,0
lol lol?,0
/me B-E-J-E=h39mm045,1
Qq-LUM6MMLE65,1
/msg Uky8D6Uekvg8P4Tihcmgwyvo rEme=E5N093n,1
anyone want to play race this round,0
/me d.l l08horb5rw,1
can you get banned for casino,0
/me BJ CASINO ukpor3eqr,1
look at my storage:mosamu6 please,0
/me f0g0uadfqz:WL,1
/me CASINO CSN N3X36Z,1
sugar cane 81dl!,0
/me GO M3VM BJ,1
go H2H35M054 for geiger,0
ysfohevgilwwphfu!,0
looking for lavenderblush portal for 93/wl?,0
/me BGL//GAS=Win2898,1
TURK/BEJE WORLD12781,1
ban gamble bots,0
buying doors for 3/11wl,0
/me D/L//48wFqK5,1
/me 8g-1//CSN=gtmucy,1
owner takes BG//L or wls,0
try to my maze h38235m054 ty lol,0
/me password changed!,0
rate my vend - mo85s guys,0
w_l//DI08TSHG,1
xd ty!,0
who owns this world :),0
/me C SN W1 WORLD93304,1
/me (as1no ybwcd5mo,1
come help at BCBVLRG963 please,0
/me FREE w0485rld BGL,1
/me C/s/N=wibclva8lz,1
rm me from access,0
O3u4WZXq owns this,0
/me my world is M3L05 pls.,0
/me can you follow to qpiqv when free!,0
/msg Cam5M4Elghsuvdkwgz store open JUST!,0
check base4 now,0
CSN=W//L:HAND7,1
/me Wl!=ZVD6J7WBF5?,1
/me CASINO WORLD66537,1
/me O$PEN heesm84osa CS.N,1
/me tuRK wl|TURK,1
/me CASINO=Cas/Ino,1
who wants to watch minigames lol,0
my world is p73r0ly4m791 guys,0
vend has platform for 4 dl.,0
/me GAS1/CASIN_O r0l3,1
/me Rem//E??,1
/me TURK//vonhp7bcu,1
/me qq/WORLD63323,1
/me B-J//h03mOess,1
tell geiger in vend avoi45,0
can i buy this!!,0
/me CASI NO//teroyam020,1
/me rm L2KVEXMH from access,0
main of KEYRKCU508 is W8P5M7Wvioe6Oxxdncr7,0
/me we are doing early Finally water particular thank general air structure message,0
/me dL//70wn,1
(sn=W1 WOLU22,1
/msg vcyfibe2smmwi7sefk Csn/R-M/wl:h9965m056,1
/me BGL|rm hemosta8713,1
geiger shop hm596354,0
/me dl/q-$q WORLD6808,1
/me casino qq MIN RM=ysjy0lt,1
/me world owner waijvzojv5hluqk5q6m4!,0
who wants to watch quest!,0
/me GAS//GAS//GAS,1
/me GO CSN:X3D473N,1
join us for parkour in prvent7370,0
paleturquoise grass block in vend w0orl xD,0
/me BJ=crryla19,1
/me DL CaSiNo fow2e,1
/me CSN CSN DL,1
doing maze at qbmentensfyp353 anyone?,0
/me rm/Qq1=POURYMALG0,1
/me W L=tero1yaam,1
come here and come play event!,0
sugar cane:10 wls!!,0
/msg hktfcmelq2cshn CASINO=Ydl4Tj,1
/me Q/_/Q b e j e WORLD78737,1
/me CSN Defense77,1
/me WL//ow7rlaf,1
be/je:heEMsoA1937,1
/me casino//CASINO=3ol0s026y3b,1
Wl min GAS b/j|world90703,1
/me M.IN//worcaf91,1
/me REME=WORLD78315,1
/me CSN//MY,1
/me CSN nneXFa9248,1
/me CASINO:RUSEKL37,1
cheap platform at GROUP1!,0
Step speak letter other carry teacher film!,0
/me join diverse asymmetric concept Free please,0
restocked geiger shop JMSSO017A,0
/me DL QQ,1
push push push push,0
EXEG6784 is open guys lol,0
/me BJ WL|h355m26054,1
/msg awb3jxwxgs CASINO=v3mcfhx2a87x,1
we play embrace interactive platforms In smile international appear difficult allow,0
/me how many wls is this.,0
cheap pack 17dl,0
/me lets go please lets go please lets go please!,0
/me my world is owrs8 guys,0
selling recognize sugar cane in woorlaff675,0
/me doing games at HEMSA3!,0
selling item for 94bgl!,0
/me vend open iesshoatgrog4,0
world owner z4ktqvgrxwrjk9ax,0
/msg odorejg7i7zl CASINO|WORLD87885,1
/msg emdifbyrtotohblfw4 W_L|qQ|BEJE=MmHlm8,1
rate my storage - H33554!,0
/me B.GL/BJ MMO322S,1
Over capital feeling shake,0
/me c-s-n=b3ker2,1
need 1 BGL change,0
/me r'm/Rm,1
/me B-E-J-E T u R k=REM.E,1
password changed,0
Audience simple he leg,0
/msg psqjdikodzg0ozjogd Family man beyond beyond evidence,0
/me how much is floor few mean,0
world glhlikedusmetrdeo5953 is open if you want :),0
main is jdzhvyjrc7ziizrr,0
testing games in H346195,0
/me Mi-N=beautif965,1
/me do not go to c s n,0
/me CSN RKBMN6ZLUD,1
QQ|WORLD77990,1
/me C'S'N,1
/me dl RM,1
/me who wants to hang out in games,0
/me rm:MIN=db11opbe35ce,1
geiger shop at L72QJ?,0
relog wait.,0
/me B'ejE//dcpkhv,1
can you join OM70SVA if you want,0
how much is this item,0
/me Rm BJ ZysMEEj,1
/me JOIN 0H03M810054 BJ,1
restocked clothes shop 3h6m054!,0
/me C-S-N::jhmo5a,1
/me B-G-L/C'A'S'I'/N'O CzzFfiM,1
/me REME=WOOR66LD,1
Ten night man line large close across various during,0
/me R M//h53m006754,1
fish shop open XoSRS269,0
who has access,0
nice world?,0
/me Q'Q=Hemsa870,1
M I N//BET=SOUTHERN64,1
Bj/TUR K -> Qq=S2I9wcofWc,1
is the owner here!,0
buy laser grid with bGl.,0
/me z$cfttf-pghmv.,0
/me Wl c1r7157pbn3,1
DL=DL/txa4wc1mw3,1
admin = k4eugzp2i2sq!,0
/me REME,1
ty wait,0
come help at n335x4 when free,0
/me TURK.//2pdLaxDY,1
/me dL|B//J|TW698ERO8,1
/me my world is NT24EAJ it is open,0
buying plum sugar cane msg me,0
/msg o8xgpeqxj6qyuuhp CSN=ZOr8mIra1,1
come build poor at TLERESS4653,0
/me Reme Bg1=hemsa5,1
Whatever alone player major company citizen everything today kitchen seven responsibility xD,0
/me new world H3471M054 ty,0
/me going to minigames before we leave,0
selling gAS mask!,0
stop advertising csn,0
/me DL TURECHJNOXCRI8,1
lightgoldenrodyellow lock 942/wl,0
/me CSN,1
need help breaking blocks.,0
meet at N7R58FYUCN for glass.,0
/me r/m//B9'L yoh78z3,1
/me BEJE CSN WORLD79577,1
/me BEJE//Wl=HEOMm28,1
/me BGL Ke8B9Ogv7Pppnv,1
/me Bj//CSN=56230,1
restocked weather shop 00M545,0
join us for games in degr.,0
/me can admin RM me!,0
/me M I N:TURK:QQ:3cbhkr8lvxr,1
min WORLD95363,1
/me BJ CASINO CLA5S3,1
/msg d0pnajipitqlq3hva1 CSN=WORLD35545,1
tiafjzvme???,0
my friend typed min,0
csn|G-A-S|CSN|rm):TEROYAM09,1
/me BJ!,1
ban zyndzfdjwuj3vbrz from world,0
/me hello,0
/me MIN,1
how much is mention senior important,0
cheap shop HESM814OSA7!,0
/me GAS=GAS,1
/me cas1-n0=C9Ovz4Mf,1
hello,0
they play something like qq,0
/me C.A.S.I.N.O M I N,1
/me Beje -> 4R7HW0R7HK73R08,1
dont advertise csn :),0
/me REME==fLaoL2gae,1
/me BJ//CASINO=Ltd9Upmeu,1
Begin behavior no always!,0
/msg S1Sfvkf3Auifmlc3Ozpppew9Fbocoe restocked surg shop reseearch73?,0
Qq//5ub63,1
/msg QUVWT4MLM2KQEFCHSOYCL4COVZIFQ5 not every C_SN is spam!,0
pull TMK8PWFBOLPCXYYPAZWNJTCOIG please.,0
/me 8eje D1,1
Religious professor,0
market at xeto9162!!,0
/me CSN=BH3G2,1
xfevpq'qcpbt,0
/me CASINO/CSN WORLD19681,1
selling they lava for 571bgl xD,0
/msg Opwpugu7Z7Dun5 Reme open V2bd2tXNBM,1
/msg toeasvHkwMi3Q3BHNBiUYsbU (ASINO=5cHzmFkxs0k,1
/me Beje1 wl 73rr06,1
try to this world jzcuhf56 guys.,0
wrench oiofpmzqs5n5jusmmhrzxs!!,0
/me DL=a1ondfy,1
world WORLEAF2970 is open ty :),0
/me CSN CSN,1
hello,0
BJ Z18kTC91lg1n,1
GAS wae4tu,1
/me CSN BGL,1
/me Bj/WORLD36916,1
/me b.e.j.e//nsd3y3,1
/me BEJE=ACCORD5611,1
/me NOW caSIno=099RDL,1
/me bgl WORLD30283,1
/msg O2E1Fee5H3 Min offer 18wl,0
dl/BJ=5f4hpxhq668,1
/me PLAY WORLD42043 Bej3,1
ban WAQYRLJ0D5K3OXZ1K9ZO from world,0
/msg cxc0ruipr2asitbao8 gas gas,0
/me B /J=B /J=B /J,1
Head after above,0
h38vm504 CSN,1
PLAY bj:WORLD94002,1
/me R.M=R m ga//s BJ B3Je=acspvzkk708,1
wait!,0
hey enter tnjj37 if you want,0
who has access,0
rate world DIXJTH3270 guys,0
/me rm Y0RpzRBvNTk1xoNeq7N0ATc8K3l1 from access,0
/me QQ/QQ sound9285g,1
/me new world jgqbxngi022 bro,0
can you follow to 5F4XHLPR now!,0
/me FAST WORLD65397 QQ,1
store wo1r,0
/msg Cfc5E7Ncg1Y5Kc 7urk=REME//ZRU820,1
/msg VJJIfuR6oIyinUIbZ8 qq:r570v,1
is Bj illegal,0
/me DL CSN DH7JR,1
come on come on!,0
/me R-M:YCURLF0,1
/me R-M:CSN::RM/mos2t,1
/me C.A.S.I.N.O:WORLD13119,1
owner takes DL or wls,0
hello,0
/me D//L=Q_Q/BEJe/Min=includi985,1
/me Casino,1
/me dl/B.EJE xhsymkn1,1
/me rM//owralf3,1
need small wall paying 18bgl!,0
/me d-l:RM HME40MMO,1
/me w-l/M I N=A8N8N3f0HP,1
/me B3J3,1
CSN=Bgl zrsc3ydqcen,1
/me QQ/D L=x3urvxw,1
why people type csn,0
SISTER has public wing!,0
/me dl//ms21o,1
/me Casino==More848,1
/me 8j5-OWNER5,1
rushrushrushrush,0
/me Dl=T.u.r.k//pfggzltus,1
who owns this world?,0
geiger shop DIFF632,0
can you check X20EM bro!,0
WAIT41 open now now,0
/msg eabnr3nuqllps5v3tie9fv csn=WORLD81001,1
pyqgw4n has mind background,0
go H529MEO for paleturquoise chand,0
Society sing hold specific subject skill benefit street any black,0
ban f2hmznk3jsgcmw from world,0
/msg vssnxeoqvtdf WL shop=h35mz00545107,0
/msg igkjgxx1hxlmn4jaxhq1lweahoavhc G./AS/Qq/WL/icerp7281,1
/me FAST QQ m4n4g3m7588,1
/me CASINO.,1
come help at hemoa37 guys,0
we are doing parkour in this world please,0
hey follow to LW0R546L now,0
/me turk W0BL86,1
playing games right now,0
/me do not join Casino,0
mod please check Csn spam,0
/me min!,1
clothes shop open 20R5089!!,0
/me bj|B//j//HW9655E0MSA,1
kick mgc4yah3utvwmnpmwajujwetyqn9xf,0
/msg Ymy0Y6Khhrt8F5Grtiuti0Zqvnxr WL blas6455,1
m.IN:tsk7k5,1
price check word bait 85wls,0
where is better laugh,0
/me qq//wl argue,1
QQ:SAY,1
8eje:d_l:l3z9efctm4,1
/me DL CASINO a4etvar2xdvzm,1
/me vend at 0WWR3L doors?,0
/me Csn:D'L:Min=Mss5A,1
/me RM beje,1
hello can someone Help,0
Home blood either recognize process mother fight :),0
/me GO AGpc2JAyO9 Casino,1
/me BJ:Iqh4O37Td,1
/me WL=h3m054445,1
/me hey see nojgvh3 guys,0
/me CSN=mf2osa,1
/me cogqsqwroo=BEj/E,1
dl::CASINO=WORLD99133,1
REME/cmtty50,1
/me B:Eje//H4FGO,1
/me Csn=sbc3l8nk,1
/me someone named QQ703,0
h//e//l lo can someone help,0
fun minigames in rvarbgez4,0
can you go soukaraw167 please,0
/me REME=M3OASA,1
/me GAS DL,1
/me bg//l|B_J//MAYBE34,1
kick U4SVMIADHMDLXQVZSPL3DVCC,0
rate the parkour in B08NPNBX please,0
/me casino:R/M=Opinbftru8143,1
/me Rm/TURK=1mkoe7,1
help with games in MiLl120,0
/me caS1No D6S0CI2SE,1
/me qQ,1
Nice measure street among collection herself figure.,0
grass block 8/wl,0
come help at TrAnScitYCOs9443 please!,0
yo :),0
Dl//WORLD33160,1
help me in TOMWIL9752 bro,0
/me r-m//BEJE//BGL==WORLD97079,1
C/S/N CASINO novanagmb772,1
come my world basilbhca87 bro!!,0
access of 7H1NG is njcab3y9ft?,0
/msg Qregbasdsakvjpq3D3Kg b9l WORLD38296,1
rm pfiutunrs7s8otngs4jh from access,0
/me bj:p3uoX5,1
/me anyone want to race race with friends,0
help me in O101Msa when free,0
Hand.,0
WL is just a word!!,0
go cihoveb5 for limegreen farmable?,0
fish shop TRE7 :),0
RM access from e3elirygvexhs8kpeamcwp!,0
cheap various background at 2PjPXbc0.,0
we are doing event for a minute!,0
/me BJ//WORLD10273,1
need help with farm!!,0
change WL to wls,0
access given to JVT7IGIYGCEUWZNDKSNNWY,0
need economic weather machine paying 9dl,0
/me CASINO CSN WORLD12890,1
go now go now go now go now go now!!,0
/msg c2n5kug7c8rcono6cw CSN=rtl6ty,1
Lay Republican reason order pick finish degree democratic red,0
/me vend has dodgerblue platform for 6dl :),0
/me turk//b_e_j_e=o263orl,1
/me CSN//HESMOASA22,1
vend at FIND16 rare table,0
wrench p4qsauonj8yhu7qqsupowrqg!!,0
/me BJ:ry7sv2eh0,1
/me B/J=Min|W'L//worlamo882,1
/me bgl-WL R m,1
/me q-/q/BJ/MIN/9AS,1
/me CSN:TER11UF,1
how to farm.,0
/me reme/8E//JE//718230M,1
selling animal place wall in decad,0
come here and build minigames?,0
/me csn=QQ:WORLD83111,1
/me GAS r'm=h8blmac,1
avoid Csn worlds?,0
/me M'I'N=CLT,1
/me Tu:Rk b j ALWAY1,1
integrate mission-critical experiences,0
/me owner takes wl or wls,0
/me B-G-L,1
join quest in this world!,0
follow me,0
/me RM//3HM81045,1
/me QQ,1
rate world QPE03 guys,0
/me bgl4:ZOORA60,1
/me BJ:WieIN898,1
/me QQ:h3ym0077,1
wrench KJR9L4NFKDK1BO,0
/me CASINO//b.'j=0WZQDWLQQ66R,1
JOIN B'J=0R7,1
Profit-focused human-resource open system.,0
is the owner here!,0
my friend says QQ.,0
is CSN banned?,0
/me QQ,1
/me DL=CONSUU472,1
/me CASINO b4ur31,1
reported csn spammer,0
does anyone know product turn perform,0
/me weather shop open Ro49G!,0
Guy main race of team turn notice hand.,0
/me q q,1
/me CASINO,1
new world syo5551 it is open,0
/msg Hfnoidrht4Iuthqxor QQ//qfim6brl2kduae,1
try our world called arhea32 pls,0
dont play casino xD,0
gas bro gas bro gas bro,0
/me BEJE WORLD48255,1
/me DL Also6,1
sell wrench for 14 wl,0
/me Bj/dl/WORLD92245,1
Secured explicit software.,0
ban YJPSX7MKM6LLQHYBUXIGK7RJCI from world?,0
/me 8/E/J/E rm/wl,1
/me bEj:E HEMSO462A,1
/me my world is M503 ty?,0
my world is H233M045 pls,0
does casino mean gambling,0
world 6U3HZ4F is open If you want,0
/me BET CSN==HEMOSTAVIS6,1
/me cs/n/BGL rdexw2567h48,1
J6K0FHQLL4W1VW keeps saying Bj.,0
/me d_L//H3R623,1
/me PLAY bj=cjl00oc,1
remove access from GNYTFCCVHZJBXXYZMYOOF4RGIFBWPFHU,0
/msg wmw4wkjacjysnui6oo Environment newspaper strategy hair.,0
/me BJ,1
meet at BENE321 for quest,0
doitdoitdoitdoitdoitdoit,0
rm qyerw0u9r7tai6xu from access!,0
hyl0yzy1r5jij1wz owns this xD,0
/me CSN//WORLD78907,1
/msg LSA7F9DOABH0I9MDCRKI BJ on SORC786,1
/me REME WORLD43062,1
/me PLAY 94arr40oj3x01u rm,1
hello can someone help,0
/me gas::NEX543A,1
password changed!,0
/me Min=6n052x5l,1
/me R/M CASINO zmac3hv76,1
/me casino:rm=0P71P4RR401,1
/me G.AS//WORLD91161,1
i saw RE_ME spam in seat,0
/me D_L 8j WORLD53470,1
market open w17orla,0
/msg KIS0HDR6EFOEO2XILH is REME banned.,0
does anyone know easy now,0
hey try FATHE029 it is open!,0
rate world teroay537,0
Describe side tonight suggest black large recognize avoid civil any lol,0
/me rock = 3bgl,0
Positive result other exist section.,0
/me Reme//WORLD92756,1
W0822RBL open now when free.,0
/me Bgl,1
remove access from U0L1n0WxdSiDB0XpN3T7TtagiQ,0
going to puzzle in this world lol.,0
new let open in berp,0
/me B E J E r_e_m_e blinghecvan7,1
/me B.Gl=w9jrl,1
/msg E4ZOZ3DALJRPOTOXD5W1XTD3AL BJ:2MRWUK9,1
i hate Casinos,0
remove access from R9Teoluvaec1Ypfmxqq5O6,0
/me TURK QQ WORLD94984,1
can someone help with past season space,0
C-S-N MPRBCK674,1
llllllllllllllll bczkhfsp?,0
/me yipsfhkzcbmwryi bvgleeiwnbct,0
CSN//q1bahml,1
/me qq ga's,1
/me help me in lhmn0 please,0
/me bj/Cs/N/D'L/CASINO world,1
Up-sized exuding benchmark,0
/me BJ REME H108EMMOSA,1
DL3 Nskmz8X,1
/me B9L=HDCHMO8,1
/me CSN==Turk:57CUB60,1
public platform 29 dl!,0
/msg S4NGEPTHZKMZBSZ7Y3DVLNYO gas=4MSA70,1
/me qq=D//L L0YRD,1
/me B:J TWO48RLPAF,1
/me (S-N-iv873o,1
For hour Mr building six business ahead,0
ty!,0
/me OFTKZVAIQ/Csn,1
Hand report election,0
/me mIn BGL-Wl,1
/me FAST Beje=eogokrb,1
/msg b6AJtKOsiykKmbaohCBCGc hello can someone help,0
/me v6aerzit Q Q,1
mod please check c'sn spam,0
/me R3ME:WORLD55437,1
/me DL//listen,1
/me anyone want to play maze if you want,0
testing map in UIJZ899WR.,0
jvzvl181//CSN,1
look at my world glbrattrilho28!!,0
/me BJ WORLD86368,1
/me CASINO//SUREQQUES2,1
/me ga$ t/urk GwL7ot,1
/me w:l//Csn oaslr8,1
/me world Taangenspj4 is open.,0
CSN=ACJM23,1
access given to dyfjd8zvovkzeyhoc7y1,0
/me g.a.s,1
/me bgl:tdznhb8e73q2a,1
/me CASINO/World82308,1
/msg W9mmwUccY6P0 dl is just a word,0
CASINO/CSN WORLD18957,1
/me 73r0y4m4585m has cape,0
who wants to run games,0
hurry hurry hurry hurry hurry hurry,0
csN=MI'N:WORLD18457,1
/me QQ=dggvbq,1
QQ looks like random letters.,0
/me Qq EXMO4471,1
/me G@/S|Lt9Co5Db4J,1
do it do it do it,0
/me d1/C-S-N:Wol6648Raf,1
/me rm pls,1
selling fish tank in 0M547724!,0
bgl CSN WORLD35143,1
Bj-Rm=p517rl,1
pull ueq9m8damiyneiv9l9hh please,0
avoid casino worlds,0
lol,0
/me CS-N to BED802,1
can you open door,0
/me BJ/CASINO XEMMO8,1
/me DL CASINO YFHU079,1
Optional zero-defect installation,0
why am i stuck?,0
these csn bots are annoying,0
/me BeJE,1
access given to dnj5clwfv8jupxl5enm3!,0
/me G A S//w00r2,1
enter my maze called LA3SBZM it is open,0
is CsN illegal,0
/me Qq//BJ=lfq3souqt,1
ewqmnbvcxzlkjhgf Hkzcbm nqetuoadg lol!,0
yo,0
lets go lets go lets go,0
drive world-class partnerships,0
selling hair in TX5MXST?,0
/me dl/Wl WORLD74208,1
hey go s6a35 lol,0
/me BET QQ=ks2rzaa9n,1
/me CSN he6m9osa,1
look at my world heo0204 now.,0
mod is SUJ8DWWRYVEPXA,0
/me G/A/S=R/E/M/E:CASINO//X3M01,1
block shop open iconmnaly2,0
/me BEJE=u7064tn,1
/me CASINO CASINO FONSSTU27,1
fear describe doors in vend emosa4,0
Fre9O5dPNjCxjn keeps saying BEJE :),0
go this world - H3M2M it is open?,0
/me CASINO M.I.N CASIN:O,1
play race in lexonghb08,0
enter my world H3M445737 please!,0
price check weather machine 5gems.,0
sup hi ty,0
/me Csn Csn lfjiqbyo,1
/me CSN,1
lag!!,0
/me go now go now go now go now go now,0
can you get banned for casino!,0
/me REME/Rm crime5495,1
/me Beje h878remo,1
remove access from hryqelpbdis2hddzbscaij!,0
/me Gas|CASINO2|BEJE|GAS WORLD20321,1
/me Gas/CASINO wso90grl,1
/me GaS/r m LOSE260,1
come my shop called sdklm5 bro,0
jumpjumpjumpjump.,0
/me Wl:WORLD27715,1
/me owner?,0
/me BJ.:VeJ3448Bux,1
can you come DREJDZOR00,0
/me b g/L=x3m980,1
/me D5Ritk CASINO,1
see my storage HEMOSAA022 if you want,0
/me how much is 1 BGL.,0
avoid X43M it has c s n spam lol,0
world RYFFCHXIBI714 is open now,0
/me b/g/ L//WORLAF3858,1
/me REME|9UJZ7LM3DY,1
play parkour in o2msa,0
/me cas1no is annoying,0
can you join W002L need help,0
where is the white door.,0
join enterprise-wide background workforce with friends,0
/me Gas9:x2eh5648,1
M I N/WORLD2954,1
/me CSN:P8TVR3KXFX,1
/me Casino=he3smosa,1
/me B$J9=QQ/gbxsenw0731,1
/me turk/Min WORLD33662,1
/me CSN:casino==K3Usf5Coxc,1
/me pull Plhfphaqd8Zc please,0
/me CASI//NO/REM3=2YSICA2805,1
who owns this world,0
/me QQ/CASINO WORLD26545,1
/me BJ,1
GAS/Reme)::lOrNg8,1
vends whhCr814?,0
help with minigames in N9ILOP!,0
/me WL=h7m6SOsa,1
/msg mtriehjskmjwtlekz8kblb cAsino=hvwrzuly,1
/me D//L//mrsndid,1
/me rush rush rush rush rush,0
/me CASINO QQ 4NVT4WW0,1
/me Dl|Lot675,1
they play something like qq,0
rate the quest in listen7937 please,0
wl,1
someone named QQ534,0
need wrench paying 90 bgl.,0
vend at SOOKYRIXTHIDES8 sugar cane :),0
/me QQ=kzlxuhv,1
/me B_J/Bgl::e0jmdyhwd4hd1z,1
can someone pull me.,0
/me Tu:Rk W_L,1
/me tuR-K=Bj cSN,1
/msg PHLGAOBAEGK1HKCMXXRAWDIC CSN=monye2,1
world H3M0354 is open it is open,0
/me REME=HEPSMD011SA,1
/msg Kvz5sLSLxlaXhxe8W1 ReM3=dkvk8l,1
thanks,0
bbbbbbbbbbbbbb!!,0
/me tURK/mI N=STUCANOIE468,1
/me PLAY WORLD62375 W_L,1
lets race quest in ZN45L.,0
/me CASINO TEROY0A,1
zxcvbnmqwertyu,0
vend : 430dl,0
/me REME=dl/BEJE/g.a.s-WORLD89407,1
/me r e m e/8j/Q'Q/B E J E hsemmosa76,1
/me Re Me CASINO h435ml9654,1
/me Bgl,1
cool farm admin?,0
/msg zutqifcou5jle0ej Q Q/BGL=hesmogsa7,1
rate world wmscs392zs?,0
ty,0
/me CASINO ORTK547,1
/me R3-M-E CASINO:have47,1
new fear open in HEEEMO1,0
join this world called mill84 when free!,0
/me m i n WORLD13606,1
can someone open the door,0
nice world.,0
/msg eyfqp2vex6nbye need song paying 12 bgl,0
/me (-S-N//POHF619pXTcXiU,1
is vend empty,0
/me CSN=Gas=TERO1824,1
come test maze with friends guys.,0
/msg nvwtrxy3iclkfkwscpaswlyq REME//BJ:jtensz59,1
wl:W00R4LD,1
hey see HUNDRED24 ty,0
/me CSN,1
/me door id is 8458,0
come the world k2szw9l3qmo pls,0
/me WL/vbt9v0g9y,1
rm Ssl2Wrmgdyg8Ktzg from access,0
/me TuR'K//hesxmosa82,1
/me Bej_E H747Emsa,1
/me MIN Qq acfnl8u,1
/me rate the deploy cross-media functionalities in minute465 xD,0
/me d l=yexntgru57,1
/me ga5//ero542yaam,1
hey look at Y0544 if you want,0
/me CASINO=CASINO1=m__I_n=Dl,1
/me GAS/BEJE/dl/DL,1
/me tURk=RAFE236,1
come treoyam6 ty,0
/me Qq/GAS WORLD63525,1
/me come help at ambla80 need help :),0
/me w//l:wl=Worla8F,1
/me rEMe:WORLD10938,1
Spend want single or might act especially behavior yard ready occur environmental which commercial,0
QQ why door closed,0
QQ/jzp65vca,1
/me CASINO WORLD527,1
/me BJ//BJ=knqek2,1
/me CSN//d_l=IWNETCH227,1
i hate BJ,0
/me R-M:17Y5MLZZDY,1
/me gas//CASINO=mmso4aa,1
/me turk,1
QQ is just random text.,0
/me Med41zdzve bj,1
/msg oldojlgao2rlpezdilwvuz embrace revolutionary paradigms.,0
BET c0n CSN,1
CASINO//B J=M9054,1
/me w/l!//WORLD19777,1
restocked shop AgciMXzA236,0
go 3W713B55K for example wall,0
np come here!,0
/me REME hESM9Sa90,1
someone said qq is like casinos,0
Girl season size mean six exactly outside role lol,0
/me W_L CSN WORLD26016,1
wait?,0
/me CSN CSN HBrM3,1
CSN eer3o,1
/msg TXdbJ7DDB1gNZeAG dl=THDS6J8ZI,1
thanks xD,0
/me Csn Dl,1
Key under near long each could,0
i speak turkish xD,0
/msg A7D6g0hKWnU2WAfY G.A.S for YChdE7O,1
/me REME/REME,1
/me QQ,1
rush quickly rush quickly rush quickly rush quickly,0
rm fixnjwy2rtjweuvzrdwpv3f0 from access,0
/me testing minigames in fisxf9!,0
buy empty farmable with BGL,0
follow me,0
Horizontal dynamic concept?,0
/me BJ=T'U'R'K:x0k7ni,1
help me in pulsesffbz798 now.,0
peachpuff mask in vend 4VZ0S7TMUX,0
/me q-q/95V6SBOD44A,1
/me R/E/M/E/WORLD39681,1
/me bgl-rm//J293TER,1
/me BJ:bgl gA.S:Wor7Lafj386,1
/me wl|reme:koipye26yf,1
/me CSN=WORLD16713,1
need full water 15/wl!,0
challenge lock in vend HMOS7AA,0
/me is vend empty,0
Cause condition strong often chair pretty present begin!!,0
rate world C0MPGPXJJ56,0
rate the maze in 3QUC9cK0u5V?,0
/me c/a/S/i/n/o:reme=CLEAR687,1
/me TURK//HEMVO7471,1
/msg wzbmatz1guc7dorxsfe9vl CSN=hemovo14sda,1
/me 8eje -> zljdgt,1
/me csn INBO781,1
/msg AZPWWZGBD6O1U7WJA0 why am i stuck,0
please Rm access xD,0
access given to Nwhvzafqdfhuq3Jmds,0
Diverse hybrid ability,0
/me QQ us2,1
/me ga.s,1
/me BJ!=k3zji5xal5,1
my world is LUMRT3381 when free,0
GAS mask 12dls lol,0
/me D1 BJ ronbi1807,1
/me reme/GAS THSY,1
/me Dl/W'L D:L,1
/me CASINO:LSCRI01,1
FAST DL::WORLD63700,1
/me w'l3//C'a's'I'n'O WORLD43577,1
Song staff suddenly once myself lot real rule hair trouble cultural land including.,0
/me QQ PTAT053,1
np follow me,0
/me CASINO,1
display block : 88wl,0
/me NOW BJ:a8tzit,1
apoiuytr,0
/me CSN!,1
playing parkour when free.,0
rate world Y75IBYS if you want,0
/me B'g'L|rEMe|bin8e5ugqe,1
/msg BNBIPYYQOMA6X9ET CSN:LFKSSALM1,1
going to parkour for a minute?,0
/me CASINO QQ,1
/me CSN CSN cSn,1
/me dl//CASINO=treo5yam,1
/me h335m831045=Csn,1
/me bGl=gspkxukvg6,1
System reality wait successful talk air site plant true both high letter almost power year lol,0
/me WIN pr33nf3nn37212 DL,1
/me BJ join ero,1
is the owner here,0
does anyone know nor mention every lol,0
/me 8 E J E/M1N k3trocedbz,1
/me rm DL Rl3,1
Five idea middle simple power culture traditional?,0
/me Turk:Q.Q//N3LM722,1
we play event for fun,0
ban casino bots!,0
where is the white door,0
/me seed shop M4N8029,0
wait,0
see Sjqat1522 if you want?,0
Possible prove!!,0
we are doing maze this round lol!,0
look at my world QB9DT bro?,0
/me Csn=w2rolld,1
/me join us for event in swwspedoabcs1,0
lets go fast lets go fast lets go fast lets go fast lets go fast.,0
/me CSN//w-.l/rvq8fe9,1
/me CASINO//CSN=0opsgxlo1y,1
lag owner??,0
/msg lwNkIgVsninSe8EzO3 Min in H1SA0574,1
/me BJ pcxfua,1
rush rush rush rush!!!,0
Q.Q-qq-QQ-c/s/n=r/m=xmo8,1
/me clothes shop wmbmuted37.,0
/me cSn//CASINO=IVRO330,1
/me M.In bj//WORLD39500,1
/me is vend empty?,0
/me m/i/n//DL=sdjuep,1
/me BJ|REME|wL|BEJE//3x4883,1
/msg jtfbwepribk2uvlc BEJE at W270RLF,1
/me beje//beJe,1
playing race for fun,0
playing games if you want anyone?,0
/me CASINO CASINO CSN,1
/me QQ,1
store fuulpeming8155.,0
/me Reme Qq Reme,1
come test puzzle for fun,0
i saw casino spam in LEYBKMHOBLAS210,0
buying wrench msg me xD,0
/me QQ,1
/me CSN:wol326af,1
/me password changed!!,0
avoid REME worlds,0
/me BEJE=QKcXnU,1
going to event for fun,0
report BJ spam,0
my world is 3h5m42 guys,0
avoid BEJE worlds.,0
play re-intermediate cross-media infrastructu in cfyru835 guys!,0
how to make wl,0
/msg rGOuRDZinOjUMDQNs2PtSKtP wrench BIEHJRVHIJFGIQURB5,0
cheap shop accepts bGL,0
/me reme MIN=KIND1,1
/me OPEN QQ:VJG0001,1
2FD1JOVHZNG CSN,1
hurry hurry,0
join leverage next-generation e-markets before we leave,0
/me BGL CSN f5apv8pywv,1
/me Turk wl==LAWY00,1
/me DL QQ,1
/me CA'SINO//BET=llmosa926v,1
/me grass block 49dl!,0
enter C0V3R if you want,0
hello!,0
Reveal receive trial bag,0
selling bait in mel9Zl4,0
/me CASINO//min=kuj94,1
/me min WORLD48414,1
/me CSN:I154OErl,1
hey visit lausw4g0 when free.,0
help me in WBO23RL if you want,0
sdfghjklzxcvbnm!.,0
/me CSN/Csn/DL/Turk==hesla2799,1
i need a door?,0
do not join REME.,0
report BJ spam,0
/me how to farm,0
hey enter MRS01 it is open,0
how to farm,0
who wants to race event!,0
/me RM//w0dmdvfvlk,1
talking about casino is not same as advertising,0
/me BJ/wl=hebelrick8256,1
Note exist nor itself xD,0
play catch in D66BNI,0
/me MIN:WORLD95688,1
DL|D.L:EYTHR11,1
lag?,0
/me casino:csn//y71mtih3jop,1
do it do it do it do it do it do it!,0
/me BJ 6cp8rh,1
world relat9156 is open need help,0
can you visit detpc6 it is open,0
see my world lexoso2 need help,0
/me CASINO BJ,1
/me CASINO//min=H7P5824,1
/me Gas/d2elprgi,1
playing relate this round.,0
/me CASINO REME CIOUSISCH6BQII5,1
/msg B5JVBWYLGMN1BII5UEKJWPUOQ8GRVP RM=Rem E=4f73r,1
/me WL/MIN OYei3VzErQ,1
small sign:8 gems,0
reported casino spammer,0
thus checkpoint in vend XESMO339!,0
charge charge charge charge quick,0
/me BEJ3 on gxwepfoh,1
S2D71VHNJ9 has cape,0
come help at ZZORA766 bro!!,0
who wants to join minigames,0
/me 83je Lowgay61,1
/me REME=worl60af,1
/me why is csn not allowed!!,0
fun optimize frictionless eyeballs in M954OOSA.,0
CASINO2 CASINO 1nnexa0,1
someone report c8ele5utmhceuynnjxk0 for casino,0
/me M_I_N-beje,1
/me play implement proactive roi in W003LRD,0
yemo8 is open need help.,0
/me RM CSN zuubxykk,1
/me wl=turK=sell5428,1
/me REME BET CASINO,1
/me qq=j2oss0o,1
world owner dexuylabrdcypmcrzbkovtahq3,0
play event in W30ORLD,0
lag.,0
/me b9l::7osa8t84,1
lets play event in DIILANMAN05.,0
Wide go join not yet lawyer,0
hello xD,0
QQ -> WORLD21522,1
/me OPEN CSN:capekinupru461,1
new world hsmsba906 guys,0
/me CSN/letgqx,1
cheap farmable at HE3OS2A!,0
/me CsN BJ,1
rm rgBDWfPpdpnMRqLhcEH9RIRBpabW from access,0
new digitized motivating function open in HE727QO xD,0
R9DQOYJZLXESGIB5FK keeps saying CSN,0
/me playing fully-configurable system-worthy open ar this round guys,0
/me rM Q:Q Reme,1
wrench EUDEHZUNR8XHOKT5Q2J5R5OMUW?,0
/msg r3erxcRLWGo4umkfnZqEcNG4g1oB REME=CsN=teg3bujiju,1
yo?,0
/me REME REME nskb8wa,1
go J68A4 for mediumturquoise dirt,0
why people type CAsino!!,0
is the owner here!,0
/me tURk,1
surg shop at HEM748MO?,0
hey go TUROYAM40 please,0
/me CASINO//B91=rnyserluo205,1
main of bodccycfb0 is K9ZbXKG6M4F4CUh4pHfbK3g2Ha!!,0
come help at X3M00 guys lol,0
/me is this world public.,0
wrench khrgpvakurj9ba?,0
help me in 8556WOL it is open,0
/me testing race in wo67laf,0
new world DESCRIB484E please,0
ca$1no::X8Qwjpe7Ae,1
lag!,0
/me W/L c.a.s.i.n.o 3m02191,1
Cover them before,0
WNORLAF7 is open now!,0
/msg opcol2gpjgzqswgpcpge nice world.,0
MOSS60A is open pls,0
cheap how weather machine at M0658!,0
/me 8gL/wl//bj1m5a,1
we are doing map for fun!!,0
/me NOW WORLD80026 CSN,1
/me Turk:WORLD45621,1
/me BGl/f4kbqjz1e,1
/me beje=VQXYTTG9905,1
/me G/A/S:ZUH7,1
/msg EHBHDAZ6NYDJB2KHOELNBKUA kick yojzvrb6qjhra6ad,0
/me wl,1
/me GAS:scwdbn,1
playing games this round.,0
BEJE=WORLD74914,1
how to splice,0
hurry hurry hurry fast.,0
/me Beje,1
/me Rm|(as1no|flhan0o,1
/me how to farm!!,0
/me CS_N WTP6RDQ,1
/me (@siNO=GZ19RA,1
/me FREE PIGSING501 CSN,1
cheap shop accepts WL,0
4Y2Uef5X6Xd open now ty,0
ekpbi3Z8rhUqZ0KQsN owns this!,0
/me join to this world D53VEK6 bro lol,0
main is P0F3Rdd3Zcnawsr2,0
/me rm Vkpfr,1
restocked clothes shop say,0
/msg S2S1ctrHiGYPBIJya2g8w5yf dL=BGR167G,1
/me Bj4,1
/msg qrodNBdbr9HPc6 Reme/zym3w7vz,1
come help at MBQ30 please.,0
hello can someone help,0
/me DL jvgbixb7ym,1
/me Turk 3Ooad,1
where is vend,0
owner R_M usf3CmnRCuG1N2y3mb.,0
/me B_G_L R_E_M_E 0u506jiX,1
/me bgl//WORLD61994,1
/me 8GL//Mw5aDy4aUFou,1
world owner C0K7AJLDV1ERCOQR,0
help me in ME497L need help.,0
world agq6zn2 is open when free,0
go my storage called 2K0WWHKXGSD bro!,0
/me join us for puzzle in f3o3qgc1i,0
can i buy this?,0
go ZPEKF8ZSNW when free,0
someone explain csn,0
/me BUY hma4v CSN,1
/me BUY G'a'S WORLD40242,1
/me CASINO QQ casinO,1
can you try v77n2vwk8e when free,0
CSN/CASINO WORLD34216,1
wall = 92bgl xD,0
/me REME//r-m WORLD40354,1
/me CSN2//cyaborz172,1
/me QQ:xm793o,1
/me new race open in discu05,0
we play games this round lol lol,0
QQ CSN c2bmywu6gg,1
Win mother onto son will myself Congress family say pressure floor student several wide,0
CSN:F3F3C7,1
/me ga5 bj OHy4gE,1
go my shop called WC90ORLA bro!,0
qq Bej3=dhm5rpo9,1
/me Tu Rk/Wl! WORLD38203,1
/me bgl:R2SYG9ctw,1
/me GAS TurK:B E J E:d-l,1
Ljo-lz_iwt.tdi vvvvvvvv oknnlqd idk :),0
/me CASINO//me3lo,1
need 1 WL change,0
caSINo=BET//neea980,1
/me M/I/N=733R1010,1
go hem32995 now,0
/me T'U'R'K/rm dpgwqaovc,1
selling geiger in 0447R00,0
/me r_e_m_e?,1
c s n is annoying,0
hey look at w47jrold now,0
evolve rich convergence,0
/me D.L/G _A S/WORLD69496,1
/me dl8=Tu/Rk:w0rll6,1
/me q'q CSN=5nz3jcp01z,1
/me CSN=W/L=M3554,1
/msg Jbpltcjluwup join us for minigames in tylvcoug5,0
unit chand costs 1/11 /wl,0
cheap shop at TRY,0
/msg QUTFALSLNKBCFEERW9NEI0MUEJ CASINO=BHESMOS514,1
new world with now?,0
/me rm ewz2yakcyijtiz from access!,0
/me RE_m-E Bj RM tejjVk,1
Curyabu73 is open it is open,0
/me 83Je//DL baxj3,1
/me OPEN CASINO=iha2myv,1
wait follow me,0
anyone want to play challenge Customer body than art may,0
/me S3LL Luao17 CASINO,1
/me GO A85CYRP4 CASINO,1
DL:HE2MW722OSA,1
fun event in gOr555l.,0
/me Qq/WoR3lAS,1
minimum price is 5/17 /wl?,0
/me B.J|DL:D/l HHM0435064,1
come here and try games?,0
/me gas W L=Z054r0598,1
rate world mrv1mkq14 now?,0
/me GAS Beje CON1448,1
hi,0
/msg i8xvvfYXtKX0jGHvrMJ1 Bj QQ=Te0j3Bi,1
/me GAS/MIN prop404,1
anyone want to test games with friends,0
psfmydytq nnnnnnnnnnn adgjlx,0
/me CaSiNO!//HE762UMA,1
/me bEJ3 DL P78J,1
/me MIN/g_a_s/BJ/R__M VE85RBMEM,1
/me cbggiwy reme,1
/me BGL LET4700,1
/me BJ above775,1
revolutionize bleeding-edge applications?,0
/me CSN//D_L/TEROAYY157,1
/me DL QQ jLAhi1w0P8,1
/me Gas//ezhcdpm5j,1
education door : 320 per wl,0
/me 8EJ3 Reme TURK,1
/me CASINO CSN,1
enter my world OWRL2741 ty,0
/me DL gas=2MM8OIS4,1
/me ERY7oaM=Casino,1
can you visit Ymos5123?,0
join virtual clear-thinking productivity this round lol?,0
/me wl4=dl==OiDMDnUcOr9,1
/me CSN/u9xWa4lYN,1
help me in 3w0rl8dn please,0
join challenge implement distributed schemas lol?,0
/me Rm//dfx1n1,1
Could produce protect important write end cold.,0
new quest open in F03M54 anyone?,0
/me Free RM::he266mot,1
BGL price check?,0
/me qq/Reme,1
/me DL qq m7e2hrl8,1
/me Beje=B6Q4D222,1
/me relog hello!!,0
Perform carry ever analysis team church large perhaps body question stock building Mrs such xD,0
/me try my world nex870aa pls.,0
rm phl5zsfzl2d5r3vlqxfoqau4 from access!!,0
/me Q-Q//rig2,1
/me world high2585 is open if you want,0
/me RM,1
/me R/E/M/E:Y61xPL7sv,1
/me Balanced incremental policy.,0
vends worl47!,0
oloshpvau80 has gamble spammer :),0
/me world J8KV2LI is open need help,0
/me CSN|8.J LUP99,1
/me B_J:r6kgc6,1
/me DL:foyr,1
/me CSn//B//GL=LFXPU0E72,1
/me CSN,1
clean world key : 6dls,0
/me B'J:RM,1
/me TURK//e3vivce,1
R-M//wl//M_I_N=jyfehhm,1
/msg ZYMIHTNTLHOMDZJPUHSZ QQ QQ=UXSX6116,1
Turn society ask why pressure,0
access of HXE92MVO is kZm2c3PhUlm5owr1gr!!,0
T-URK//Reme=hesmso1a84,1
Ball show real along,0
run run run quick,0
/me BET WORLD83203 CSN,1
/me CSN//eh56ma,1
kick DDQ1SWvChULqRXQbC8Hoegc1UwnSUmI9cB.,0
/me wrench jizxehsebns3uaptgwnlivq7q6,0
/me Bj:casIno:WORLD78869,1
/me Free dl/WORLD14297,1
/me CSN ANY,1
hurry hurry hurry hurry!,0
AGE1 is open guys,0
/msg jpkht5q9d0iwphzczsevtbalqs r 3 m e|bj=WORLD29260,1
buy lightcyan wing for 8 per wl?,0
who wants to run event lol,0
(CASINO=CHWVJBXSUQ,1
/me min-w1 M I N=7rno2,1
/me GAS Bj W/L,1
/me CSN//vw0r0lm,1
CASIN.O:R M//TURK:REAL015,1
WL price check!,0
come here and help with event guys,0
/msg nlw4ourqlgp5ojdk remove access from oxkuumiad7x4jrogs0qx xD,0
/me BJ:WORLD20111,1
Qq:lvml3208,1
BEJE2/Qq8 HESMA23,1
/msg qauoitw0o7ncf7 C'S'N//Gas//xri6mo,1
QQ bro wait!,0
need seek sugar cane paying 1/8dls,0
/me where is the white door,0
visit to my storage 2teroyam1?,0
/me BEJE//0W2RL4,1
/me going to half Shake!,0
/me WJS6UWT:QQ,1
Tend data customer in save test third herself charge number exactly team,0
/me b'E'j'E//casi//no4 ou7tyapi,1
Rm open GFN3LW3J3W8,1
/me BJ/Casino oj7309n0wi,1
admin added C9Dzksi0I6Va.,0
/me DL/bhy8t6ax,1
/me CASINO=GHKFX4H,1
playing minigames Student person specific figure.,0
/me QQ:m0054,1
/me Good us your rate serious voice see decade anything cultural red throughout shake commercial.,0
/me BGL=fdxh2hhgmx4,1
vend has have geiger for 75dl,0
Casino:MIN:bgl//hqm736msa,1
/me CSN WORLD71032,1
/me Casino,1
/me CASINO::8E$J3/WORLD64017,1
de0m33 is open ty,0
help with challenge in LIFE44,0
/me jzkjdkj CASINO,1
/me qq,1
what does CASINO mean,0
/me i saw CASINO spam in NAYLBHK1?,0
mbczkhfspiy nvxljgdaouteqnv,0
jump jump jump jump jump,0
Reduced tertiary open architecture,0
/me BGL=cbu4syjyop,1
/me CASINO//REme//Dl,1
wrench Fui2X1Lbqloxkvj8B7!,0
market open RKNFY29,0
/me Qq=q'q=QQ=WORLD75563,1
buying table msg me,0
who wants to play challenge.,0
doitdoitdoitdoitdoitdoitdoit!!,0
block shop hemmsya491,0
rush rush rush rush rush rush,0
what means Rm,0
/me dl//hesmsoa9138,1
my world is table,0
/me G/a/S cre5,1
/me bj/B_EJE ZO0554A,1
/me CASINO:WORLD16558,1
DL shop - h4mfo7634!!,0
/me csn//csn:WORLD53016,1
need 1 WL change!,0
owner RM yuktweckkedurga4k2aa,0
/msg NJDEUNS9UBM5PEQRB7A5OEHVO5R2DZHJ casino=BACK,1
/me DL CSN,1
/me 7uRK//QQ=g3r4bfohv,1
/me w 1=3Hmy094,1
check my world rivov082 guys?,0
/me B G L a3s1ajg,1
/me B_J,1
anyone want to play minigames when free,0
pull Xjysa0W7Xftcyftrr2Vlocswek please!,0
/me wtiafjz,0
/me MI-N==pjste2xfs,1
/me tuRK:ERDRI401,1
/me q-q R//M TEro7,1
/me B-GL//mme19lo,1
/me CASINO QQ WORLD53215,1
admin = ledjiit6mfmusmw5q5r7tih7rj.,0
/me i saw CASINO spam in XEMH658.,0
/me REME=CSN,1
/me 7URK=WR863OLAF,1
do it do it,0
/me R_e_m_E//Bgl//WORLD98947,1
try my farm:WorL837Af if you want,0
he said casino but not advertising!!,0
push push,0
ffffffffffff!!?,0
need leave platform 6gems?,0
come help at 0Y617J19V now.,0
/me W'L qq v7vrjyb8tr,1
RESTOCKED vend t23eo,0
Zvmeyosgkxbqr?!,0
/me xqeh_f-gd iyrwmbczkhfsp tscibtgkskyjgy,0
/me R_M//R M=09AHLBBNB,1
/me C S N=HAI003,1
/me BE'JE//ReME=II6J8,1
/me CASINO,1
/me Q-Q|g3n7mlp5239,1
/me CASINO=Wqavlki,1
DL/WORLD63437,1
pull k2WSDqdLAqV5r3r0bhyw please?,0
wait,0
/me beje,1
CAS_INO,1
H1GHR4BL3C1N523 is open,0
market m05415,0
/me QQ:R:3ME/4e9z3qb84j,1
/me CASINO::DKESPI7,1
mod is TMG1ANVVR2ZWIF,0
/me Casino//WORLD22606,1
shop r2vppx8cr,0
/me CSN=n9b4use,1
/me cheap shop accepts WL,0
/me BEJE/c'S'n=Lhdi9P,1
/me R M=min=d.L=TURK::PROV,1
we are doing maze for fun,0
/me Bgl//pz6k33jw,1
/me FREE CASINO-HEMQ872,1
letsgoletsgoletsgoletsgoletsgo,0
admin added Rfb3Glbmg5Nsdbk3V1Du xD,0
/me BGL//0JbBQ4t7Z2,1
/me B'G'L|RM|Rm|Dl,1
playing goal for fun.,0
/me min,1
help me in a9w7mp0a5h if you want,0
admin added p8IpxBJ0iFbz,0
/me CSN xhkm594,1
/me tuRk,1
/me CSN=mucainv2,1
/me W-L==fvm9jppd,1
come here and play parkour lol.,0
/me TURK=vesihmh8,1
how much is laugh,0
DL sisc4912,1
see CHCEK30,0
/me vend has violet dirt for 14 dl :),0
why is csn not allowed,0
/msg woxbagnleyt7hgurhdp8bbc0sykb g/A/s=7KF400,1
dhjaofjf32 has khaki platform,0
/me 8gl=WORLD10148,1
hurry hurry hurry hurry hurry,0
gas gas gas lol,0
/me turK,1
is 19gems fair,0
/me BGL:AJANIPA2,1
need help with farm?,0
/me why do people say casino!!,0
/me CSN//ishbc5llhu,1
/me Reme=TRMASAW,1
/me Q//Q|Q//Q,1
/me CSN=O34FJ,1
change wls to BGL,0
why is csn not allowed :),0
rm Qky0Qyn3Slush0 from access,0
/me hey rate AV94 guys,0
WORLD71694-QQ,1
/me DL/rm=tasboh,1
/me B j|rem3//e12xmo,1
Universal regional structure,0
BEJE cS n Qq=NOAR8059,1
/msg naL9KhI5HTTFyw bgl|CSN:ry8d90sour,1
/me MIN:B/j:BJ bgl,1
/me t/urk:WORLD13246!,1
pull ntnejvj5pgissz please,0
/me casino:B E J E:wol130,1
/msg LHYLLCBPEVU4ELYSHWHRVQL8VRR1 MIN open WORLD57232,1
/me CASINO//BEJE=whxyd09,1
/msg rxqfdhb6pshpsfc3sg CASINO=s7itfti8jr,1
/me B.E.J.E=axdjws4k,1
/me play event in war254l,0
push push push push push,0
/me mIn B-E-J-E//m1n//CSN//rm,1
/me BGL//v9l44224nsvn,1
/me R-e-m-E=bwa3ktlga,1
/msg fuv2AGyQwrfzfWZiP7YXv7q8GmXS QQ=rych44704,1
my friend says QQ,0
restocked weather shop IZAP77PEG,0
rate world kkb7d bro,0
pull Qugynvcwx0 please,0
/me come help at WZ2Z if you want,0
come help at thrcd8 pls.,0
can admin RM me,0
B E J E w'l=W050RLL4F,1
/me W L,1
/me FREE G//As:L87THU3FAIW,1
price check body fossil 55per wl,0
/msg yYp0H6JsnPpb RM for WORLD54292,1
admin added Bmlitkc7Vcpow4?,0
clothes shop open w553lryz,0
cAsiNo/bgl/R.M/C/a_/Sin.o,1
/me c_a_s_i_n_o WORLD39691,1
/me m/I/N//qq:23ehn3,1
d0Lwn3iFP has magenta mask,0
/me CASINO y1xio9f,1
/me CS_N BJ CSN,1
/msg IKTANZVHF9KFJ2Q1 pc gas mask for 763dls,0
/msg Tys2G4Ysyjazooywcjv3Nff6Nokenh Turk=take,1
/me BE T REM.E::X2TYOJUS,1
/me B/e///J/E:RM:BJ==Dl|ovs7a,1
come here and play parkour!,0
/me g a s=WORLD96308,1
someone report int6r1ojl1zfcio4ov for casino,0
kkkkkkkkkkk idk.,0
/msg Xsooxlnnkifdulamqhirt9Jxe6 play event in h3m80,0
/me dl,1
CASINO=QIRCY6665,1
someone said CASINO here?,0
/me DL/CSN PI428N,1
/me 8UO1nR1ivp:CSN,1
/me De-engineered methodical process improvement,0
/me M'I'N,1
/me QQ CSN,1
leader of HHATIGS293 is kyj2tflsx2o5kzw6uab1cjauqi,0
hello can someone help,0
/me GAs:H3M650,1
Break project wide various run amount bag,0
/me 7Urk:GLT9Z0,1
/me DL/D-L:LgMpVP,1
/me GAS/G4S dnhrgr42564,1
rush rush,0
t/u/r/k for H3M0544746,1
/me GAS//m//in-zzmjrx,1
/me b gl,1
crystal : 3 wl,0
/me C/A/S/I/N/O//7em100oSa,1
/me DL,1
/me come here and try challenge,0
how much is this item,0
follow me,0
/me G-A-S//M019045,1
admin added a3twK4j1oWZFQlRGiiu1k4,0
/me BEJE:World67238,1
/me i am tired of casinos ads lol,0
BEJe//qq=VOICE1,1
DL shop W0RL1934,0
/me CSN QQ QQ,1
come on come on come on come on,0
/me Dl:Bgl 73r0y414mm,1
/me BEJE:w0rld0,1
new world mmus125a guys,0
/me b/e/j/E-Bgl2/DIFFER3,1
/me CASINO:hescri0b6623,1
/me beje:CASINO:B1B3HTQZLJ1,1
/me b_g_l:TURK:R-M XEmo23,1
join us for expedite cutting-edge schemas in cyrhy47g83,0
do it do it do it do it do it xD,0
testing race in EIYFA,0
/me BGL/CSN r60o0o3d,1
yrwmbczkhfspiy,0
go KC54J for church surg tool!,0
/me CASINO//ISMGTOMI452,1
come help at f0r1 ty.,0
lets play parkour in BON48,0
/me CASINO//Tu.r-k=ho2,1
/me admin added abjdksfzrraggd,0
/me is CsN banned?,0
/me BJ/CSN WORLD86024,1
ban IJVJB8T1VDUGUBXNNUUHE0NRPQ from world?,0
rm kvs0t6gmymigl3hg from access?,0
/msg Delxw0Tdy3 Camera fact parent conference!,0
/me RM u2h7yifyk,1
HKANDHDL4392 has blocks,0
TURK:1ozwavbqe,1
wL::wrnlhvb pls,1
does anyone know almost,0
/me R.3.M.E,1
/me C5N=i4SlvPb,1
/me bE.jE//GIOUSKLDERDJ14,1
/me b'g_l//BGL//worldk1,1
DL.:F99ZU9,1
/me BJ:Csn:tUrk-EW4H61SV,1
Business guy possible middle analysis adult mean floor both time soldier?,0
/me GO olnnj7xx REME,1
cornflowerblue block in vend hee097msa :),0
/me PLAY dl=I360Ro,1
/me REME//WORLD67003,1
/me BGL//3hm5054321,1
can you check pretty ty,0
selling grass block in jox0265,0
/me MIN|uzk8m5,1
/me NOW bejE|WORLD8334,1
come help at Biblj23 if you want xD,0
TURk=8ej'e==MIW,1
testing exploit 24/7 markets in WR82L,0
/me C-SN WORLD70405,1
/me W/L=rm:TE28RO,1
/me hey rate Xmeo60E it is open,0
/me 7URK W00RL463F2,1
/me RM access from quv9peg5x4u7ipm4xj,0
/me CASINO aesntrgstp,1
/msg I9Odd7Ajxglub9To where are you,0
/me REME/OWRLD5188,1
BGl::okodghz27,1
hurry bro hurry bro,0
wrench acmrw7t8vkbdoncpx1mccgtnh4,0
playing minigames for fun,0
/me T_U_R_K join bga0jgv3ey26,1
/msg domluvxmdab8uocnj1lh how much is nor!,0
/me restocked clothes shop wodlrd670,0
/msg nTCuR0o0ZWDgufU5cgRFF6pe CSN h2305m05,1
/me need cheap vend paying 4 gems?,0
is casinos illegal,0
anythi5053 open now ty?,0
/msg hxfoj9ldwdnhafoqwk BJ-g'as=thscgogmq2,1
/msg anfna9vhclj5dzecgvgnt8zhvjckje orchestrate cutting-edge e-markets,0
/me QQ ybj66,1
/me D1//T02EROO4YAM,1
/me b-g l:rm:bGL:RM//tmlqmtmns8,1
avoid d0ecr it has C-A-S-I-N-O spam,0
/me TURK//BGL//WL//t'u'r'k//Q9Wnjzm2Yd,1
/me t urk,1
/me gas=X30M233,1
how much is this item,0
/me W-L=WORLD46548,1
BJ=8335M0,1
ty?,0
play games in Arrmx85.,0
/me Min:B-EJE,1
try my world called adk8196 pls,0
/me CASINO=WORLD59195,1
/me CSN CSN BJ,1
come the world:WOLA34F it is open,0
/me ban ougsgvishehmmiswd8esqhzg from world?,0
/me TURK friend Cmaihkydxcp5X7,0
/me 8J B J PRODUCE,1
shop at hesmoa6s,0
/me Qq WL=tURK,1
buying million wall msg me!,0
geiger:29dl,0
go h8ewosa for pack?,0
selling GAS mask,0
/me Q/Q//BJ=RNP6TPSF,1
/me History here into energy room,0
/me Wl,1
/me BGL/dl/casino,1
/me BJ evloerieswurst1,1
lets join parkour in mo21s.,0
/me r'm/C/5/N=bgl=FPMXELK,1
/me REME-m1n//ligh5,1
is 81 wl fair,0
wing 6dls.,0
come help at MINAlZB04 bro,0
/me Casin'O QQ bigpdsm730r,1
/me someone said qq is like casino?,0
/me REME:DKX3LHT,1
/me come test event at Mecmizu67,0
/me BGL=P4sm9j5w4M,1
playing identify for fun,0
ban lxt4v5v3fyd3qoh0uz from world,0
/me QQ M07H,1
FYSUPLA503 has farmable,0
/me Wo89Rl=CSN,1
/me r_m=Dl=WORLD41489,1
/me r// M:GAs w5orlaf,1
go 1RL6 for hair!,0
we are doing orchestrate scalable metrics for fun,0
/me WIN ga5=Zio9Zl,1
can you donate dirt :),0
report csn spam,0
/me CAsINO,1
/me BET:hl791mssa,1
/me b-j G_A_S gas,1
/me we play enhanced discrete attitude Focused attitude-oriented process improvement,0
lol?,0
what is csn,0
/msg UJOENBQLUSYYLEL1BVMAG2ZXUY Wl for WORLD51375,1
REME-WORLD74779,1
Consider type forward close consumer yes serve,0
brb lol,0
/me csn=b.g.L:ga//s:8j/SA1BI7JDQS955,1
come on come on.,0
/me CAS1NO3//ghc84,1
/me csn,1
/me playing matrix back-end info-mediaries for fun guys!,0
/me BGL BJ CASINO,1
/me TU-RK CASINO rg66cynwg,1
/me 8EJE//C/5/N//G A S:4m7jDpdalwr2,1
/me CSN,1
/me b e j e -> reme//efrodos93,1
gAs:YNLEVVLKR401,1
/me GAS,1
/me world owner HKQDOLU1EKZPUQMYAQPEXKZZBF,0
owner RM l4u6d7uwi4rkdxc3jtij!,0
/me JOIN CSN/otxo7,1
/me CASINO//QBYBCPW9666,1
owner??,0
/me Beje:wo657rl,1
why is csn not allowed,0
forget seed=6 bgl,0
Q.Q//Bj//6P45LL3,1
access given to Jxy3G0Jndhrgqnjsts,0
/me rm//z4o9jwkwb6,1
/me riso44 has cas1no spammer,0
/me D/L//qq=ZBU90LR,1
join my world wohr99l bro?,0
need learn fossil paying 57per wl,0
/me R_M,1
/me hurry hurry hurry hurry hurry hurry,0
/me rm:04d6lhnxlj3,1
rate the offer in MODLOREGINGS4,0
need block paying 280dl,0
/me TURK owner is tqpwrbdrq8uttwz0kxfgzas9hzc3?,0
/me GAS CSN//wall43,1
/me TURK QQ=QQ/Ter626,1
/me B-J4 BJ hxy4bugxe,1
ban ypacyeevrrqvmkztn6n0ja from world,0
/me GAs now d4r9aein,1
/me BG-L,1
/me BJ oidmansfused8314,1
/me NOW CASINO:TMJI0,1
/me GAS Jku62hQRyyzG TURk,1
/me R/M/QQ WORLD62206,1
/me N07LN130FXW is open when free!,0
/me REME/QQ=ACCOR,1
/me d_1-CSN=eatwlguup,1
/me JOIN FEELING Bgl,1
what means BEJE,0
/me wL//CSN=RXA1,1
/me MIN//qhbr837oiko,1
/me DL==c_a_s_i_n_o TEROYACM7,1
/me Casino=V6X8VZD7FX,1
/msg iie6s4inxqpze1dey2dp CASINO=WORLD56104,1
playing challenge with friends,0
there is a casinos spammer here,0
why people say BJ,0
/me C'S'N=rhxlbhf,1
/me REME:Bj/35m754683,1
C$ASI NO,1
/me Beje,1
look at this world:bcv281 bro,0
hello can someone help,0
go my parkour called HES5MSA pls!,0
/me Turk//1vhq67igaut,1
/me REME QQ,1
/msg VYfkMGWEeKEUX7e4VzyhNOQ7mj QQ::L1YLFZ,1
/me avoid find25 it has csn spam,0
/me Wl//owrld7734,1
bqrupdhlcnwti!,0
/me c4$1no|bj|VORE,1
/me PLAY WORLD5272 QQ,1
weather shop at HH82EMSA,0
/me mIn G_AS BJ,1
/me PLAY CSN=ehbf4q,1
selling everyone wall in Qvldf1Bbiz,0
he said casino but not advertising!!,0
can i buy this,0
/me go investme19 for grass block,0
selling item for 705per wl!,0
csn means serious note maybe,0
come on come on come on come on come on!!!,0
is REME illegal :),0
/me Qq=WUYPCQC7ZM,1
/msg Hgf7Fdj5Afpxvfdljrkyzxr0Rb b9l wwacr6,1
lf concern air table 44/wl,0
jump jump jump jump jump jump,0
/me Turk=36267RY4M,1
come here,0
i am tired of CSN ads,0
/me Rm Yogparte118,1
/me BJ!!,1
price check lock 29bgl!!,0
we are doing couple with friends anyone??,0
/me why people type CSN,0
help me in TEROYAXM6777 if you want xD,0
/me BEJE CSN WO3OORLD,1
meet at he4ms57aa for puzzle,0
/me QQ::tujg7inc3y7hat,1
/me B/G/L//rM//M i n//RM i7xscwxzk,1
new maze open in sozto1 anyone?.,0
/me qq DL IRUIN8DP,1
odlwwdxl xD,0
/me NXP62 QQ,1
/msg C0Ffh5Pp dL tero80,1
Listen culture serve,0
/me C-A-S-I-N-O BJ:dc9rwm2bah,1
gAs:beje:Casino=5kn6umpz8urqxz,1
Run none economic century range spend?,0
/msg Macxvgrullkrcwo1Lhcdlet8 BET=Ngnoylt,1
playing puzzle for a minute,0
where is the white door,0
/me B_J//G-A-S R'/Eme bg-l REme=6732rnpcepq,1
go tn525tddz for land shirt,0
/me BG1/D-L WORLD48164,1
/msg PCXsIbt0UrhHBlNtx9 rate world SYJCHQI309 guys,0
run run,0
unhsudar,0
doing puzzle at hesmoa780s,0
/me CSN hemsa976,1
/me qq2///MiN///BJ,1
help with form in 5308R!,0
/me MIN!,1
doing race at GGJL294 xD,0
/me turk//turk//(-@sino:WORLD65275,1
C-A-S-I-N-08 at kfhtwx,1
/me G A s//Beje WORLD57437,1
/me WORLD85021/C.Asino,1
/me BeJE BET t75bo,1
remove access from FifMbrGgJxUVvuTBz2pwl9,0
/me CSN CSN WORLD14533,1
/me turk xZ3n5N,1
/me WC70N6H4 is open it is open,0
avoid casinos worlds :),0
/me r_e_m_e TURK GRO917,1
/me bj:csn=Q Q:WORLD71445,1
lagging so hard,0
/me TURK//C-S-'N//8:gl:Bj/215agtizci0,1
/msg acagr4u7wcpmpmkmhmt3am CSN=h3505467,1
/me Q//Q:GAS:0ZR46,1
Wl WORLD55665,1
/msg Nnc0M7Cqb6O8P0 wl=FAAR70,1
why am i stuck,0
/msg glgmmmjvekgrtom4ulrwqy Turk in usxlxymji7,1
/me Q/Q WORLD87546,1
DL//E9FOTEG,1
is 9wl fair,0
vend at hesmosd9a76 sing dirt!,0
/me BGL///QQ,1
/msg Afevmgn4 REME=picture2,1
/me G//As/b/J,1
/me who has access,0
hey come WORLAF765 when free,0
/msg PAAQDCFMHYYKRYJF CASINO=POWER,1
/me Dl=WORLD10811,1
/me REME//TE9ROYA0M,1
door id is 8749,0
access given to sdrfm7l0yxa8mluqm1rvjgjkyw,0
/me QQ!!,1
/me llswheelbq7 C Sn,1
/me R.E.M.e ljzgovfhe,1
rm ilr8n8rzieetucxtqkr1j7d6 from access,0
Agree administration bag plant enter throw certainly term prevent maintain brother?,0
/me WIN DL:TEWJWCUSK246,1
is the owner here!,0
/me CSN=cs'n//WORLD23702,1
/me B'J//CSN=h08resmosa,1
/me reme=M2jRz2mo,1
/me das749rim csn,1
/me new world operatio67 if you want,0
Wl=hessms4a7,1
we are doing map this round?,0
my world is 3ayqf9kx now?,0
B-E-J-E//B-e-j-e hftyftmod,1
fun skin in QOBSHIPSS18,0
lets go lets go lets go!!!!,0
can you go 8c7efzz it is open?,0
/me BJ Turk YUyw9i,1
/me B5zehO3wj Csn,1
/me CSN:WORLD73954,1
testing race in w2orl,0
CSN//t/uRK=H3M2905M4,1
/me QQ//Rem-E,1
/me C@S1NO abk0du,1
/me beje-hess200moosa,1
/me BJ//Reme=ofq88,1
/me play race in RLKHY68 lol!,0
need background paying 54dls,0
vend at VR7MEZ4 wall,0
/me come help at QOTW710 now,0
restocked surg shop te14o,0
/me Casino//X72EMMO,1
Adaptive fresh-thinking database?,0
move move,0
/me BGL/c-a-s-i-n-o Beat35,1
/me MI_N=Woorld1168,1
main of HAJKRANR942 is OGZ1DLSHNX!,0
/me GAS/Q:Q 14xsmpF5,1
/me anyone want to help with remain Two teacher difficult number media,0
/me g/a/s:ofxumir,1
/me selling assume mask in soci,0
/msg v8f7mllwq2xlsmx2a1ykuxq3 MIN0Jmf03Xb,1
/me MIN c S N:W1:MIN:CSN,1
/me DL2//teoryam773,1
/me R/E/M/.E/CASINO STATI8412,1
QQ=bs2ebjn7ncb,1
/me QQ lawyer11,1
CKVWO82LI open now ty,0
reported casino spammer,0
door id is 5863!,0
/me bg_l REME CJBC5494,1
/me move move,0
/me door id is 6725!,0
/me WL:WORLTD7318,1
/me MIN=w4c5ldhaqs,1
M-I-N:Ovalutora64,1
/me CSN==0RL6604F,1
dl//turk B_J:KAPHARC9,1
Whole yet total war source than teach low watch to,0
new world 2ibfh5 please.,0
brb,0
minimum price is 212wl lol,0
/me beJE/WORLD93166,1
/me CSN gruo563,1
/me DL QEU9PDG,1
yrwmbczkhfspiyrw jklzxcvbnmqwe?!,0
run run pls,0
/me MI-N-Casino-B:J-T U R K/gycdiuf7z,1
/me g-a-s:beje//REME=Woman,1
/me Q-Q=CGTFXBY2,1
/me Wl2//BGL=kgoahxn6,1
/me GAS1//mtmeilp2n6,1
/msg lbKIPBwll1dHZsgUqMbTA4 CASINO=zclomzf,1
/me CSN,1
fun ahead in ZORAHIGHARCH11?,0
meet at KQBWMMQG0 for contain please,0
geiger shop at dvxc512,0
who wants to join race!,0
/me CSN=HESMOAS29,1
play tell in bjbdxn096,0
who wants to run feel anyone?,0
hey join 41KU6WCO55 bro.,0
/me R'M PNEUTAHTRI71,1
Event of company take record if medical resource trip happen success,0
/me CS_N/G'-A'-S=d--l/z7kginhx,1
/msg l0t4ezlVMHtlO1pfH2 Rm:reme|lgxls66o,1
my world is pchdn3325 it is open.,0
/me W/L//CSN=polymentcismsovi1,1
Husband reduce month mission group.,0
Near produce quite.,0
sell be table for 3/13 wls,0
/me GAS rqvbmnjjr CSN,1
hurry hurry hurry hurry fast.,0
/me CASINO:EXOM287,1
casino is annoying,0
/me PLAY QQ -> PrESTR70,1
any TURK here.,0
is this world public,0
clean weather machine in vend 3m5t154!,0
Ago build,0
playing hair for fun!!,0
Form contain as apply lol,0
/me C-A-S-I-N-O:Reme//x97033m30,1
/me OPEN BJ=psdrejk5h,1
/me GO GA//S/WORLD41223,1
LM2P6 is open when free!,0
/me ga/s=WORLD94959,1
/me R.M-be_je Beje,1
meet at oorbl7785 for reactive tangible extranet,0
too many BJ bots,0
/me CSN=Hoxt8Kz,1
/me Qq/BEJE-WORLD96539,1
bgl=fkAYHo1,1
Hesm40Osa owner is jrqrbiuea5ppuofp,0
/me GAS=EHMO1,1
/me Q Q/CSN xeoo97,1
/me B3J3=55jwge,1
Necessary class site thousand,0
fun games in SAF9840!,0
/me CA$I/NO//vou7g5ic,1
/me M'In/81ridvj3z43,1
/me min REME 8xxTo91W,1
new world swebod18 if you want,0
where is too chance,0
/me join us for parkour in meo7,0
/me access given to Jru8Atqqq2Blgufzwh?,0
kick vNbNu3o3yDS1CqHn,0
who has access,0
/me new a open in TRROYAM153.,0
/me Reme4,1
/me rE.mE=WORLD49245,1
rate the maze in dedmin26,0
anyone want to join minigames for fun?,0
/me B3.JE:ems0822,1
why people type CSN?,0
/me m1n=7Urk gA-s,1
/me Turk|q q,1
/msg iis4p1gsv7r2tdy1h5oco3hpgg builder is O2Ssqabiizzqjnavylzlonmkwp.,0
/me Turk:B'G'L:REME:Mf93e56Sa,1
/me QQ:Beje,1
vend has billion hair for 20gems,0
Qq//9oraa0,1
B3J3::376R4eqh,1
/me GO TURK==rfe8kmy,1
/me Csn==D/L MIN W//L B_E_J_E:Bvcxq1,1
/me B-E-J-E Reme//GUTWKDQ0,1
movement pack 4per wl!,0
/me miN,1
/me Beje=CSN=5k4mv7,1
B_E_J_E::Heesm519Osa,1
/me G.4.S REme,1
/me CA_S-I_NO:Sluesloan2,1
/me do it do it do it do it do it,0
/me JOIN CSN=KFTYJMA,1
/msg C9UJDCUKNUT1K1E9MCKLPO qQmm248054,1
can you come z9d0y3l now!,0
/me CSN mirparazek8272,1
Ten fish each task hotel court.,0
selling doors in MHEMSX3!,0
/me dl//zzra363,1
/me visit my world u2k1us0sy please,0
/me MIN|m_i_n//er9dpdh,1
/me W/L//WORLD61371,1
/me new leverage turn-key eyeballs open in WV790JJ5G4M guys,0
nherkzh5mtxdb6yii2 keeps saying csn,0
rate the maze in HESAOSA22 guys?,0
/me REME//wle=4ldsa6l5,1
/me BGL kzkijls6,1
/me NOW MIN:TE41RIOYAZ,1
/me BJ WORLD21098,1
hurry please hurry please hurry please,0
/me w1=WORLD56638,1
/me vjxaisegnhjzpw,0
/msg iodwxmv6umvt BJ=hefdb7yv,1
someone said REMe here?,0
rate world M4SA please,0
wl/wl-TURK/WORLD20899,1
/me m/I/N=WrDnBKE8,1
/me Gas:AzPjsv,1
/me fun parkour in ECCONOM635,0
he said casino but not advertising,0
/me DL:ONE941,1
buying display block msg me,0
Business hear garden mission mother night couple,0
dont advertise REME!!,0
wall 4/wl!!,0
XMO40D28 open now guys,0
/me NOW Re.Me:S60IPX,1
/me cAsinO=RM/3NP4VY,1
sugar cane:9gems,0
buying whether fish tank msg me!,0
gas fast gas fast gas fast gas fast,0
/me come here,0
join us for event in 82QD1N.,0
/msg kcr4o3ksl9q7lfsj CSN=whky44cowu,1
we play maze if you want!,0
/me W:L:bEjE//B.J=WORLD87736,1
is casino banned,0
/me TURK|CSN|M_I_N=Cwyfnh,1
remove access from Arh5Lhuwtydwxal4Feqcb3,0
/me B/E/J/E=WORLD14893,1
/me W-L=QQ=WL WORLD93797,1
selling GAS mask!!,0
push push,0
/me R.M -> JXF2YGM,1
help with parkour in 9cij6s,0
M0M38285 is open guys,0
come here and farm puzzle lol,0
pc chartreuse bait for 20 wls,0
/me CSN WORLD22797,1
/me min=H3M1D0054C,1
lagging so hard,0
mod:G1ZCQAJKCCPIDVGWRTGIC0JW!,0
meet at 3894Kn6L for parkour,0
/msg D5O0C7Wslx is BEJE illegal?,0
/me casInO=WORLD83246,1
/me Bgl=RRsii9F,1
new world fcgi797 now,0
where is miss!,0
sorry hello,0
come build games for a minute,0
/me CASINO e5dkjhkd,1
c$n D L M332OAS,1
buying lime checkpoint msg me?,0
/me GAS tur'k WORLD29660,1
/me CSN=WO630KRL,1
/me bj/wl pz8nof77p,1
remove access from bKsxPSzCZBK6rBYH,0
G2KZQMVS owner is Mrnbnsgxozf0Ymmvulzryeab,0
khgkxenfsfmu omg,0
jump please jump please jump please jump please jump please!!,0
/me beje/g-a-s KNU511NGY4V3569,1
/me CASINO:SNYES84,1
where is exit,0
mod of 700NF1RM55 is rrq9tdf5vftpxiqifoplq2zxkzll.,0
change wls to BGL,0
new world tero297yam please,0
pc top bait for 124 wl,0
/me bj TELEVVI,1
/me Q'Q//Yn54t8,1
/me CSN,1
pull S3MRNCWMY5QWMUEYWDW3DJFW please,0
/me beJe-Rm=iffer2,1
/me CS//n=0XEOM14,1
/me Csn I7BhamnkD,1
/me hello follow me relog i am back,0
gogogogogogogo,0
builder=BvR9dXZcOBJ5GzY5Jy,0
/me tUrK join o90wrld,1
/me GAS==srH5j5ld,1
/msg c3e7zxlxn6zpo7avcbdmzp stop advertising casino!,0
/msg a8lxtgyupjw9f0loacnxphcyx6 CSN:w7rrld61,1
/me CSN//RM=vrxh62om,1
Exclusive attitude-oriented middleware,0
ban xhxpeduogmkpr7azaqatkgd4iblq from world lol,0
/me QQ//GAS=REAC8,1
/me csn=turk=9TEROYAM503,1
/me CSN-JSd1BiHnf93,1
come on come on come on,0
/me Min:ENXA2335,1
g.a.s:WORLD95775,1
gas)=WORLD78602,1
ban Wtqxyac8Kymyw9Rpi7Otwmb6X7N1Ma from world,0
new enterprise-wide stable middleware open in L53DGWPNBU,0
/msg K7YXDXCJG1F1FW rate the maze in BOTH,0
Tough view candidate me involve yeah test chair summer quality,0
help with cross-platform eco-centric intranet in Vcgzi4B5,0
is the owner here,0
/me CASINO/CSN POLI,1
rate the puzzle in vyxfuc,0
/me join parkour with friends!,0
block shop 50lry07h3c8281?,0
/me FREE CSN//cAPIKZvnw,1
G-A-S i1hefs,1
/me Matter movie follow ball site fight tell way put cause,0
dont join casino?,0
/me T U R K-8 e j e=7kl3707810,1
join to my farm H35M21754 need help,0
casino2//hm35964,1
/me GAS on tselevi81,1
WL=h035M0954,1
buying sea pack msg me,0
rush rush pls,0
/me BGL/beje,1
xzlkjhgfdsapoiuy,0
/me dzrlsjvkdwj!,0
/me q q,1
/me llllllllllllll nbvcxzlkj,0
/me CSN C S N=M1V7Nelkzb,1
/msg CLPFVBT8ZJASK4GUXM help me in w9180rl4f,0
restocked geiger shop 4RRC6L,0
fun way in XX344MEO,0
/me BJ==Gas:asythatanloop33,1
/me OPEN TTER52OYAM CASINO,1
/me NOW World42991 QQ,1
yo,0
vend has full bait for 10wls!!,0
/me BE/JE=bgL//w0r201l,1
rate the up-sized neutral artificial intelligence in h35ms0548207,0
/me Bgl yrafiedwise4124,1
TZE67O is open ty,0
Small around television point sit,0
/me BgL/BgL/BgL/BgL/BgL,1
/me CASINO//hund,1
password changed.,0
door id is 6270 lol,0
world owner x4jjx4k1j0ybz9sq :),0
/me DL=R_M=Y4D4COIJ,1
/me c-a-s-i-n-o R_M3,1
go 6ZMHUYH54 for seed?,0
/me CASINO|Ska5L6Fwjracqc,1
ml2bm has weather machine,0
play parkour in H334M64,0
/me MIN//B.J=HCYH70,1
/me bGL/Qq hsfkr26j1fo2wb,1
/me dl:S9NHYHB2N1,1
/me CSN==t8hneurh,1
/me CASINO|IPBXNTA7B2,1
ter2o21yam open now when free,0
Site civil season give money kind history should themselves politics bank :),0
/me hpmm198sa=CASINO,1
/me DL to x1em,1
gambl3 spam is everywhere,0
ban casino bots,0
there is a gamble spammer here,0
/msg F0rXlYDGBfUyVvZbrA CASINO=h843m054,1
/me CASINO/TURk builadu038,1
what does BJ mean,0
/me rE'me//DL:M542X,1
/me QQ//WORLD50557,1
Min//DL=Peace755,1
/me casino BJ ameri,1
cheap coral gas mask at three,0
/me GAS=Kgsfqxfbm,1
/me C4SIN0:CASINO=x4nqi2geb,1
/me G 'A $S:W0RL14CD,1
ty,0
wait owner?,0
/me Wl//SLTNYYO8168,1
/msg bieus7s9f1dvy1for8obdhzhotdf RM=eXb6PrhIc,1
/me meet at N3D88 for user-centric static capability,0
lets go lets go lets go lets go lets go lets go,0
/me GO WORLD2958 QQ,1
/me BUY Bj verdlm8,1
/me push push.,0
/me BJ/WORLD11276,1
what is csn?,0
i am back?,0
market TBFGT86.,0
go now go now go now,0
/me R-M:WoRld89340,1
fish shop open 1xy4w3,0
enter cxq21fwsry when free,0
/me new world xJhazle394 it is open,0
/me QQ Qq WORLD53135,1
/me REME:PAST8886,1
ANSPLU431 owner is k9y4cwyvmimgelqzxvhgxhxsspin,0
/me WL1389d1julf6,1
/me bejee r-eme=HEMOS8A,1
/me d-l=WO3493,1
hurry fast hurry fast hurry fast,0
door id is 3053.,0
/me CSN:gtqroyam060,1
/me BGL:j3jhyop,1
dont advertise c-a-s-i-n-o,0
meet at artist for minigames lol,0
someone named world BLUEOAS551 said r//m,0
/me DL,1
world z5959t is open.,0
come on come on come on come on fast,0
testing music in XEM3072 anyone?,0
/me 7Urk/KTMMNOU,1
pull BiOZq9zDlMFInhw1aDF6ViOdRXyV please,0
/me bJ f6v5qnqu,1
/me M_In-($N.-TU-RK8-Dl gegwztm2m,1
join event before we leave?,0
/me reme-Qq=WORLD80543,1
/me REME=D/L|BXJE1,1
push push push push push?,0
where is white door.,0
help me in EH622G if you want,0
/msg Zrhqc8Qhyxu2U1Vxcxbjd6Mq w-l9 to WORLD11585,1
/me rdYgH871 BET,1
go now go now go now,0
/me CSN//HEMO93,1
/me CASINO:pPJDy8ahAr9,1
cheap large dirt at cm7cn700.,0
/me ca$s.ino|BgL=WL:z5l023c,1
/me Cas1No:WORLD9017,1
buying chand msg me,0
/me dl=HYVMO29,1
/me Pressure woman recognize several owner key agent PM rest xD,0
/me REME//f7kty2qtc,1
/me R_M/beje,1
/me G//AS|Dl2|qmg8nju9l,1
/me lagging so hard,0
/me ZOAR4453/b eje,1
/me CAS:INO=R M h3m0514,1
Charge focus to spring book voice later world challenge trip soldier kind human!!,0
/msg Lhvaivt4Numya4Rult CSN=YY8W87,1
cool farm,0
/me QQ!,1
/me BJ/Q q=X9F3Sw,1
check my world owrl02l now,0
go this world called 0nng410c0rv33015 pls,0
we are doing minigames Campaign each entire?,0
join games in this world,0
/me CSN t86cep22u6y,1
DL shop - NEQEXA7354,0
/me mi.n//IETKUXNS,1
/me m_1n//BJ-KYPKYWNZ4,1
/me OPEN tUR'K/ER8126,1
/me CASINO,1
/me QQ=WORLD40113,1
There statement also car series!,0
relog wait,0
relate blocks 3gems!,0
/me REME=48EXP,1
my world is thygto1 guys!!,0
/msg lwe3lpztpammna MIn//Gas:h3m0546,1
/me B.3.J.E//9KBKHAPVTK9R,1
ZGTMXA5814 is open when free!!,0
REME QQ JI4dU1ue,1
/me CSn,1
restocked geiger shop M508044,0
jump jump jump jump jump jump lol,0
pull N5A7E2BLYHC2C3DHAQW6QZH5 please,0
cheap shop flr088l,0
Team-oriented tangible protocol!!,0
csn means small maybe.,0
/me C.Asino R3Me:WORLD77657,1
/msg H9DIY0KCQAMOD3 rm on WORLD15484,1
/me i dont understand MIN?,0
come come play particular at cyrt7761,0
Iw03Wnshs open now bro,0
/msg EcyKr1FaBqc1Zap3Rb CASINO=WORLD38097,1
come my storage called detsali037 if you want,0
/me selling GAS mask,0
anyone want to build exploit innovative vortals Young green can prepare,0
rate world h35m64 need help.,0
/me RM=WORLD59606,1
/me Bgl Gas,1
/me G_A_S/GAS urlkebk4y7,1
does anyone know yes mission?,0
/me QQ=w8zhslxa,1
/me BJ//CASINO=d4UoDyt9Q,1
help me in STOP58 please,0
my world is wr0l58 pls?,0
Beyond culture little final activity pull,0
Imagine radio option skin floor,0
world NFRKEF is open guys xD,0
/me bJ,1
owner RM eungb0x1v3ahktxanvhf,0
/me B'E'J'E///World18856///goit2ur0fm,1
/me w l QH19EMSI,1
we play maze Eye military commercial?,0
why am i stuck,0
buying talk checkpoint msg me!,0
/me B EJE/b/j/rm??,1
/me csn m15d1nr345,1
/me AS52 | 3mx04710,1
move move move move.,0
yo,0
DL=HE2MMO,1
rate world talett09 pls?,0
ban i9bmtxjqzfbz from world,0
lagging so hard,0
/me BGL:W245OR8LF,1
old fish tank 582 wl,0
/me CSN Qq BJ,1
/me min=3m60,1
rush rush rush rush,0
/me M'I'N/T4ERO922AYM,1
/me Gas=Im023Jx1Q9,1
/me AlmosT70 casino,1
/me JOIN MQG54 BJ,1
/me dl gaS/leuh7oskfqsvt,1
is the owner here,0
/me M/I/N|Reme|ol7gplp,1
meet at 758s7anm2b for maze,0
/me BUY Qq-W0rLn4F7,1
/me W.L::h465emmosa,1
/me BEJE//casino:ekeejhs,1
Spend since dog management reality agree prove,0
/me Turn so as well safe everything item any late understand exactly.,0
/me Csn!!,1
/me come my farm called MCFUR1177,0
cool farm i am back,0
/me xd where are you,0
rate my farm called HE3MOSA38 pls,0
/me D1 g a s:WORLD84894,1
/me Bj:gradflli58,1
/me Beje//CSN,1
/msg Sscmd7Wbjaycj2Wloq owner here!!,0
/me MIN=Csn:activit,1
/me Turk//P853M054,1
/me QQ hes5omsa751,1
/me rm/BJ M0SA904,1
/me playing map in this world,0
new world Abi it is open,0
i am back,0
Robust tangible capability,0
REME=WORLD29188,1
turk PLHDIZDJA871,1
dont join Cas1No!,0
come c0mdvr5s bro,0
/me 8J TURK|hh3m09385,1
/me restocked seed shop CSY1EQC,0
look at the farm=H3M0054554 guys,0
/me BEJE|WL|c_s_n|GAS:WORLD96802,1
letsgoletsgoletsgoletsgoletsgoletsgoletsgoletsgo,0
new world TERR249OYA when free,0
surg shop BASNNTD4,0
/me R3:ME/BG1=MS6,1
/me 7urk kin1961,1
/me BJ,1
/me Reme:WORLD56341,1
/me fast d.l mm6s8va,1
iiiiiiiiiiiiiii omg,0
fun games in 8a2mx.,0
whEre is exit,0
hello can someone help?,0
/me CASINO//CKCS244R,1
cheap shop at ynyfjsmile18,0
/me what is the price!,0
/msg Mdjemwl5Rxxzyojllkv1Qnmex4En new maze open in tny487zx,0
where is vend?,0
/me move move move bro,0
lf social weather machine 566wls,0
/me Min//W1:rm 0hw2zl,1
market open fitxxqga6135,0
password changed,0
hey enter ar bro,0
/me C/A/S/I/N/O,1
new puzzle open in stuff,0
/me G_AS,1
/me QQ//D//L=Csn:WORLD49276,1
/me REME-c a s i n o ca_Si N.O/7eh33c42cxd,1
do not go to CA5INO,0
C4PH0LFQ405 qq,1
/me Bj/8$J caus,1
password changed.,0
/me Reme REME x8bcgtue,1
/msg Lsxyu7I4Y3Mq cASIno/Bgl/bgl:WORLD99398,1
/me JOIN Turk=8jkg2f4khmdxa,1
/msg qeernzjlpyh8go buying behavior vending machine msg me,0
/msg AHBVG5OLOQYJROZ9VTZB new challenge open in HSE56MO,0
/me QQ CASINO BJ,1
/me CSN!,1
/me CSN | suddenl | Turk,1
/me WL//BJ=aho4o9vof,1
access is FGR0HSBEGNUKW0M7,0
T U R K C A S I N O HSMOBA230,1
/me D L:Dl-WORLD16838,1
/msg o8fcinvspzaftcbmf3q7q9fhedyjik hey go w069l please,0
darkviolet seed=49wl,0
MM17OSA is open guys.,0
/me tur//k:CSN::m3l007h,1
/me beje c4r4732,1
/me BJ-B.E_.J.E-9AS-c.sn//glotin968,1
/msg mTPwK2qiFmf5zC Bej3 in Ndk17X3R7155,1
/me BJ/QQ 6veneeo6tbshe,1
/me r/e/m/e//CASINO=R4lnGAausK5,1
/me follow to to my farm relatio581 bro :),0
/me y6t0s CSN,1
/me MIN=MAY007,1
SACHMFV has fresh sugar cane lol,0
/me GO WORLD86935 CSN,1
QQ::t2u0jsGOCk,1
/me cheap thought rock at 574765!,0
remove access from g0qkk3m5n6wsy7vroe,0
/me CSN=9kzdxel5if8,1
/me min//WORLD32186,1
play maze in te89ro please.,0
wrench Z1I5TQUWOLBHJXATQJ,0
/msg vrbckfq5pwrkwdlck7ftgsej door id is 9268,0
/me Qq/c@s-1no 9g4adfo1n47f90,1
selling new crystal in QUICKBR3,0
/me G-A-s=WORLD6255,1
/me Rm//W:L NEESISIP5,1
TURK owner is Xfmdukeuway2Lugxoszberkq,0
/me TURK=WRL5,1
/me FREE QQ/Cn8N25,1
dont advertise REM3.,0
/me BJ QQ CASINO,1
Young treat reason reality expert!,0
/me QQ DL 3R03,1
/me GAS DL==WORLD22131,1
/me come join line at AMONG26,0
/me wl Qq WORLD79956,1
/me C/S$N=mhj639,1
/me bgl:QQ:bg-l:REM3/7C3R54470,1
come test parkour at er030po,0
testing map in mltig ty,0
/me PLAY CSN=trinexasfya9589,1
/me REME=HEM593O,1
cheap darkviolet lock at none921,0
restocked cheap shop hie059mmo,0
/me GO QQ::WORLD52698,1
/me help with maze in PRESID.,0
join us for mandatory multi-tasking firmware in nhexa235,0
/me csn=WORLD37236,1
/me BGL dL Turk MIN//GARMOORBPILO6,1
Small become like child together enough current often,0
world CTCJL0195 is open if you want,0
come,0
/me BEJ_E!,1
meet at hemsi618a for event,0
/me mkdpoqc9ukskqwv1 is spamming casino,0
/me REME|q:Q::kitchen22,1
laser grid 3/1dls!!,0
Wl|rm|MI//N|CasInO//svies7,1
/me 8GL price check,0
my world is m039745 bro,0
/me BJ:LET178,1
owner is Zix1Wipdzdyygqmxh5X5Rb!,0
surg shop at 773r290y4m,0
ban m8x1W9uaqyHCieSteKw2hgvcEiSOQFhs from world xD,0
/me we are doing race Managed well-modulated core,0
meet at Class for parkour,0
/me DL=B4W3LNP8A,1
/me QQ,1
Devolved 4thgeneration challenge.,0
admin of APILMVEF48 is tbttblfij3kag8ol?,0
/msg AMSRMJHDGZ grass block 2/3per wl,0
/me CSN//M_I_N D9Luagp,1
/me w1 fHzTwUWCI,1
my world is urbs1275.,0
/me CASINO/Turk/qq Beyo,1
/me min/b3je=rf0hlleh393,1
does W/L mean anything.,0
/me BEJE M_I_N|R.M:x7hqh5yam,1
/msg TWHMTQVIUGUCJ2BXXI Reme! WORLD35721,1
/me Ga5/Q/Q|AP3P,1
/me CSN ZORA3,1
look at LIEDPLAS0087,0
/me DL=knscuqc8gc,1
/me gas4//q'q W067RDL,1
/me REME//B.E.J.E=H3M05440,1
shop open CRASHNEESHOU702!!,0
try the shop=HME07EO when free,0
/me WL//BEJE/WORLD9395,1
8fJpW33T5 RM!,1
RM me from access,0
/me rM-Csn NATION25,1
come help at 3x6400 guys!,0
ty,0
too many CASINO bots xD,0
charge charge charge charge charge charge,0
/me CASINO z68ora,1
/me GAS caSInO T014ROYAM,1
/me thanks!,0
/me Wl=QQ rterela948,1
casino ruined this game,0
/me wrench IUXBHJN7TFR5VHTAT0,0
/me FAST THOSE18 D_L,1
/me C_S_N=z8dsmc45,1
/me CAs1No=stj65xd8y6,1
WKUV2 owner is ean1MIF4j6KAydNvvCtycKZ5,0
talking about csn is not same as advertising?,0
/me PLAY Csn.=313h5m4,1
pc lime lava for 12per wl,0
/msg IGBRKQHSRPKYA2DTUJ DLqz4xp6bvybn5,1
rate the race in 51GNPJ1N3L6747 ty,0
/me why do people say casino,0
wO5Rlaf owner is gudnnndeiowrjrlyaqcv!,0
/me CASINO CSN n133qyg,1
hey come 11OR now.,0
play puzzle in 50P710N1,0
/me B-E-J-E D.L,1
fun enhance visionary platforms in gvg11nosn!,0
join utilize end-to-end interfaces for a minute,0
/me R M//beje o6wuoss,1
/me QQ??,1
someone named QQ725,0
TURK//WORLD91776,1
/me push push push push push push!!,0
/me can CASINO be a name.,0
/me ga s-D'L-WORLD37120,1
/me wrench 78wl,0
follow me,0
play games in QCNIWOZRA771,0
as rock in vend zor97,0
can someone pull me xD,0
hey join wokone18 when free,0
/me QQ,1
/msg Xclfaqpoa9Alqkdndfwtqljf TURK WORLD69800,1
going to minigames for fun,0
/me B Eje!!,1
meet at dRaw4052 for games!,0
/me mistyrose laser grid costs 89 dl,0
np follow me.,0
/me R/M:BGL=ponaso1240,1
/msg ywe9dbpscxtvumh5rcldn2h3tf playing puzzle cultivate world-class schemas!,0
Both ever technology only both total goal agent be level.,0
MIN price 1dls,0
store aodrvzo700!,0
going to puzzle Item head item effort compare peace fire,0
Factor wait,0
/me REME:REME,1
/me come here sorry,0
/me C/SN=r2w0l,1
/me CSN,1
/me BJ,1
/me Casino=0KnkjTj6,1
/me w_l:EMOHHDAP432,1
dont advertise BJ.,0
/me Reme:j6977t,1
owner of GVL78ZBA is WVKVGQUZBDZ3.,0
/me min B J c_s_n M1n=TARI090,1
host of arti792 is dev3mfyly9v0.,0
/me CSN1=qq//worlaf60,1
world owner w9lpszzscdtfd3,0
Miss director parent ago house perhaps without on us myself,0
visit my world LaciUB9xx!,0
help me in fikcbel2 need help,0
need participant crystal paying 31 /wl?,0
yo,0
/me bJ=5LVWO,1
/msg x0k8pjvmklqvy7 CASINO=WORLD95503,1
/me report CSN spam,0
doing transition mission-critical deliverables at 3ILj7VFR1NM,0
/me BET.,1
/me CSN,1
/me Bj:ternyrexolo667,1
world SYDPJRN9146 is open need help!,0
piyrwmbczkhfsp!,0
/me DL|c_a's'i//no=JFS71,1
testing map in BIRDSPMCIS8428!,0
/me 0HWUX has c4sino spammer,0
eight data fish tank costs 11 gems,0
dont join csn :),0
door id is 497.,0
/me g'a's BEJE,1
/msg qwybjnl1yttkv9erost3eo c_S_n 64istbh5k4,1
/msg c0wRbMkrIdh9FbE8T0 wrench r6v0aoigvao0!,0
/me dl|TURK CS.N,1
/me BEJE/BEJE/BEJE/BEJE/BEJE,1
kick mcjhp0d9uvylj3n6,0
/me Q q:RI,1
not every csn word is an ad,0
/me jqnlfjpw4 REME,1
/me admin?,0
selling farmable in ENXA808?,0
/me rem/e=5irasb6,1
gas gas gas gas gas lol,0
/me rush rush rush rush rush,0
/me RM for Og76Ke56R,1
/me Bj=WL=uyz0gkj4j,1
come here and run games!,0
/me CSN/CASINO WORLD29649,1
vend at ORLD2388 gas mask,0
/me CASINO CSN,1
testing event in hh0g30?,0
min|G9U11ky5CXeIm,1
WL looks like random letters.,0
/me WL H32BM05D,1
/me R_M b'e'j'e/gas/bJ/b.gl,1
/me Rm LISJ17U,1
/me FREE zwyaeekxyw Rm,1
wol581fa has casinos spammer.,0
why am i stuck,0
6Mel9Om open now if you want.,0
/me TURK//Ah1Oeky1Fs9,1
/me rM/G-A-S BUNU41,1
join my shop:WORL52D when free.,0
Vcidkr ruf/rr llllllll idk,0
/me JOIN 8h2xe7dj2fn c5n,1
b/g/l/TURK//teryoam4,1
C S N:scejkz,1
/me CSN,1
help me in MOC7A guys,0
/me mIn:Siq9Xg.,1
/me t//urk//p794kdzy,1
vend at gybvsa7 aliceblue seed lol,0
/me R//M:H357M5,1
block shop open C0U3M054!,0
/me QQ:w0r1f4,1
/me B.j 6worLaaF4809,1
3smde3 owner is qtsxj0frnyh6kiq9igd1uhpzxb,0
go now go now fast,0
/me help me in EXM95O it is open!!,0
/me W_L,1
/me BGL//jrpqjgnw4,1
/me Turk=AwxNu0X,1
G_A_S//bJ=wxuxfb,1
vends Bkczrd,0
turkish world luma531 xD,0
/me Dl dhwxl7ofo,1
/me DL,1
Rwmbczkh,0
buying vend msg me,0
/me BJ=WORLD89745,1
/me BJ spam is annoying?,0
can someone wrench me,0
/me QQ,1
/msg yfvsdyh1c2rjmuakokx1e1 enhance B2C paradigms,0
/msg Pci6Urmfeaofrwlle1C8Ngpkj8 BGL:WORLD85894,1
help me in jqa9548 pls.,0
rate the song in Ceea924I5R3,0
see the farm called dsqloxu3 need help,0
cheap shop at STUDENT7782?,0
/me CASINO//WORLD28732,1
Play national better plan idea civil response?,0
come here good shop,0
/me dl MIN,1
how many wls is this,0
avoid N3X40 it has Csn spam,0
/me BG1,1
/me 7URK WORLD54295,1
gogogogo,0
/me shop at mfxhelm17,0
do not go to casino,0
new challenge open in oex5tmj,0
Surface through PM job project cell machine century buy dark common,0
/msg H1H1Xnsymbiohtfwqvsfcp BJ on M04930L,1
/me casino:A4,1
geiger shop open ETTROYAM0459,0
rate world r26vo ty,0
how much is 1 DL,0
/me Bgl::E3W7LAB,1
Father pattern stuff xD,0
join call with friends.,0
/msg tPz2hqJ5P1UeM9 BJAmxbk0Vfg,1
Reme=UQLCRAPOL547,1
/me Csn-BGL=h33m59,1
/me Q Q/Casino/DL ZALBLMA9,1
testing minigames in senior8,0
/me r/m WL H33M5444013,1
/me CASINO:social,1
vend has clean cape for 17gems,0
/me DL-GAS=73R0Y4M02,1
gggggggg,0
/msg r9w4i9gul7h4xbvxlilq join us for morph end-to-end info-mediaries in ddila936,0
/me qq,1
block shop CN7A.,0
need sign paying 100wl?,0
/me CSN=E9jg72,1
/me REME,1
/me QQ:p0kjeg,1
/me CASINO//gAs WORLD31233,1
/me 8G1:HHEMCY3,1
report C.A$SIN'O spam,0
/me ShCURTH27 open now if you want :),0
why people still do cas1no,0
buy beautiful must chair with BGL,0
/me GAS CASINO|XXMO6,1
door id is 8283,0
cheap shop at ztmz5?,0
/me GA5/CASINO sr5q7aam,1
Subject land on administration east foot hot!,0
/me G4$:9As//HemxoS4sa,1
/me WIN TURK/amou694,1
how to make wl!,0
/me beje:2rc612mkp,1
np.,0
remove access from ekojm3vxkteiuaafntdkk2imw0widh,0
someone said CASINO here.,0
/me bgl=D1:CaSI.NO::WORLD9677,1
/me q'q/Reme ojruuas,1
QQ QQ,1
/me csn means fire maybe lol,0
my world is kzwfxykg4l bro xD,0
/me Beje/Q'Q 0H35M08855Y4,1
rate world rhdgmans529wid it is open,0
/me Q:Q::WORLD62516,1
/me Beje bEJe M.In,1
RM lun8QNeWJZdzsRx9RXhV from door?,0
/me REME=IPTE08SA,1
/me empty blocks : 2bgl!!,0
/me t1rr38o=CASINO,1
bqrupdhlcnwti,0
Cross-platform mobile open architecture :),0
/me Dl8 WORLD74026,1
/me we are doing relationship seize end-to-end eyeballs,0
/me C:Asino/qq/d:l/qq eor8992,1
door id is 1305,0
hey check nexa015 ty,0
/me CSN,1
i hate casinos,0
/msg chnJI6JDj3hbDbY5eER7 QQ=el22o,1
/me RM//FlUNh,1
/me turk,1
/me casinos ruined this game!,0
fhkzcbmwryip!,0
/me 3zd4iv R E M E,1
/me go how3 for seeds,0
/msg C4Uromk0Vbpcf2Y8Dbxtz3 evolve dot-com communities,0
/me qQ 73R9110004M,1
/me QQ xm7,1
/me R/M=TE2ROOYAM8,1
BEJE::LFR0NTP,1
/me WORLD75492 ca-sino,1
/me Qq rm C/SN,1
new world qdv778 please,0
help with course in M3907L1,0
new world 8erof761 if you want,0
turkish world hv52mo,0
/me new race open in marvhpherni899,0
/me going to puzzle when free guys xD,0
looking for aquamarine portal 59dls,0
join to my farm mkied93 if you want,0
can you get banned for csn,0
is casinos banned,0
fish shop at HEMSSA41,0
/me Min//JHBUNRITY6,1
/me REME/CSN hemo9sa,1
Land kid something?,0
/me Min//bg_L=WORLD94365,1
where is exit,0
can you rate w0r99l pls,0
/me TURK -> Dl:WORLD71544,1
greenyellow world key 4/5wls,0
/me WL//WORLD86275,1
/me WORLD89358|QQ,1
check BS4DN ty,0
Wl//TERR24OYYAM,1
can someone pull me.,0
/me BJ pls,1
QQ is just random text,0
/me b/eje:kbcwkro,1
/me Bj=subfhxgwuf863,1
/me BJ CASINO ORA7586,1
m3r06660 has geiger,0
/me CSN,1
/me CsN//R'M WL::Worker10,1
/me W//'l//colLeC512,1
/me w:l|w:l|w:l,1
/me r m 37r0y44516,1
/me 8gl-WL-GA//S-Dl/Rkmtfjoc,1
world owner yNPuS2Tng7PBz2bwXhqqxGz7uSLk!!,0
movemovemovemovemovemovemove.,0
who has access.,0
/me how much is this item,0
/me CSN:hammcyjd076,1
lag,0
playing race when free!!,0
/me owner is X3Aho1L3Ejlbfmiygqjacoyqs0!,0
/me need rule seed paying 60wl.,0
/me BJ//WORLD30361,1
/msg l1f7rgrzbpyo go now go now go now go now go now,0
need anyone dirt paying 2/12 dls,0
/me CSN::D_L::WORLD91998,1
[QQ WORLD58618,1
come join games at rv0,0
/me Reme WORLD50529,1
/me testing morph mission-critical infrastructures in ccriqo0 guys,0
TURK owner is txi0cfu2m8llhqvbf3pumcc9pq.,0
/me Gas,1
/me M_I_N/Ga S=WORLD87566,1
hey check HY848O need help,0
buying blocks 8 bgl,0
who owns this world,0
relog,0
/me R M//I7j0bJ5ffS,1
/me Q:Q2//C_Asino E8FoqE,1
pull Z9MUPTL6JJKEDCHG please,0
/me wrench AMT6KOURCJXEULAQ,0
jump jump now,0
rate my farm called HEMS950 it is open!,0
/me CSN//RM=WORLD218,1
rush rush?,0
try to my storage MO9061 please!,0
/me CASINO TURK TURK,1
/me restocked shop MOA9!,0
/me join puzzle this round,0
/me avoid BJ worlds,0
/me CSN,1
i need a door.,0
cheap shop at heemoforbg89.,0
can you visit year40 pls,0
world ekvcjlys26 is open ty,0
/me CSN at WORLD30424,1
/me DL//Qq//WORLD58922,1
CSN/DL WORLD89097,1
MIN=m0rph1454v8,1
/msg dvnzrgdyxlf9i3tqzqj8vow9igs7w0flmb d'l=HHEMO536,1
/me DL=pkajy6w3r,1
join the world called 99G01TVN9U guys!,0
can you get banned for csn,0
surg shop Tvaqlf3,0
/me R-m4 csn M50154,1
casino is annoying,0
nice world,0
Be'J3|b/g/l|et4msaw,1
i hate Reme,0
/me c-sn:c-sn:c-sn:c-sn,1
/me BJ,1
come try race at wrol36d lol,0
/me DL at pknocklapp2400,1
/me csn:5BZN6CZ,1
/msg KNQTPWE9T5L7SBX9LDWKKRHM BEJE=MEBBK83MR,1
/me new well open in TYZ5W2BC3N!,0
fun map in mj4zg4,0
maell45o open now when free?,0
/me BEJE R.M8,1
/me bJ=G.A.S=Q Q==B.eje=WORLD80960,1
can you open door!,0
nice world come here hi?,0
/me No//W B'E'J'E -> ybxur538zofe,1
/me Re:ME/uixge63f,1
/me CASINO hw3m054636,1
/me Rm:W555Orl,1
/me who wants to build strategize killer experiences?,0
/me Gas cas$Ino//WORLD83622,1
/me Reme=BEJE WORLD7082,1
cheap geiger at DoNW212.,0
/me BEJE!!,1
/me CS:N|B/GL|Bej E|BGL//psfcz5,1
looking for simply bait 9 dls,0
/me BGL shop:DMEOSA612,0
/me RE/ME|GAS:REME L37,1
/me BGL price check,0
/me beje/TRYUNHI5,1
/me E7Rwtvfzp6Eii0B6X8 owns this,0
tomato weather machine 4/14 dls?,0
pack costs 4 per wl?,0
/me Csn:BJ-TE6M95OSA,1
/me csn 4JV5X,1
/msg Iwqlh1N7Qkdqpgmvklxlm8Af WL WORLD40848,1
uytrewqmnb ytvwnkby fghjklzxcvbnmqwe,0
/msg FQHZIAO0FIY4SBXKLMLSZT Reme:D-L//WORLD75687,1
/me turk=o0rlaf502,1
pull ehy8qon7szvaql please,0
who owns this world.,0
/me vend at treoy948apm doors :),0
gas quickly gas quickly!,0
/me r'E'M'e|Tu.Rk,1
/msg UCY8I8NPXJHQYEIMB9UKE0W4NRMY Example mission play list official wrong coach hold floor marriage city great,0
productize turn-key e-commerce,0
/me QQ=pnjcneq076,1
go go go go go,0
/me GAS//bgl9=TEROAYM9,1
/me lag,0
REME::CASINO=llumaap74,1
/me REME//CSN:WORLD24284,1
/me CASINO WORLD72292,1
/msg d4Xxs9Q0ugj7SmIWP9Dei7em RM MIN M-I-.N=X581EMO,1
/me FA$ST TURK goal898,1
check to my shop SoRt04 it is open,0
/me c/s/n!,1
/me nice world,0
/me CASINO:CSN:WORLD34905,1
nice world!,0
/me WL/TURK yscxmoonc,1
/msg fmhkcnwccnryu6ykezolhvngcs CASINO=WORLD73098,1
he said casino but not advertising,0
lagging so hard,0
can you visit W0R6D now,0
selling gas mask in neozy706m :),0
/me G A S|R'M=WORLD77276,1
/msg Nrebabrrunnhg4Y9Kolvyke3Qcz7Du TURK:idqjh6dmz8,1
/me Bet m-in=worn40ld,1
/me GA$=23QhasJg36y,1
Start only chance!,0
vend at ZKJLGCK36 mask xD,0
go my world ADDRES7 pls,0
/me password changed,0
/msg Y4H6Yqu2Zlwrkvfsnsbstdfhe3Mpbv BEJE=D68nn3X2n,1
rate world bjdej132 xD,0
ban Ivtfneduqoay from world,0
/me anyone want to come play parkour Visionary zero tolerance focus group,0
/msg N1KYI0V3WVYIBKJBHGIQTY TURK//Wl//beje//QQ:BxFDZPkhQ,1
why am i stuck,0
/me CSN=358zovwq41,1
G/AS/M'I'N XGueA7FpcL,1
/me RE.ME//QQ=9ecmnnjkjj4,1
/me m in=B'J=YO5cd,1
join games for a minute,0
/msg kawvg3su DL=01uum,1
/me CASINO CSN meo3725,1
/me CSN=csn.=xem115o,1
is this world public,0
/me GL1YC50 csn,1
/me BJ//W_L=HEM0OA,1
need linen checkpoint paying 15wls :),0
new world 73r9500 now.,0
/msg u6ygz6pysrfphkgaspvoq1 C'A'S'I'N'O WORLD47098,1
jnjcqufkjprwkmj,0
[r-m=Min) nexxtra7,1
yo.,0
/me GA$-M I N-GAS R'E'M'E,1
/msg R7H0K8X3I3Qxhhgdsnh2 hi,0
hey look at Wb63Z1Dm0X3 need help,0
Off do price describe?,0
world owner M0Rqfwc2Kmlndigd,0
/me B-J,1
/me M//IN///B'G'L,1
EBOI07MLL8 is open bro,0
Four bit Republican worker,0
Official wall keep detail evening most executive north black alone,0
/me Deep market able alone lay!!,0
c5n//woralu506,1
selling grass block in more,0
help me in 7643R0Y4M please,0
/me WORLAF020 QQ,1
admin of 0KGV7QNNVZ is J1tkmFw7KgRKwJszSYD5mK lol,0
iiiiiiiiiiiiiiii cxzlkj!!,0
/me D6CI15 -> CASINO,1
/me follow to w0y7d if you want,0
buying table msg me,0
vend at GENP0AN,0
is C//ASINO banned!,0
is the owner here,0
others display block costs 2/20dls!,0
Digitized content-based projection,0
water costs 4per wl,0
/me CASINO,1
/me MIN=PLA318,1
/me CH3MM05472=CASINO,1
/msg TYEJJAK9VDX2H1LZCFQ2XQ T_U_R_K join wur57rp35c,1
/me GAS:NEWS952,1
/me GA/s=reme=BGL=kwzgT5Zg,1
dxeYDQuET4uGMen5SkA5sM owns this,0
/me come come play event at XEM574,0
/me grass block 20 wls,0
/me CAsInO/WORLD37878,1
hi good shop,0
/me BET//2fbvx1aai6g,1
/msg oiPxFTCt BGL=worvlld3443,1
/me Bj=lerized079,1
gas gas gas gas gas now,0
I0Jmxutst2Bvvsg7Salwvvn1 owns this,0
try 82zd1 it is open,0
/me MI N/g/a/$=OR3FZZ,1
new four open in H82Tmo.,0
WL price check,0
/me w.l=w.l=w.l=w.l=w.l,1
/me csn c-a-s-i-n-o REME,1
how to get gems,0
/me CASINO/w1 WORLD20513,1
/me csn//CSN=fVY9CZRn,1
/me CASINO,1
Difference tell force,0
/msg Icn2A6X1Webwogdtyfeiexv9Hg restocked cheap shop MM021514,0
fun minigames in INTEREST,0
i hate CSN,0
CaSiNO WL cAS//i.N O=WORLD28719,1
(REME]=FheE1nm5,1
/me gAs HE66MO,1
CSN 2vrivo9,1
/me QQ rm u9i6zhl2,1
/me Min! Reme:m118054,1
cheap shop accepts DL,0
pjstsfawmwmc?,0
/me TurK//CSN=WORLD74159,1
/me rm CSN Ib674U4,1
/me B//EJE=Reme:7'U'R'K:CS:N:C'a's'i'n'o O9ORA,1
/me Turk tqrbfotas7,1
BEJE//tu/:rk G_ .A S,1
CSN,1
/me CSN//GBI100,1
/me D.l=FQAE91OJ,1
Reme=8J Tgi6vgGFy,1
/me r3ME//TURK=em38,1
QQ:teroyam4,1
/me T/U/R/K:Ga-S-MiN/HHES228MOSCA,1
/me WL//BJ=7314r0,1
/me Csn/Csn,1
/me MIN culazpd44,1
/me Min9==GAS Tu//Rk::LV67BJRZ,1
/me RM=p03hr3z3574r,1
clothes shop open 3FARFKFQ,0
weather shop W0RL4F8694,0
/me (Sn=SEAS,1
/me 7uRk=Gwdviahg,1
/me BEJE=T-URK,1
why am i stuck,0
/me REME//bgl tpwzw9otqy,1
/me csN:kfvogheo74,1
/me W/L 1m4,1
trewqmnbvcxzlkj,0
/me BJ:L8SYE589B,1
/me 9-4-5/bgL:HESMOESA72,1
/msg ZXx0sMx0W4uLkADa Dl//ESVDHGW,1
/me CSN:RM=W7270RLD,1
TADHD782 is open need help,0
CASINO/eev1plm,1
/me rate the puzzle in U8DE4579 xD,0
nice world,0
can someone help with purpose!,0
/me TUR K=WORLD14373,1
access given to Lyz2Qbj6C2Tsgrosys,0
QIBLWFN924 owner is Ryppvuvgl1Rvwp,0
hemo43sa is open bro!!,0
Switchable attitude-oriented attitude,0
fish shop open moorbti717,0
how many wls is this,0
owner??,0
my world is xmo9u now?,0
tend6611 owner is AHUcIKw0CHBkuLUxTsr5zfo1N2FmQ4,0
/me CSN=OWWRL2,1
Up trouble contain nature lol,0
productize sticky technologies,0
leader of interes98 is F5Xev9Ltfvktecyil9W2Fmj0Xpsg,0
/me Bj:29Twgefkqf,1
see my world recent guys!,0
DXQP3ZF is open,0
help me in IPW2 pls,0
tiaguar070 is open bro.,0
/me casinoe=77907300y4m,1
WL//CASINO:WORLD86725,1
come play games when free xD,0
where is exit!,0
/msg mvlrbkbxdntl RM B///J Wl/WORLD36748,1
/me CYRW1282 open now now.,0
anyone want to test parkour right now lol,0
/me Csn T_U_R_K//H3505454,1
jump jump!,0
/me ga$ B3J_E MOCYC19,1
lw///C'S'N5///ca/sino,1
BEje=BJ=RI3O6,1
/me BGL=min/hbwq1827,1
come here and play race guys,0
/me MIN/MIN/B//J/B9L=PVD0V5V71,1
/me play W'L//ZCLASSU829,1
rate the challenge in VukTD954HMd.,0
seize rich metrics,0
/me CASINO LBfL9960,1
dont advertise ca-s-ino!,0
/me REME,1
someone said qq is like csn?,0
/me R'M,1
need darkred wing paying 3/20dls,0
come help with quest at o6iA ty,0
/me c s n ruined this game,0
help with challenge in H3M7404,0
Gjvobgqydumgrmegqcyd owns this,0
go 0ZR364 for rate late lava!!,0
WL=Gh1V9J4Tp,1
/msg cqbnf1c2k6osxyfs BE_JE JEWPOUS1I,1
/me CS_N//CASINO AHDOM682,1
hello,0
/me Min::WORLD70831,1
/me mIN X3MEO0454,1
/me veyblsupra6=QQ,1
/me CASINO QQ,1
r3m3,1
/me BET CSN:VISIT42,1
l1k0ymerbjcowdu7sncsrgf9hpfxmke6 owns this,0
Agree skill put serious pay newspaper!!,0
/me DL,1
/me gas gas gas,0
/me qc4hpco/QQ/DL/WORLD86719,1
ccccccccccccc?,0
/me BGL=Wl=bj//worla4f,1
rate world Wor0579l pls,0
hey go JHYCULAEPOTCHAETING4386,0
/msg cwajy5kdquhxpbixbjrfittzbw BGL=rmhbycq7y,1
BGL shop - 3020L xD,0
cheap shop accepts DL!!,0
what does BJ mean,0
/me T_Urk=tseroyarm261,1
do it please do it please do it please,0
avoid REME worlds,0
/me w/l=Min=URC6142,1
T67ERYOMA open now when free,0
/msg W0fFa5buz3E5LfHDj8byOBlH where is late find hard,0
go CUP102 for pepper?,0
/me 89L open rowteba450,1
/me CASINO:T3CQ3V1SHP,1
/me TURK:f7obhxc4cr,1
lets join sound in ybwhsl3475!,0
admin added F5Lvobt2Qbmrrgelym,0
/me Rm,1
/me CSN REME CSN,1
shop open jsgujc0386!,0
go now go now go now!!,0
testing map in Hemeo95,0
/me CSN:WORLD13716,1
nice world!,0
/me rate world tero15ooyam bro,0
/me W_L BJ=reducne477,1
/me Wl WORLD16520,1
/me casino|CASINO//uqpon8,1
/me C SN/D/L 73137r0,1
/me B//G///L:sawtsrarlp62,1
lightseagreen sign:11per wl :),0
talking about csn is not advertising,0
/me (SN EQYPZYYOE9D,1
/me reme/bgl WORLD92893,1
/me thanks.,0
/me bj=hqq0gxk2v5,1
/me bEj.E:cyaO1S,1
/me R.M-csn=esmos151a,1
/me CASINO jpg7tbfu,1
ban casinos bots,0
/me selling fish tank in mentbe15r,0
/me geiger shop REFLE8,0
admin added j0n0kbmdpav2fzk1,0
/me T_U_R_K.?,1
help with exploit innovative vortals in 73191r0,0
push push,0
/me CASIN_O zy1q173uj9bq4,1
block in vend Yspoww4.,0
/me casino JhM3pR,1
fun deliver web-enabled web-readiness in HSMOSPA78 bro,0
/me come here wait follow me :),0
/me RACECYST57=QQ,1
i hate CASINO,0
stop saying reme,0
Ergonomic static firmware,0
/me CSN/jb8r444fwgn,1
reported csn spammer!,0
/me C_S_N//WL=WORLD92846,1
playing war with friends,0
/me turk|turk:SUR5,1
/me gas=TRENGZELAT276,1
we play later before we leave ty,0
moccasin blocks:91dl,0
rm fqe6iiUkoDh1 from access,0
meet at M498OSS for games,0
/me g_as on becopjb420,1
/me WPF671=CSN,1
need help with farm.,0
Llllllllllllll CH_RZQDNB CcCcCCCc omg,0
BET/CASINO ecfpb559o81p,1
/me CSN kiknce7,1
join us for race in INYKLPLROLS2,0
/me Bgl/T.Urk gqxuo4z0,1
rushrushrushrushrush,0
/msg X9XZZhETlnLq rate the parkour in ksxmpuajf,0
/me GAS=Min un710,1
need private vending machine paying 8bgl,0
buying leg surg tool msg me,0
/me CSN CSN,1
/me turk ME61LO,1
door id is 5459,0
ban csn bots,0
buy surg tool with DL,0
/me TURK!!,1
someone said REME here,0
/me w/l/b j THUS27,1
/me OPEN dyfbrep B_J,1
/me CSN=WOOR333L,1
surg shop open X2FP679.,0
/me D-L=ESMObhrI459,1
stop advertising casino!,0
rSSe6902 is open.,0
/me B.j:Casino|XM357O,1
/me bgl CASINO//TBGD4767,1
Gun so recently eat lol,0
/me QQ=sbhbk,1
/me relog wait,0
/me r'eme==HEZSMMOSA166,1
ban casino bots!,0
/me Min Q/Q==1M5HS2KGW1LU,1
/me BGL//ttal091,1
/me c_a_s_i_n_o//CSN=WORLD90045,1
/me what does REME mean,0
Agent you future,0
where is vend,0
/me min=democra11,1
/me Reme|Reme|Reme,1
/me q'q//7URK:wksagsyp4,1
/me dl=rm/dL1=NE7XAZ,1
/me CsN/WORLD14901,1
Style few bad now turn other risk other,0
/me NOW TURK:huebz7wkoq,1
/me Casino=zpjkmwjs,1
/me B'J//R M-cAsiNo=WORLD25284,1
relog wait,0
/me REME=WOO48RL,1
/me B_E_J_E//p6sqrqicm4,1
admin added q3f1wemue5xg!!,0
f5uzpvv1p1xvehdr owns this,0
who owns this world!!,0
/me zsgxbdpzzg//QQ,1
/me BGL=jkwig6lsjj,1
testing event in HEMRSOS99A,0
i need a door,0
go my world 11BAFYBN need help,0
/me R70YI4M90::CSN,1
buy city wing 7wl,0
join parkour this round lol,0
/me mod please check gambl/e spam,0
world ZJC0CK5 is open,0
Crime issue.,0
/me REME:UGIESDUN731,1
my world is iLZf648Z pls,0
avoid M4MOA it has c s n spam!!,0
However black method give,0
enter my shop Owrld8 lol,0
dont advertise CSN,0
meet at moaenxa214 for puzzle,0
/me REME=Dl=Casino=Min|ANZYGYAG557,1
/me 17Hcvbkq CASINO,1
Shake already short.,0
cheap shop at 9Bi5N2I,0
/me BGL -> uu63e68bqhh55,1
Face-to-face even-keeled capability?,0
admin added L0O6RECLBCK8GNF4STGUGGSDMSXR,0
my world is cytesjlrb5jm8 now?,0
/msg p3PSxyvhD5HxsjoSRwYdFjqYzIB6 restocked shop Ycr103X,0
/me gas/P6qjWp5qQ,1
Fight look loss chair,0
my world is gd8 if you want,0
how much is lose condition,0
/me R_M|dle|WORLD8773,1
/me b g l/tUrk WORLD44083,1
doing effort at half2995,0
lets help with event in PMGRAEDUCOFRISQUIR70,0
/me WL=Q_Q=WORLD8862,1
/me CASINO=rIVvo823,1
/me WL BGL|C$N5/m0545385,1
my world is Comp6201 if you want.,0
/msg lbmol6tgbvf6h7ydlcxjut Bgl=hemsa1741,1
owner argvnwppj9v6eov7!!,0
come come play minigames at ctkj90q1xf,0
doing race at 39m0,0
/me r.M:b_j//7Cakzrmo,1
/me QQ//ssdlwlx3,1
Author watch.,0
play section in 0wrlddd50!!,0
qala285 is open if you want,0
QQ,1
/me Rm/bj-WORLD28744,1
going to event when free!,0
/me bet HS60EMMSA CSN,1
meet at TTR0O for games,0
/me CASINO//(//$.$N=renceevskein6298,1
come join challenge at RANG,0
/me T_u_r_k==REME//WORLD21325,1
/me NOW MORAGJQ97 CSN,1
WORLD15669 c-s-n,1
/me wl casino 89wloo8hs,1
why people type REME :),0
/me go sugge50,0
paleturquoise vend 499/wl,0
cheap shop at 73R0Y4MH297,0
Exclusive tertiary success,0
/me B3JE B-G-L YH3MMR0667,1
anyone want to play games after farm,0
R_E_M_E|SCIE91NCE,1
/me BGL,1
rate the challenge in yzf7o04mw,0
go my parkour called ilO943 it is open!!,0
/me CASINO CSN F9O3t,1
/me MIN-TURK-d.l=DL::aumaa89,1
r/e/m/e:mgognwm,1
new world bsotc69ro,0
/me DL:Dl=hemo32,1
/me rM=miN=TPTBJL6849,1
/me mod please check ca'sin_o spam,0
kick GVT0ECY2SNLWGIXTAZVOUD?,0
hey go REAAL7025 guys!,0
/me casino is annoying.,0
/me Turk=Turk=Turk,1
/msg Z9Hcrzkdhlxpx0Xvs2Z2Xgu4Nhbdsc BJ//CUT3516,1
ty.,0
/me Rem_3 CASINO State,1
BJ spam is annoying lol,0
/me csn//b1s4dp,1
/me CSN SgI537qO1P93,1
/me vend at 0WOR204 shirt xD,0
/msg V5tdGKrsjswVGPgWnbCaj1F2n7n9 CSN:TURK::FU087LL,1
come my world Ogija3Iu guys,0
who wants to test monetize plug-and-play web services,0
/me W'l D1 HEJMSA51,1
/me REME JaeXjBSLr5b,1
can i buy this.,0
hurryhurryhurryhurryhurryhurry!,0
/me CASI_NO DUFFBACS893,1
/me D-L//ivrx9,1
/msg X0Qxwymopfzzgqvhhwbos1Dibyexgfr1V8 min Laiqnnf390,1
CASINO=WORLD86839,1
/me cSn/WORLD41589,1
/me b.j h5e14msa,1
/me Q Q|T/U/r/k|W1|Casino//MCHABX883,1
/me tURK//Ca//S IN-o bgl,1
/me rm spvnup,1
rate my world RO427RL please,0
/me BJ CASINO,1
/me tUrk/M 1 N h9382ydzyqndi,1
brb,0
/msg Amjbtrq6 CASINO u2hfs4q6,1
worl443 open now bro,0
/me QQ:QQ:CASI//NO:RM:p17erh8ps,1
/me CASINO:m333l0,1
/msg SHPMZ7TCIEQ9BUW4PZJSTFB8UCZ2ZA is bj illegal,0
/me Reme,1
world QMGB671 is open ty,0
/me c4sino CASINO WORLD3330,1
/me wr323ld=BGL,1
remove access from kfp7zwti,0
restocked farm shop JX9J72JFXE,0
/me Mt28Jao9ewI7 Csn,1
/me CASINO,1
/me W L=OVANICK86411,1
come come play map for fun xD,0
/me bj//dt209pz1j2q7,1
i7l2g8c2qycqgpwajc keeps saying CASINO,0
do it do it do it do it do it,0
doing parkour at 8AXCQ00WJ5T?,0
Up simply heart if professor,0
/me WORLD43169 b/j,1
come join event at 303r044m,0
/me BJ:RM//xxt4n,1
Wl//WORLD92392,1
my world is h131eom Need help.,0
/me TURKworld8,1
rate the quest in LIV,0
/me owner?,0
/me GAS TURK,1
/me come help with games Also result message quite represent,0
CASiNO/BGL OdNfg1,1
/msg x4sbvajswtdwqwlfjel2n7wzu4x0 House natural discover nor stuff treat two!!,0
we are doing profit-focused zero tolerance process im right now guys,0
/me CSN//CA/SINO=WORLAFF8,1
Herself let continue present spend past,0
/me BGL REM3/MiN,1
C_S_N=KN0W,1
/me wl/WORLD20162,1
owner takes WL or wls xD,0
come play puzzle at 47f5q1p7,0
/me BGL abzhh4t8,1
host:uxghuyufpint,0
/me tUrk//beje N39jM54M,1
anyone want to race managed eco-centric moratorium harness cross-media paradigms,0
/me c.S.n//Reme=6OV09ph,1
/me BGL BE-JE k3knsqmmjm,1
/me CASINO/Csn ecgsi8c,1
/me bejE-BG 1|q_q=P0DBNKD4R0DUC0R3549,1
/me play games in part7762,0
host is PlbfPcAVp5q9 xD,0
selling navajowhite weather machine in NJO8278?,0
/me QQ:HPSMOOSAA0,1
Bqkqk3Tp owns this.,0
/me W L//8X9Oedei,1
how to make wl?,0
/me go RPZGVL47 for word wall,0
/me come race parkour at HESM7OMS!!,0
/me CSN=mainkait3,1
/me anyone want to play maze with friends,0
market at eco522.,0
/msg Wwo6Dlomxgpsvjogqoej qq:GAS:dff9moqf,1
/me Eepztrk4Yq13 Casino,1
help me in ateuprable336 need help,0
/me REME,1
going to parkour this round,0
rate world 4OHP455BFJ pls,0
/me d1//gas olaoiib,1
/me on wall in vend t866erro,0
too many casino spammers!,0
/me CASINO//3f3f2p0,1
there is a C-A-S-I-N-O spammer here,0
/msg uhdbnqvvxlemcryza0 go ICIWORLR41 for small sugar cane,0
/me CSN//GaS=cAR3,1
chankinina543 open now need help,0
/me WL=WORlD25314,1
HEllO can someo$ne help!!,0
my friend says QQ,0
/me world case104 is open it is open!,0
change wls to BGL,0
/me LEADer=WoO9DnI0dFlcYq,0
/me CASINO WORLD85520,1
/me Gas//BJ=c5htko,1
/me BET=rm::m7okb8tzvz,1
/me BgL:5jmsnd8dudd467,1
/me Rm,1
/msg qif9moe4b8z5ckpbsigcxszkn2 REME ocwz358,1
QQ=WORLD94793,1
/me rM/Gas 3xpl419753,1
/me OPEN Q-Q::armbu6,1
can you rate TARDEVER914 if you want xD,0
playing puzzle when free!,0
/me (sn/8Ejee/QQ/M/I/N::ZCB273JQbz,1
/me CSN=6MH8D05P3F,1
lag,0
/me REME,1
follow me!!,0
/me R E M E=NICWHMO59,1
/me anyone want to race parkour this round!,0
/me CSN//JBXHL7,1
/me t.u.r.k//turk=APODPOLYTZALIDJA6574,1
Isicuoy1Fwvejoi8K4 owns this.,0
/me BJ=TRETSSE74,1
/me m1n -> R.E.M.E BGL M-IN==ol8raf,1
/me G.AS Min//chance174,1
where is but change imagine,0
PLAY Dl=JLMWS9159,1
come here and build puzzle,0
/me R'e'm'E=CASINO=q q=q'q:Turk=WORLD45782,1
/me REME//uezuxemg,1
check the farm:etroyam04 ty.,0
/me b3je=c_s_n//g'as//m.i.n/70N1GGH763,1
/me RM/byijwv,1
/me BJ/TEROO5,1
/me CSN CASINO DL,1
/me gas Rm::0eznwgqfmww,1
need violet weather machine paying 20gems,0
/msg U4ZPO3JWX3KQDRTJVHFCN3 M IN==xqwhvfw15u8,1
B:J/qq/l1rbm8l9j,1
is vend empty,0
/me RAINNSP2165 CSN,1
/me Turk/D//L NEOET14,1
/me Qq:Qq:Qq|WORLD92586,1
/me Beje csn-w'l,1
/msg jbr0vpwww5r6ljsvwhozp0qlgtlkglzli3 TURK=Ycmg444,1
/me Turk,1
enter the world=he706smogs guys,0
/me CSN:U1N0X,1
restocked store TYLLI2ESM50,0
WhAT is cas1no,0
/me G/A/S=cUVWPemAB3,1
eiYec8e8m4L0I3jo is spamming casino,0
remove access from iey0jhohtqg1qwutnud7,0
B_G_LE,1
/me Rm:qQ=WORLD5320,1
/me Vdo/xjgcqgkxx//vx.d hwwkhq idk.,0
does anyone know share,0
/me QQ my friend G0Smlhrerrpxgvbufkhvvhn2Bj!!,0
/me can someone pull me.,0
/me CASINO,1
/me Qq-m I N-c/a/s/i/n/o-csn also8,1
/msg c9fixjw7fehly2o9hu who wants to play security.,0
thanks sup,0
/me ga/s/ragzo42,1
/me W-L/g_A_S=WORLD46889,1
/me bJ-Reme//D1JDGVZI,1
help with puzzle in da4jqa4 please,0
/msg prmcnklvy5wrexckjgezxmy6e1nr try my vend - CLXDWEEHM19 ty,0
surg shop open MEN3O46,0
ban wytfy0q6q2acc0cud0d8ruhdgbv6 from world?,0
/me Qq D L bpq9b1l,1
/me CSN=JT8eDmjwoN,1
/me RM,1
/me BJ:hemoo4,1
doing event at ghrb52 xD,0
/me bj,1
/me CSN::J504,1
unleash strategic users,0
/me REME/dL=WORLD58208,1
QQ,1
/me TURK/reM3 l1xqv2,1
where is owner,0
restocked store 4L1741LL0W554.,0
/me wl=DL:M1N//t2deizk,1
/me check voRE4RaDeD4776 ty,0
/me reme//1RBPQIVF4,1
/me NOW BGL-WR0l6,1
wait,0
help me in hemsa4 ty,0
/me BGL:DjFk4pQ7z9,1
see to our world hgmkqa413 ty,0
playing games when free,0
/me PLAY a9byblo dL,1
/me CSN-0UZJj,1
remove access from D3USVEH6RK!!,0
/me Be-Je Be-Je Be-Je Be-Je=WORLD57562,1
/me lets run games in sefemh66 anyone?,0
/me qq=w0r984ld,1
how to splice,0
dont advertise CASiNo,0
i dont understand CASINO,0
/me QQ/MIN WORLD24475,1
buying farmable msg me,0
rush rush rush,0
wrench:14/wl,0
/msg YKSUJXHOBNSCFFYYYFMJHDL3 come come play games at ulqx9226,0
come test games for fun,0
/me Rem3/Csn3 BUQ0BPF9Z,1
/me Gas:he76om,1
/msg Jnk8Wezbbv Foreign whatever apply main voice win dark board show :),0
can you enter k17cr1mp0 pls?,0
/me BET T'U'R'K:m53osa,1
/me BGL==beje:0epq9k1p658,1
/me WL CSN WORLD95673,1
/me BEJE=CASINO=hhwdk0ro30z,1
/me PLAY CASINO=bakbrrow4,1
why people type CASINO,0
check my storage:h72035m0455 now,0
TFGK4WM open now when free,0
/me Rm|BEJE|T-U-R-K gas,1
wtiafjzv xD,0
/me CSN=M0586,1
doing challenge at pri9224,0
/me BET CSN=Qzbzp0Mlf,1
/me beje|BEJE|CSN h3m05460,1
/me OPEN BJ-Sys,1
i need a door,0
/me BEJE rm WORLD22526,1
TURK owner is ECP2oDcCY9B0yyNSc0,0
/me B//Eje=ZMRKKQ7BH,1
/me REME ( a s i n o-DL=BFRDDQC143,1
/me BJ:tomams8,1
report CASINO spam,0
/me OPEN gas.:om652sa,1
run run,0
weather shop open HSCK788LF.,0
need grass for farm xD,0
/me SELL i1x9gbzvh4 CASINO,1
/msg Zpkonhs9Rovqjoji gas=TURK::iup70j0d,1
/me r//emE/WORLD25254,1
market open irov376!,0
Casino WORLD20927,1
come help with games with friends,0
/me TURK MOSSA161,1
eeeeeeeeeeeee,0
/me r'm,1
/me Bj=TBD4I,1
come here,0
never trust casino worlds,0
CASINO=tmonat330,1
good shop owner? relog hello?,0
z_zzzzz ttttttt!,0
good shop ty,0
/me m IN|D L|h309v5m05d,1
Dl//b J=1r3cv04591,1
/me wL//BGL=H3Z988H0,1
casino B'gL ejr4ypynej,1
new world statio705,0
/msg xvocw1cltua8gtptcen5 d l CSN=zjbkyoto434,1
/me GAS=testberizers397,1
B J:BJ/COLVER46,1
/msg nkhyrgiliiy5a6bex4w6 D1|BJ|DL/H35505554,1
/me JOIN CASINO-WORLD7159,1
/me 8eje|min|T Urk BEJE,1
Fire benefit than low science use!!,0
/msg bexuk1j0so reme open en612va,1
/me g-a-S::bj -> WORLD85871,1
join consumer right now,0
/me join maze right now.,0
/me owner:gzrcqhmlxab7iodu?,0
can someone open the door,0
dont advertise CSN?,0
need gas mask paying 2wls,0
/me PLAY TEROWI30 CSN,1
Hundred reality response just air information majority,0
/me CASINO,1
/me W//L:MO9529A,1
/me PLAY RM=3nx473r00,1
rate the parkour in futu,0
GO d.l=dixfasstap,1
/me restocked store KTVVST7PN,0
come play maze at dussooky7,0
/me CASINO=jymf700m,1
/me c a 5 i n o|c//s/n|WORLD86821,1
/msg YQC0RVX6VQLNXYS6 BJ=jsfuzo8,1
doitdoitdoit,0
/me need help breaking blocks.,0
/me REM/EWORLD91265,1
/me Casino QQ|tu rk,1
/me w L WL=TERYOMA0772,1
kUebI8a5mGWVYbZ8d6QLT8n3 keeps saying BEJE,0
testing games in 730r0.,0
/me casino/7u:rk u75etqb,1
wrench AVLUF5DJCKIUWXLDVN,0
there is a casino spammer here,0
/me leader of WORALL0 is DHOGATT4!,0
/me bj-WORLD36414,1
/me REME,1
Sea notice organization everybody red air career glass,0
go go!!,0
fjzvmeyosgkxbqru,0
lets join games in qzj512?,0
/me r'e'm'e 0WRDL05574,1
/me k0xkx4o5cvszdp keeps saying CASINO :),0
/me Bgl=Xrjqdl8Q5S,1
throughout doors=7wls,0
/me qQ4 ordEr9274,1
/me TURK BGL WORLD84071,1
/me B.J=hesmosa,1
how much is 1 WL,0
what does casino mean,0
/me bgl=JVUYH2JS,1
BUY HEMSEL15 REME,1
door id is 4267,0
/me RE/ME//wl//r/e/m/e/hem3sa,1
/me CSN Z0R644,1
Available power throw success station wear half once far similar recognize movement,0
/me vmeyosgkxbqrup pqfemel tttttttttt,0
can you come 0hcf4 please!,0
/me Tur'K=R/M=unnd7,1
restocked market W7ORLD!,0
where is owner?,0
/me c sn:Up1707,1
/me main of WORR411LA4 is kqrit3k5t6j8ln.,0
/msg zawioqxcb2hhwn CAS_IN_O/dl=p5wqfc5dz,1
/me rate world yqxt0 it is open,0
/me GAS:turk:bj:W_l/CA$INO=WORLD49591,1
/me QQ CSN MOSRA9,1
hey rate eitherr057 when free,0
/me CASINO,1
/me my friend typed DL,0
new world 1423IMO need help,0
hey enter KYBT244PAO now,0
come here,0
/me m 1 n:m 1 n:m 1 n:m 1 n,1
/me BG1:INVESTME811,1
/msg E3YwB5A4mYRxCvB3Tvs0dbjVGsdD M-I-N WR42OD,1
do98vld open now guys!,0
/me FREE wl==FBGCW9A5B,1
new maze open in HE30SBA please,0
pull YFWLC6LAK4FGUWAAYQZPZ3 please,0
new world EOS932A it is open,0
/me bGl REME f2jbrkm3,1
/me CASINO BJ CSN,1
/me geiger shop open mm72asa,0
/me vend at p0m854 marriage mask,0
/me cas-ino,1
/me tur/k=turk=C.S.N//9ymje62xdh,1
/me hesomsa4863 open now when free,0
owner here lol,0
/me TURK//P9GQYTO,1
cheap oldlace bait at T966ERYCM,0
/me CASINO=bdd2mqs1,1
/me m//in=0qepy5,1
/me IAnro587 CSN,1
play chair in vend 72R3Y534M,0
we are doing maze if you want,0
/me CSN lol,1
Dl TURK c02FC2,1
how much is this item,0
/me H35M045331/QQ,1
/me can you look at tero2 now?,0
seed shop open TEERO164,0
playing games for fun lol,0
/me b.g.l GAS yo4022,1
slateblue crystal 8dls,0
we play puzzle this round please?,0
lag?,0
h3m54j9463 has crystal,0
/me BEJE//min LLVEYMA9,1
/me rm/B J XOjs90k,1
/me DL//BJ=30b2bf9dj9yx,1
what means BEJE!,0
/me CASINO CASINO CSN,1
/msg BepSm7YFfoZrNuf9 hey come bh5282 now,0
/me Wl=B'Eje Qq,1
how to splice,0
we play movement Organized secondary approach,0
go the shop called 3me0o553 ty.,0
new world OS3TR973 ty,0
where is girl these,0
/me B'j BJ jjabhlmvbo,1
/me BGL:uuma257,1
go my world 363M054 ty,0
come farm race Movement offer better!,0
/me block shop 3ry0414m,0
/me owner is C7UzJ7hKaQk8,0
/me CASINO//H1Emeat40,1
anyone want to build minigames before we leave lol!,0
/me BJ WL RM,1
RM spuzjtzbyokjw7 from door?,0
/me WL//ZO457RA,1
CSN,1
brb,0
rate world w10rp41 if you want,0
/me DL:FVX6CD,1
go wo71rla for wing,0
/me ban casinos bots?,0
/me BEJe gas=WORLD99412,1
6erfesefg2 BJ,1
/me PLAY Q.Q=h1sumy88nnd,1
go x2emoo2 for checkpoint?,0
QQ:b0ouu3eshp,1
/me c/asino/BEJE OPPORTU625,1
buy campaign portal with DL,0
/me BJ:1HBMX,1
/me cASinO,1
omwcevylktfvjpr lol,0
playing maze if you want,0
doing reverse-engineered static functionalitie at worl1761,0
change wls to BGL :),0
/me beje=L4EBEAQNCD,1
Ever woman particular could,0
surg shop at OPTRYYYAF691.,0
/me BGL:world75208,1
doing optimize dot-com platforms at DRO77P please,0
new world mNOOCO84 ty!,0
/me MIN/W'L=WORLD76730,1
/me Gas!:csn R/M,1
surg shop at WO4LRAAF?,0
/me a3 W1,1
rare blocks in vend E2O758Sa :),0
lol,0
Bj//WORLD85859,1
Fully-configurable optimal core,0
cheap shop accepts BGL,0
restocked block shop h48o,0
/me bj/b9'1 RC6YRnA0161,1
/me Turk//Ga_S h2bxpwis,1
/me someone report ALRTYDB9 for c s n.,0
/me BEJE|w/l!!,1
doing puzzle at indicat,0
grass block costs 2wls!,0
/me looking for song for 5wls?,0
/me C:Asino=I9USMP,1
/me B-E-J-E==G A S:AO044DZ,1
talking about CASINO is not advertising,0
need help with farm,0
follow to my world TE8YOAM161 now,0
remove access from t8yzrvadjih4i6u2.,0
m0s4295 open now bro!!,0
/me new world fdwff596 when free,0
/me d l CPWBTB,1
REME|O0SA,1
can you donate dirt,0
/me hsvkvi9x5==CASINO,1
/me b:j rEme,1
buying platform msg me,0
/me q_q//rf6nlc9p1uu,1
/me oaraersgfcm!,0
/me D'L:m8d6ww,1
/me CSN//min=W79OL,1
/me BJ d.l:XCM03,1
/me bGl=WORLD68133,1
/me FREE b_j:g2eozre9,1
come on come on.,0
/msg GVSAISPBF2LBUIJIWQP4 help me in HIFNWJGL ty!!,0
come here and race map!!,0
buying lightskyblue bait msg me xD,0
stop advertising casino,0
/me DL QQ CASINO,1
/me BJ CSN CASINO,1
/me R'M/C$N,1
cheap shop accepts DL,0
/me BJ//4cr055,1
/me D/L//WORLD10463,1
/me R/E/M/E//Gzfys5D2q,1
doing get at 73R0H30M,0
do it fast do it fast do it fast,0
does csn mean gambling,0
/me c4sino=W4500RL,1
market HO8MBB0D0W!,0
R//M:R_M//K7Bw7335,1
how much is 1 WL!,0
/me CSN=UHEMOA8,1
meet at waysno8 for and,0
need help breaking blocks.,0
/me CSN=ICU14XUNG,1
/me CSN|TAM6BFVXU4,1
BJ//K4Y0XW74U10,1
/me B//J=Qq=Ca$sino/B E J E:ai5qczz5,1
/msg Wel7Rafohuc1Kqy8Q7Bm dont advertise cas1no!,0
/me CSN=5uhc588ztr,1
Such son skill call week order gas lol,0
remove access from uylyf7p6fmlui1utt8i5fl,0
/me rate world nexa23!!,0
/msg p4y8ippditpxurejrajxcxina3 can someone help with night thus,0
crystal = 2/2wl,0
/me DL|BJ=7dr0p6,1
/msg JWQ3kdnvD6J2XRqZZq 9@s=the,1
run bro run bro run bro,0
new world H35M0154 please,0
join hair streamline ubiquitous networks ty,0
door = 39wls?,0
/me Wl:UJJMDGA75,1
DL WL4 h3m45355,1
/me Ga5,1
/me CASINO Casino PaEryx,1
kick b5wiwyn5jwkyr2fv.,0
/me CA_SINO/Beje WORLD43765,1
/me RM//HESM0OSA,1
/me DL-xemo1,1
/me kycardvijg5495 gas,1
join parkour with friends,0
visit my world ELOCGIE0 please.,0
/me REME B.E.J.E TUR_K,1
Figure area type,0
/me Mi'N W//L Dl4,1
/me nj2tffelv qq,1
/me B_J:B_J:B_J:B_J:B_J:q9wtkc6t9hovg,1
/me CSN M50054,1
go go!,0
DL:ne0gap,1
buying sign msg me!!,0
/me QQ-Qq//moa940,1
follow me,0
wait sorry,0
chargechargechargechargechargecharge!,0
/me DL -> rEmE=L177L3,1
/me Dl,1
/me DL//W000R98L,1
/msg A4g1PkQShPJ4o7y3 bGL=Rm=DICKXHNHA7,1
/me come build puzzle for fun.,0
/me BGL shop/0N4QFG4RQ4CU850!,0
cheap respond table at 3l2bdrnbr,0
/me q_q:vivanp409,1
/me w l=Position,1
testing quest in h4aemo,0
/me min|CAS_INO|D L|CasinO:3M5054679,1
/me BEJE:C@SINO:BJ:Rm,1
rjgpesrwukynzaqu,0
/me rm:o0aedwhxw,1
/me rm=WL main8,1
come help at zgjdio15 pls,0
cool farm,0
rm mfbmw2aow6uxg4qjqshmphqyqcl8 from access,0
seed shop HHEMY770,0
/me B'E'J'E W:L=mIn=Rm,1
/me BJ//Bj=9ai2qw78L,1
/msg orrrz0xhasb7mtdrayyh B'J on wfyltt,1
doing race at 73r06944,0
/me Rm-Turk/WL1:XGXE5MOO,1
taxg5 open now ty.,0
vend at TE1SMXJ8 less ga's mask,0
yo follow me!,0
dont advertise CSN,0
B_J-MIN==1o503l,1
/me R.E.M.E//MIN wasksubgistzanivm58,1
/me BJ REME REME,1
implement magnetic relationships,0
can you donate dirt,0
brb,0
/me d1,1
need platform paying 83 wl.,0
/me BOMSLRHSUCKHIZDP?,0
come here and run minigames,0
/msg Bagbozfalrkyoe BJ=WANFECSE059,1
/me Wl/memosa7,1
we are doing quest View day staff could city,0
/me w/l=NEZTTJ4G,1
where is vend,0
join us for minigames in purta063,0
does casino mean gambling,0
RM access from PFX0QTSDQMZOWI.,0
/me BUY CSN someon,1
lets run games in uponlu03!,0
vend at tvonip full pack,0
doing maze at WRO76LAAF?,0
/me C 5 N=WORLD66351,1
/me GAS qq:WORLD15172,1
need help breaking blocks,0
/msg L3M1CSL6R4B4 CASINO==WORLD21751,1
go now go now go now go now now,0
come play exploit visionary schemas at h0533m0.,0
buy empty sign with DL,0
/me bgl=gas g@$,1
Listen become clearly,0
ban VGBBWVXJIJP1RHB2YDS6I2L2YV from world,0
/me BEJE//c'asino//4MYZ5fTDJ6v1,1
i dont like casino :),0
/me mask in vend NFH1S422W,0
/me help with look in 729R3HR0HH,0
/msg Leg3Cfmljedkihwjpjg7Ubj0V8E4L0Ob Csn on uup7r2ot,1
/me CSN//Turk=WORLD26105,1
/me TuRK G_A_S B J,1
thanks,0
QQ-hilpro38,1
my world is X33M0030 when free,0
password changed.,0
i need a door?,0
/me dl|G/A/S|C'aSINO -> Csn=TER799OOYAM,1
Bj:W./L-X3QV4,1
hi.,0
/me buy wall 17/wl,0
Require necessary big speak require teach base ok,0
/me CASINO,1
redefine strategic initiatives,0
come test puzzle at zkz550?,0
go go go go go :),0
/me RM ITXljeI9D3nar4bdDn from door,0
admin is dfa8igmu,0
R-E-m-e QQ=LADE950,1
dont play casinos,0
/me BGL QQ,1
run run?,0
remove access from A6PXDUMGP1D6UGTCB3Z9,0
selling GAS mask,0
/me Qq:8QBXI2VOF,1
/me D:L,1
hey join He71Om,0
/me tu/rk t//u//rk tOopr92,1
need help with farm lol,0
q q=BGL=D/L,1
/me G-A-S D.L evzer0,1
/msg aTAjGjK6AmKJoutJUVEK csn in bcaew4v3b1,1
/me BJ:70KK11,1
/me DL=M70LO498,1
/me b$GL//MMHFM361,1
/me why people say TURK,0
/me beje=709R4,1
rushrushrushrush!,0
/me go W0Rr87Lhf for song,0
how much is 1 WL!!,0
/me talking about CA$INO is not advertising,0
testing repurpose distributed e-tailers in Q7B446790 anyone?,0
/me CASINO//R$M=WORLD64876,1
/me RM//rr5emsa,1
where is the white door.,0
move move move move,0
/me gas b4oluasibj,1
/me 773r0y::BJ,1
join my world EHHLPHO8 guys :),0
/me CSN//thereboltplhn21,1
/me r m=fIMOoS400,1
vend has sign for 11/wl!,0
qnvxljgdaoute iiiiiiiiiiiii,0
anyone want to join minigames Reflect study back also language full mother lay,0
what is the price,0
csn means fast maybe xD,0
where is practice piece Car lol,0
/me c/a/s/i/n/o F5hmn6,1
/me CSN u9g7pqw5p,1
/me QQ=some,1
rate to my storage DALEBIQOF9545 pls!,0
cheap shop at 733Cr0,0
/me CASINO BJ,1
/me R/M=r e m e=D_L//8kADLShE8nS,1
farm shop open 7rz105,0
my world is gYZqehzp77 bro,0
i need a door?,0
do it do it do it bro,0
/me CSN!,1
/msg Ucdxgozgk3Q6Kzi7Q5 Bgl me217sa,1
/me Wl=tm3ro,1
/me bEJE//WORLD15489,1
/me DL,1
laser grid 4dl.,0
report BJ spam lol,0
change wl to wls,0
/me C$N b'gl,1
u3za8j2 is open when free.,0
store at CRBNPIZ1,0
/msg Wqgmmwbfikefxca2Ifg9Fb Qq at WORLD69034,1
/me GO QQ WORLD10330,1
innovate proactive action-items.,0
new games open in ih3esosa,0
come come play support with friends lol!!,0
report c_s-n spam!,0
/me DL//mIn xcyepgss49i,1
/me buying cape msg me,0
/me beje:Csn-B3JE=world21702,1
/me C S N 8J,1
join to my vend hsemosa4 bro,0
/me BE-Je 73RY0Y454M,1
why am i banned,0
/me D-L/WORLD2619,1
new world VIVAZZRPG274 bro,0
remove access from DzXdt7aYlYGSZRmv!,0
/me builder = byn6adp7n3jar6sfrvgzghzv,0
/me OPEN g_as:Wii67Nmc,1
/msg rzvvpgz9unfroreacoy2jewzwpzqjs come come play drive killer mindshare at WOORRL7D,0
/me QQ B9FPHES80,1
/me ReM//e=OTHA3,1
is vend empty.,0
/me W -l:3nnx42,1
/me REME 9jl71,1
remove access from Z3LISTNUIYQDBPDDC7SYGQRX,0
/me bgl=CSN|WORLD62508,1
o4ebygv1saezw4chbpv8luaepzdww6 owns this,0
/me Rm//uogfyat0,1
/me QQ:WHORLDD882,1
B_j//HEMOSR192J,1
/me turk-5HoAlFHz6kAa,1
/me QQ=qxqzfyj1g,1
rate the whatever in a559 guys,0
/me cheap water at add15,0
/me CASINO=Song,1
/me Turk|BGL|Casino=MIND,1
door id is 7636!,0
SVIXM9NEQKTQVPGFD3YXFUZ4GZUD keeps saying casino,0
/me (4$INo//D/L//REME=77RIU1XJ,1
/me CSN//7hr34v1lw46,1
selling area doors in he5mo!,0
how much is station stage,0
rate world VBMER43 ty,0
/me report worlds that advertise casino,0
go DMQG6B8HCP for on rock,0
dL:Turk::MSOA1,1
/me PLAY WORLD48036 wl,1
THSH345 open now when free,0
/me dL/D/L WAY4,1
we play balanced bi-directional circuit this ROUND,0
/me RM=B/J==HOROWATCHSJR63,1
/me FAST CASINO=H9V421455V7,1
/msg q5zlt3tescyeb0f8lfu3mzf7o9fcydhlhy B/E/J/E//1JBC9,1
Education employee detail trial someone her,0
/msg BDrgycd9GesjKCo6GYXZU2s0 be_je=Hl7bOvp,1
vmeyosg?,0
/me PLAY G_A5 WORLD36679,1
/me w/L/BEjE oldspsp0wj,1
price check block 8wls,0
syndicate plug-and-play users,0
need grass for farm,0
/me D//L,1
/me C$N R'EME W0RL4F00,1
we play event right now,0
/me lets test puzzle in xmo5177,0
BET//REXENCESMIANON1877,1
dont advertise CASINO,0
is the owner here,0
/me W L R/M PHYMPOL46,1
/me csn means into put beautiful maybe,0
i saw BEJE spam in QHCKDSOZ001,0
/me follow to my world Yl0O7A0Jq8C it is open,0
selling sugar cane in RHQEKM897A.,0
/me Bgl//WORLD30275,1
/me cheap shop at MO6SAS,0
/me dl|d//l h335m54,1
bmwryi,0
follow me hello come here where are you,0
/me rm,1
/me csn=WORLD29379,1
someone named qq88 :),0
/me r/M-cSN//67Yb734F3,1
TURK-wl9=OTHER,1
jusfjqtfaqtl,0
/me come help at 3x73m0 if you want xD,0
admin added m3glsnpakoftertxpezfmklaca,0
/me qQ=Eul9UdeNn,1
join harness end-to-end communities Onto ball evidence try stage what none?,0
/me BJ,1
join challenge innovate 24/7 metrics.,0
Ihzbasz5Qpjrbyvnol owns this lol,0
/me CSN::RUDSAYE6,1
/msg WfhYNDkinMvXr6gy BEJE at WORLD55384,1
D l//R M=z5ddckt,1
Major same name must should!,0
is 16wl fair,0
trade world key for 6wls,0
/me Wl 73w850,1
CASINO:x3537m0,1
change BGL to wls,0
come my world called TODAY guys,0
need water paying 99/wl,0
/me REME GA_S KKBV6J,1
does anyone know couple low,0
/me TURK,1
where is exit!,0
does c4sino mean gambling,0
/me zzat56 open now now.,0
enter my world 9CJKU5VL5111 bro,0
/msg XXMwncm3NRZkyfkGD4HO REME=WORLD19885,1
/me G.A.S//W0040RL4F,1
buy rest door for 4 dls,0
/me Rm4:w-l//q//q1 xNu6hV1,1
rate world ln0cqs8 ty!,0
/msg Dlicbnolnadolbk0Hv BET=QUYFF,1
CASINO,1
sup hello,0
rate the maze in rfqv962dwy,0
/me bgl//WOZLAR700,1
going to conference when free guys.,0
/me clothes shop open brpfq8,0
zhmvtzwfeudeims,0
QQ my friend GWYJFSZYRFKHHYEVNZ,0
/me CASINO:TURK::h7nkx,1
/me H3M03954:Change5567:Ga S:CASINO,1
/me r_m D'L,1
lag,0
/me bgl//SMO5SA,1
do it do it do it do it do it quick :),0
/me Turk=BJ=G A$=WORLD88114,1
Grass-roots interactive time-frame,0
/me D_L/world6134,1
enter my world=TR0EO need help,0
/me GAS rm C/Sn bj CSn:testttrodi175se,1
come my world called X3156M0 if you want,0
/me CSN=EBVDO8,1
/me Turk ga s tuRK,1
casino m-i-N Y299Ou,1
do not join BJ.,0
GAS Rm=WORLD2029,1
/me CASINO:7NX168,1
look at my world ICENELMTV1923 guys.,0
Various Congress method role ok?,0
sup!,0
/me BET:Q13M54,1
go 37r010 for total water?,0
/me M1N//indic9320,1
sell possible world key for 17/wl!,0
/me CasiNo==osm99a,1
come help at caq22,0
lets go quickly lets go quickly!,0
not every Csn is spam!,0
/me CSN CASINO WOORLA94FJ,1
help with parkour in PAOZ4693,0
world h3gm0704 is open pls,0
password changed,0
report worlds that advertise casinos,0
vend at W0Rl4F311 public table?,0
join job this round,0
Congress rock like name behind outside project form speak,0
/me CASINO CSN zoa149r,1
why am i stuck.,0
/me buying table msg me?,0
QQ why door closed!,0
join puzzle after farm,0
/me CA$inO-dl=ay,1
/me can i buy this?,0
/me b3JE=WORLD8330,1
unoglfrre1 has checkpoint,0
/me dl|dl,1
3RA has company direction sign,0
TURK,1
is 8 per wl fair,0
/me CSN WORLD51706,1
/me C-A-S-I-N-O//IrL7sO8ostp,1
/me b..j B9L TURK,1
need 1 dl change,0
/me csN=cha8,1
/me rush rush rush rush rush,0
/me BEJE B/J,1
/me BJ//WORLD4774,1
hey try m06844 please,0
/me GAS//w54worlw??,1
/me Bj=Bj,1
/me Csn 6gh09G4,1
/me Bgl 6zor0,1
run run run run!,0
DL TcSnJ7XiN4,1
/me CSN,1
/me DL//3h4hm54,1
/me B-E-J-E//CSN|WORLD8552,1
how much is 1 DL.,0
/me admin? lol,0
shop at 0v4584!,0
hey rate vbypapmircal35 it is open,0
/me GO CASINO 6D5E86,1
Left player cover,0
R M//sell108,1
/me price check please,0
Subject right,0
/me GAS//CASINO=Song5,1
/me m/i/n=WORLD10886,1
/msg AHI1LCR6JWLAOBE1QQTLKX Csn=Ym2qlR6cl,1
/me Turk/be//je Yvfuu,1
/me T U R K Bj h33g4805,1
can you go KDEEHN7554 pls,0
Smile same vote section when prepare student total truth page entire either whom,0
/me CASINO=M30XM51Y31,1
need display block for 15 dls,0
playing minigames for fun,0
/me R-M:R-M:R-M:R-M,1
/me dl WORLD84882,1
restocked fish shop say4,0
rate the map in worlafm673!,0
crystal 16dl,0
rush rush rush rush,0
Concern play happy staff hair nature eight :),0
/me WL=WORLD94735,1
Csn=MIN:6b6opru,1
/me CASINO:INDUSTR0,1
/me BG'L,1
sell according project chand 2/14 gems,0
/me BGL widesulp2!,1
new event open in proje,0
w0r30d5180 open now ty,0
/me d4llxqpu:g a s,1
/me qq W76WW0R2LD,1
/msg B2KsecI3bfN1hYO5gYNn B J hk5a89s25fjd3,1
/me CSN=iigh4956,1
/me TURk D1 HESMOSA99,1
can you get banned for cAsinO,0
/me do it do it do it do it,0
/me play map in ie1guhz,0
join us for games in HYVU0,0
/me DL//CSN=zq07whc1,1
restocked surg shop 9CVZ2T?,0
why am i stuck,0
/me B.J G_A_S Bj wl,1
doing maze at 7X4133R0.,0
/me M0541 DL,1
Well when able phone energy military fall trouble.,0
/me CASINO | CASINO,1
sell song 46per wl.,0
RM:CASINO,1
water 437dl,0
my world is 0u3knhuvp bro,0
Number ask thousand affect but news computer level threat pattern here stuff,0
/me Rm//w_L WORLD97524,1
/me T-U-R-K//izp1heqz,1
/me Dl//0exq71zM,1
help me in gamten00 if you want xD,0
sell seeds 1bgl,0
visit to the farm PHONEP3BNE920 when free?,0
/msg don3n2byyzx4ecyj B.G.L|DL|gaS=r896ctcj5bp64,1
SONG5 open now?,0
new world KLH077 if you want!!,0
/me Wl::REME=orr66,1
/me going to challenge this round lol,0
/me Bj,1
/me WL price check,0
/me qQ G_A_S 9hGQz,1
see 2gNb16U if you want,0
/me bj,1
/msg xsb5bqs2zrx9pc hi,0
RM is just a word,0
help with incubate innovative mindshare in PLETSHQ6,0
/me Q'Q qq wl,1
/me CASINO reme cnz7wuz5,1
/me BET REME:WORLD86627,1
who wants to come play event.,0
/msg Dfqphfu3Inwsrmich2Inkeuwrw cool farm,0
/msg FOMHPSNGIHUSTBM6AU DL at WORLD11915,1
/me G14Nx11:BJ,1
who wants to help with race xD,0
lets build minigames in M73R0Y4913CM,0
QQ//QQ,1
/me door id is 6191,0
/me where is white door,0
/me b.j//CASINO=TXA96XPts4Vf,1
/me M/I/N=R_M//WORLD83579,1
/me agarbekdyhpm443-REME,1
salmon cape - 17/wl,0
/me m/I/N/WORLD4603,1
/me qq/Beje zhfcur0641,1
/me Wl2//y1vco7jc?,1
/me bj8//c s n=x23m9920,1
/msg aefcgdhtd9ae cAsINo|Rm|c'a's'i'n'o//GRECRE329,1
relog wait,0
/me xyeyu7 CASINO,1
dL==u7265rfz,1
i dont understand MiN,0
/me enter to my vend luutam0 ty lol,0
share surg tool 904 dl.,0
look at our world - Ohxjxpdh0410 when free,0
/me doing games at FOSH942,0
/me T URK=CSN=hjhzof,1
/msg LPX8WJNDEME7ALBPU3H3K0 riavurbsrer2901 owner is limibtkyrcqyxcikr8qme1iwis,0
/msg QRQNUNNRRYKSTWE3SBFF hi,0
join us for games in Sogldb712.,0
/me Be'jE,1
remove access from Zlhnm0Ajx2Bisvhvivgp,0
/me WEKcD75q93Xshn=min,1
farm shop open LEFT,0
ty,0
/me mi.n=rncd2,1
dllbqk30 is open pls,0
cheap shop accepts DL,0
pc fish blocks for 2wl!,0
rate world SsIZU7 if you want,0
/me g as WORLD52686,1
join repurpose enterprise initiatives with friends,0
/me B 3 j e:4FoLQrYuU8,1
/me c' a s I //n O RM WORLD39302,1
Herself two believe ground night decade dream two still?,0
/me (:asIno=Uqulledfsc,1
QQ why door closed,0
/me 7URK//worlabf6379,1
/me Beje Q q REM/E:QHl6Lp,1
GA 'S//CSN=MQOSW64A,1
access given to KDIHGOOCBKWIITEREGT0X8!,0
/me look at to the farm Un5H1P50494 pls,0
/msg HTG1KXLNKIWMLUK0Y4 w/l/Min/B_G_L=6dre8,1
/me s8summe9=QQ,1
/me DL/CASINO WORLD29111,1
pushpushpushpushpushpushpush!,0
/me BeJE W082WL4F,1
remove access from PBDQW6TUV6OKTQVQF8IKB0WSO1YJ.,0
/me world RzLui is open bro.,0
i am tired of casinos ads.,0
/me min,1
/me bgL=33RnvAtSq,1
access given to UTZRdcdPN9wGbbis,0
/me W'L/filatep568,1
Inverse dedicated orchestration.,0
dont advertise casino,0
/me BEJE LAY,1
/me Rm/gas GUY11,1
Pattern available trip first world season career investment set,0
how much is 1 BGL!,0
/me Q/Q CSN hesm10osa,1
rate the games in HMY543205,0
going to minigames with friends,0
/me wl CSN=JuNCcIdnRh484,1
/me PLAY R_M/WORLD89601,1
/me b-g-l//bj WORLD9058,1
selling thus staff portal in V5D4B6DYG,0
/me CSN:B_J:R'M:tURK/7lr870,1
/me cas'ino to t804e5rryam,1
/msg x2QTVSexJXADhRu2z7I8A1 DL=feno4exg,1
/me DL//WORLD29318,1
couple platform in vend pArTeSZeeT066Ki,0
xd sorry,0
/me rm//CASINO=WORLD32837,1
De-engineered local orchestration,0
/me q'Q Q_Q//8ywP8O3,1
/me d l:REME:WMM742ORLAF,1
/msg uvanmljs GaS join 0rl3319,1
restocked cheap shop oft25l,0
/me CASINO//C/S/N=MBVPHCCHO3,1
/me BEJE:VPR9320,1
change DL to wls,0
/me n2uidjcvw9 CASINO,1
/me DL/bgl=30653R0Y4RM,1
/me admin added Drcrkmj9Ykr7Qrhqaonq.,0
/me BEJE for z4z4x8,1
/me 3VMIP9ZM44 CASINO,1
/me RM=balhem4,1
/me QQ REME CyRAAhe8,1
/me cheap azure doors at ganzipdwjvn815!,0
/me W_L|WORLD4961,1
come our world=wo9rl it is open,0
can someone open the door :),0
selling magazine grass block in BRIDS233,0
/me QQ4,1
rate world KEEERO1 bro,0
run please run please run please run please xD,0
/me H1UTOBH=m_I_N,1
rate the parkour in emosa0233?,0
T/URK=nation,1
avoid CSN worlds,0
/me block shop open 6XM04910,0
/msg dpgvi3eeepnmrcxgf3qbazik beje=AAIZIMYFW9D,1
look at my world 1QN74689 if you want lol,0
/me CSN Turk=Tjv6Q7Niw,1
Action late I challenge?,0
is this world public,0
/me W L world83571,1
need help with farm,0
help with minigames in wx3rl,0
enter my maze called g9b2rd4ulj it is open xD,0
/me BGL Hem5,1
/me WL|M.I.N,1
/me C SN|RE.ME=WYH1,1
/me Rm//W/L=kqlyxmgu,1
price check new platform for 14bgl,0
/me TUR_K REME WORLD85927,1
/me need help breaking blocks,0
/me min=8u6643b605pk,1
/me CA5I'NO VDBTHISS4!,1
go to my parkour drive246 now,0
buying pants for 12gems,0
/me D L//MIN=ootz7usmmcoz,1
ghostwhite hair 5/6dl,0
synergize user-centric models,0
world key 7wls,0
come play parkour at BENEFIT,0
access given to wfr7ponwzzb6tcthac?,0
/me DL//WORLD81169,1
/me QQ,1
/msg KWTIAOQVQ3STI3MNXYF9W5J2DHIYZY rEmEWo21Rld,1
/me Casin:O|IFORWARD067,1
help me in md995 ty,0
/me B_E_J_E//z27ora,1
/msg avurwfeqxdkjahd9olbksonyhn access given to v0hnkosggnuvxjp8klcfure3n5ev,0
how much is color year American!!,0
/msg akj6liobpmo5h3j0lvevjpm1t8lgachp selling me display block in M3N5P09NDP325,0
need background paying 1 dls,0
rush fast rush fast rush fast,0
Light sign,0
help me in SENDRA54,0
/me G4S=m-I-N=pcmead09,1
/me RME//ZHHAE,1
/me b/e/j/e beje heo9,1
/me b.E.j.e/BEJ_E:WORLD71044,1
restocked clothes shop E227HMO,0
/me CSn8:Beje=C_A_//S'_I_N//_O=Qq=CASINO WORLD91018,1
my world is lbgzefe91 bro,0
/me REME CASINO,1
/me envisioneer real-time e-tailers,0
/me RM bgl bJ,1
BEJE8 for wnrhk4ld,1
/me Q.Q q/q/R-M/('s'N=WORLD53554,1
/me C/A/S/I/N/O Uma88,1
is REME banned!!,0
cheap world key at bxme5o,0
OPEN R_M:6uwddq,1
lava in vend CXEA8329,0
/msg R2L4J3Oqn6Kwnfaotsgsvaqbbdy3 CSN=hewsa32,1
rich chand 1dls,0
go HEMSA575 it is open.,0
geiger shop 6hEdre319,0
/me mi n//C-s-N sd7iw91wb9q6g,1
/me CS N:Wf0Rl10,1
follow to our world called RQF2U guys,0
/me M/I/N/bj//H3M554084,1
brb,0
hello?,0
b-J//B/J=muss3a,1
join customizable tertiary groupware this round?,0
F8BNQ2MPPHWDHHUZWTJKGBCA keeps saying BJ.,0
/me QQ/Casino Yjrv0E7Xe5,1
/me gas gas gas,0
come help at npmivsese5321 it is open,0
/msg Atksc5Xzb9Jwvda3Bsmvmfwv wwwwww pdhlcnwtiafjzvme idk,0
/me Casino=c as1no1=b'j9=Rm//troubl4694,1
/me where can i farm,0
they play something like qq,0
why am i stuck,0
we play parkour with friends.,0
hemsa68 has CASINO spammer lol,0
/me CSN:C@Sino1:Bj=R.E.M.E:eLOCcONMEUse693,1
/me how much is this item,0
/me REME=tepv20,1
CSN M953Osa,1
brb,0
/me Turk//bj=H30045,1
need help with farm,0
/me B E J E,1
/me CASINO BJ,1
/me w_l=Cayr4,1
is this world public.,0
/me w'l|w'l,1
shop TPNI400,0
clothes shop hesmosa1053!,0
/me Beje/casino=1O2Wav1,1
/me DL reme qQ Bgl=T'U'R'K=3xn86,1
hello can someone help,0
help me in han74 it is open,0
comeoncomeoncomeon,0
/me MIN,1
/me d'l//bgl=9hmsa974,1
/me BGL=pdmryn5pvk,1
lavender checkpoint in vend hemos121a,0
Send resource charge job,0
/me T'U'R'K//t/u/r/k=wcrl43f,1
why people type REME!,0
/msg z9OxOMNPz3KUhIIy GAS|bj|Reme -> byicm7yura,1
fun games in qhymmo734 ty,0
/me T/U'R K=BJ::WORLD63571,1
try HEMOOS5476 bro xD,0
/msg fcdlyomaevs9hda6j0bxelyobgnfv4 M.IN=B GL=Dl/WORLD31794,1
going to maze with friends,0
/me Casino REME WORLD45342,1
help me in not06 it is open!,0
/me QQ/RXG3FDHOLC,1
/me WL Bbdj3541,1
/me BEje//gas izykoyid,1
Fight sometimes describe service everyone against could structure account people nor recognize!,0
/me CSN//EHMJ6,1
/me M I N=kmpbbni1,1
sup,0
/me beje4//B/G/L:xm45f0,1
/me Casino:re.me:D//L=REM_E::ATZLLF4O,1
Network theory foreign part home will,0
MIN W L R3ME B.J=WORLD29911,1
hi,0
/msg JVRUPuexz6 SOokyloOp2 is open it is open!!,0
password changed,0
/me ATKKP766-BGL,1
/me access given to o1GpY2aYCsrzYqiiXqC1 :),0
clothes shop at 730ry47m,0
join challenge if you want,0
owner is nluyckwcz4qha3,0
/me gas:WL:Csn//Ngaiohe171,1
restocked store HEMSA4!,0
/me BEJE//CASINO==W0RLD85D,1
/me CSN to WORLD90923,1
yo,0
/me gAs b e j e c$n//h6eos,1
/me where is exit?,0
report worlds that advertise casino,0
/me T/U/R/K/Vevzhgj0O,1
is CASINO banned.,0
PHST999 is open if you want!!,0
/me BJ=T/U/R/K:RM=Kzzcnbucf93,1
/me ReMe on WORLD82713,1
/msg obroawr0h2l2mmwf r/E/ m /E=te2r97,1
/me W L:csn:R.M=W0RL434F,1
/msg WEZZCRJTGUEU TURK=EACCH7,1
need help with farm,0
access given to ZFYAKKL9WCNUHUQG,0
/me POLIC013 BJ,1
/me Q-Q/B_E_J_E=BEJ0LT25,1
/me vend at TEALITY2964 lava,0
/me REME//author9it0042,1
/me play minigames in pan80,0
/me builder=SREJYBA7ILDC,0
report worlds that advertise casino,0
/me M:IN//CASINO=WORLD42216,1
/me REME:jtrhrqw,1
/me CASINO (ASIn-0=E8Vhtpesgd,1
/me B-E-J-E.,1
/me CasINO!=dol0c1l,1
bJ=Casino//66w0rl44f4,1
B'J,1
/me JOIN CSN=J33ui,1
/me R-M,1
O3A0W2A9U5Nqrzb3Pzm6Q2Zo owns this.,0
/me be//je=ACHEHO2,1
/me CSN//QQ=wiph333pbonn,1
/me REME:REME/p7ivgef,1
/me RE ME wl T U r k=PICrk4,1
access is K8d3yPL0ieuPtsXugKQMXlwKOBIP,0
/me qq min Txh5J6Par,1
/me casino//MOS02703,1
/me CSN//tuRK=GUN665,1
HME64OSS is open when free,0
crystal has MIN price,0
/me w.l==CSN nvqbmue0,1
/me C5N RE Me==GB2OR99PTAN,1
B'J/hE473OM,1
/me wrench FLQXFRZ8S5OZGEFNDBBBDJ,0
/me BJ lol,1
hey check WORQ2L please,0
can you join worlaf9,0
we are Doing race in this world lol,0
lets go now lets go now lets go now lets go now lets go now,0
i am tired of cas1no ads,0
M i n=WORLD32456,1
i hate REME!,0
/me mi-n:partegersopti7087 pls,1
/me m1n csn wthemymer059,1
selling water in ztezm3k?,0
o5g0uqhnuvy7dzuxbdh3bnef owns this,0
sup,0
Rock hotel summer military!,0
/me bJ NBAAGAV552,1
casino ruined this game?,0
/me RM WORLD92683,1
rate my world H35M50450 when free,0
/me M'In:b.3.j.E:q-q,1
/me QQ|QQ|QQ|QQ|QQ,1
minimum price is 29 per wl.,0
/me d'l|min|POURYOSA3,1
/me Q'Q=3MdR2,1
/me go the world called lpclittl5 now,0
/me help with sharable cohesive data-warehouse in ujcfyvig4292,0
world JMS8A is open need help!!,0
/me CASINO/Min-kgelvlyo82,1
/me Turk/csn WORLD22028,1
/me CSN9HMZU,1
/me C'sn Lks80,1
go to the shop idea8 it is open,0
/me CSN=cte8o2j7q,1
0z54l4 open now ty,0
/me CSN=WORLD62582,1
/me BJ//execu425,1
CSN:WORLD86227,1
/me CSN/WORLD30611,1
/me GO PMOSA324 CSN,1
casino spam is everywhere,0
vend has full seeds for 69per wl,0
cheap pepper at NOCKCEMN0,0
/me c4sino|rm|WORLD53635,1
comeoncomeoncomeoncomeoncomeoncomeoncomeon,0
/me BJ ENXEA66,1
/msg N9KoiHgmE5pdvW b g l=Turk=Min WORLD7956,1
CSN=WORLD55621,1
/me REME=IBLE407SCEAT,1
block shop open Javjq467!,0
grass seed shop h31400!,0
/me xvbisfe idk.,0
/me turk=casINO -> SOOMEON362,1
/me C@Sino=C.A.$.I.N.O=B_G_L=M_IN1::Beje=sfutf8k9b,1
/me CASINO:Reod424:lufsmanyj,1
/me BOATTALJACK9 Turk,1
weather shop he323.,0
/me PLAY Man3493 CSN,1
where is vend,0
/me DL,1
/me Turk WORLD64778,1
/me CasINo//WORLD87509,1
/me m-IN=MOWROA59,1
/me Min=WORLD27399,1
can you go SOLDI8859 guys!,0
/msg AMoik8P4mabFdWqyWCtyD6dy R/E/m/E=m9jyjdhq,1
/me b/j//rm=TEeR54o,1
[B.3.j.e|m_i_n|Dl|turk=Lsqmamq8029,1
/me BEJE|f19vozb53o pls,1
lag brb.,0
/me BGl-csN=54HJPV1W9QM48,1
can you try HOMERIMPIS4 if you want,0
door id is 2868,0
/me dl//WORLD14790,1
/me tURK r4nupr,1
join community with friends!,0
np,0
/me B_EJE W1 WORLD29063,1
Money Mrs identify through quality service clearly determine resource lead anything,0
wing has MIN price,0
/me can you follow to M050W5571R4 when free xD,0
/me TURK//miN=thei0,1
report casino spam,0
testing event in TEE1DO,0
WL=G4$=B3J3=R$E'ME,1
/me Bj//CSN=WORLD83816,1
/me REME=DL=t.u.r.K,1
dont play csn,0
/me GAS muhpwc M'I'N,1
/me QQ CSN CASINO,1
/me Qq Tur/K WORLD57020,1
follow me!!,0
/me C_S_N/C @ S I N O=W90RLD,1
(asin'o=h3mmw524,1
/me join us for challenge in eor303yam,0
how much is 1 DL,0
Prove,0
kick knbeetr1ydwvvkrs,0
/me RemE:H3M574,1
/msg Vcd3Egaoutxmo7T0Wjm4Zbllw1J5Hlmu BJ=TVI8MWA6M,1
/me D L=Q88FPdlu,1
good shop,0
/me (sn/CSN worlfa3,1
anyone want to race strategize synergistic communities Secured client-driven flexibility,0
/msg hoslz1ddvzq8gvlswh REME=FZORAA35,1
g__a/_s=8gl=BGL=WORLD47256,1
/msg IGCjOHV6yr Rm=84jh,1
come here and play minigames :),0
/me Reme=bgl=R-E-M-E/hem2@,1
vend at rv896io chand xD,0
can you come uu6eiei when free,0
/me rock in vend 37R0R441,0
/me tUR-k=WORLD41345,1
/me BGL WL Mojlp699,1
WOrl06l open now now,0
playing e-enable customized methodologies with friends ty,0
CSN==vwotfs434,1
/me TUR-K Qq BJ,1
/me crystal - 50dls,0
who wants to join must.,0
WWWORLAF68 is open please,0
w0rnl20 open now when free,0
/msg ijg4wvgdby DL=d3sqdc,1
new hospital open in wroma90,0
/me Reme WORLD68372,1
/msg Cgosuodgvnndrp rEmE=WORLD93008,1
/me m//in//CASINO=WORLD84891,1
/msg Zsr1Lanurjiiz2Hovf BGL=qqvec7ld,1
world owner xmymdloqj6ssg4bz,0
iuytrewqmnbvcxz dsapoiuytr?.,0
/me g-4-s CSN certa67,1
/msg xzqsbuf1idbuzwfwbncds1kew4 Casino=AOR5N4U8OZ,1
/me DL,1
/me Rem E3//TU_RK=bjbov7krb2,1
jyyal0w7yxv1vnuotxd3 owns this,0
/me (SN xx33m56,1
/me TURK G A S=M4ELO,1
/me CASINO//Usfrqh,1
/me DL,1
who wants to play maze anyone?,0
/me MiN CSN 3m32054,1
avoid CASIN.O worlds?,0
host is T2WHOMZYSZKFT3G3JWUW,0
/me Qq=C_SN=bgL=d/l//xmo577,1
stop advertising cas1no!!,0
/me BJ!//B/J h3m0054420,1
world eixst is open please,0
Wo41Rlaf is open?,0
/me see EHMOSA7733 when free,0
/me CASINO//testtbegisecmtc83,1
/me W.L r_m Csn,1
/me csn=BJ.-w0rld870,1
/me C$@-SIN O:C$@-SIN O,1
too many csn spammers,0
/me CSN//qpcsxtr,1
/me BEJE/REME=WORLD32174,1
/me QQ:turk:B-G-L/every,1
go w07orlf for green block,0
come on come on come on come on come on.,0
/msg gcrwt7a2d9svdee5 DL -> wolra812f,1
move move?,0
/me Rm o5gwn5c,1
we are doing games Vision-oriented cohesive circuit,0
/me B/EJE=D L:vjd8kvd3,1
/me WORLD17743|CASINO,1
/me BJ|C'S'N|Bj|GA S=c9jlmlcg,1
/me Bej3//C'A'/S'i'N'O//Csn//D-L=WORLD99920,1
/me C.A.S.I.N.O|beje=pOLli,1
JOIN c381vfo GAS,1
/me DL/REME Bitorip4,1
r-M:T/U-R_K=b EJe::worgalf1482,1
/me bj:D L:Dl:Qq=DOCTSEPIW250,1
mod please check casino spam,0
casinos is annoying!,0
cheap lemonchiffon wrench at MENTSFIRMSAM09!,0
/me CASINO:hems393y3a,1
kkkkkkkkkkkkk,0
WORLD4385 rm,1
/me q//q:4XISW7A8NM,1
implement scalable e-markets,0
/me RM W.L9=ZEAHTLOKXO80,1
/me mi_n,1
/me CASinO=DSAAG2NAZJ,1
/me CENRAN4-r m,1
/me CSN=WORLD10643,1
/me 8J=LEAST17?,1
cool farm,0
/me farmable - 13wl,0
/me JOIN C_s_n=s521vhmkr6px,1
wl shop - TR2OYAM7947,0
/me CSN!,1
world WORL284D is open pls xD,0
gas gas gas gas gas,0
need hit background paying 31dl,0
qq:i6bcyr,1
/me cs//n:Rm:BE:JE WORLD75429,1
M50X496 has chand lol,0
Civil program record enough marriage month subject million anyone stage other recent so third,0
/me go now go now go now go now go now,0
/me ow6oowya0gprq=qq,1
/me r emE|Qq|r'3'm'e|b.G.L:1Bl3L4Fu71X06,1
come help at glass27 when free,0
buy task mask with BGL,0
hello can someone help,0
Knowledge these early door think itself yes statement,0
/me b9l|turk-QQ=WORLD77446,1
/me rm,1
/me qerdhin?,0
/me TURK//TURK//TURK,1
anyone want to join expanded dynamic monitoring this round!,0
cultivate cross-media vortals,0
/me QQ my friend vrqwxxpmmisvg0tca2xr,0
/me dl:WORLD32022,1
/me BEJE at w5rquir9,1
Thousand travel cup deal strategy situation,0
hello,0
/me M:in=WORLD42683,1
cheap seashell chand at heqosa749 :),0
No mission upon shake lol,0
B-Eje MIN:teroy39am,1
/me CASINO EMO498,1
Bj//czcfjtm9ty,1
/me BJ,1
/me open znetaws94 CASINO,1
come help at BOJQ9ZRLL need help,0
join my vend=y30r2tivpaf please,0
can you follow to ehsmosa489 when free :),0
/me JOIN ynr3dm Rm,1
/me 9V2Td6Z4Go3Ahb/Casino,1
yo,0
/me T-URK/csn hza9Wsf,1
/me RM:Ztu6te5uQ,1
how much is this item.,0
how much is this item,0
/me DL=poncrakchec7,1
rate the cross-group impactful workforce in ML0412,0
buying darkred sign msg me!,0
/me M/I/N CASINO WORLD69916,1
hello can someone help!!,0
/me CASINO/REME VTDYQ0,1
RM me from access,0
/me CSN!!,1
/me CSN//WORLD62470,1
/me CSN=Ys4I0qox41q,1
/me g/a/s WORLD91701,1
move please move please move please move please.,0
/me ban csn bots.,0
is 15wl fair!,0
can someone wrench me,0
/me we are doing total bi-directional open system after farm,0
QGLON0 open now,0
does anyone know walk that against,0
/me TAVIUSII9112 QQ,1
/me Dl//CASINO=Ozm0Yh,1
testing maze in QMVVPHT23.,0
i need a door,0
go my world 0WR5L4F guys!,0
access given to Z3afeYTXxYXpq5Qie9J0!,0
my world is MERTLEMELO0 bro,0
/me B9L=wo689rhaaf,1
/me Turk 97cp1lqvf,1
/me B J/Bj=Bpuf74,1
Particularly behavior shoulder site through your reason huge.,0
cheap shop accepts BGL,0
Wmrl3 is open if you want?,0
jump jump!!!,0
why people type CSN,0
/me GA-S now WORLD35761,1
weather shop century5,0
need help with farm,0
/me GO vzk4e0z REME,1
/me Turk=T_uR k2=MIN=BGl:4EYBWB,1
/me bj/Rm//7R310,1
remove access from e9avsxhbvsmvpycg,0
/me hMsA1 CSN,1
/me R/E/M/E|R/E/M/E,1
/me QQ:7905X0R,1
cheap sign at VGGF1,0
ban W6C3Kjeurkpjq9Vov6Ydjjewf3O5 from world,0
bgl price check?,0
/me REME:m.i.N//WORLD65203,1
/me BGL,1
Himself these painting new produce difference himself deep,0
come help at h3504m4p when free?,0
/me cSn|WORLD71463,1
/me G-A-S:XXE859MO,1
/me reme WORLD61700,1
/msg VEF6LYPF Wl on HEM9OO,1
play games in p5qfkkyb anyone?!,0
/me R_3_M_E=Dl:CASINO/t5hhohryuz,1
/me CASINO=v5zxwxs,1
/me QQ CSN,1
hello,0
hm50541 has vend,0
min::cscp187,1
password changed,0
meet at EQOXNJS for parkour?,0
lnf7vavyc3u1kylm keeps saying gambling xD,0
/me xohniz=CSN,1
/me Bgl//wgbookrphc9d,1
/me Bgl GAS gas:M05422,1
(SN looks like random letters?,0
/me CASINO,1
/me w'l BEJ'E dvycagrik,1
Dl Bj d.L T637WER,1
vend at 0RLG4F67 background lol,0
QQ is just random text,0
Min//wl=mPWnkf,1
good shop lmao,0
XQDHA is open if you want!,0
buy stop crystal with WL,0
RAte world mello1 guys!!,0
CASINO -> tee54roya,1
/msg Odn2Uyjsf6Nob3Vbo7Ccxexcdi re.me=AnTDAy204,1
who wants to watch minigames,0
/me QQ//pld4qraj,1
/me QQ HH3M84,1
/me b//J=c6uOmp,1
cheap pack at HOMGFMI99.,0
r'e/me W462oLraf,1
we are doing minigames exploit integrated interfaces,0
/msg sOBLFYF2S7KHj1ehOj REME ejfz025jox,1
h3lm0642 is open guys,0
why is Casino not allowed,0
/me r.m (ASIN0 WORLD46695,1
BJ|Wl-ggrfgxyx1834,1
restocked surg shop FZO67A,0
Off himself room cold give,0
/me BJ=BJ C-S-N=WORLD14689,1
come try games after farm anyone?,0
/me join us for parkour in DIPIKES34 ty,0
anersven5 open now when free,0
they play something like qq,0
/me CSN==7uRK-WORLD18304,1
/me WORLD26549 R M,1
/me C_A_S_1_N_O=Ifjl0T7d,1
/me B-G-L//B:J n225xa,1
/me CSN//sc3xumd9493,1
follow to my world 36m07527 if you want,0
Rate focus into bad respond policy!!,0
Heavy possible race have he that sure agree paper piece company religious foot,0
hey follow to D1FF3R3N7 it is open,0
/me Csn R-M,1
/me REME,1
QQ my friend duvgucmczmy9xrvsj1eeqnx6iyoqbu!,0
rate the minigames in h999emj anyone?!,0
/me BJUrGuITv,1
/me T'U'R'K=BEJE//ZENETYLDJF9,1
vend at wwcunhy8,0
help me in guehk705 if you want?,0
what does BJ mean?,0
/me MIN,1
/me enter to my shop TUBERYLSCEAT34 now :),0
why am i banned!,0
BJ::h3emoo,1
lf idea vending machine 12wl.,0
BGL/b/J=NE8A9112,1
playing meet Benefit street dream,0
anyone want to test games evolve value-added networks,0
/me report casinos spam.,0
/me CASINO//6W3J6OQZN,1
/me CSN,1
RM access from hhsuzezgr3n3oib4pcoroo lol,0
charge please charge please charge please!!,0
need help breaking blocks,0
/me Csn Q_Q HESMO154A,1
main=qTvJzjQoXyG3Vwd6!,0
/me ca5ino:CSN::4MZMA3SBP,1
/me T U R K GAS,1
/me Q.-Q Q.-Q,1
need pink platform 10dls :),0
come try persistent cohesive success at H3MC06380,0
/me CSN//Dl=everyth,1
Manage family,0
/me TURK/Casino=dwvl7,1
mod please check casino spam,0
/me d////l:WORLD11299,1
/me dl/WORLD84479,1
/me can you rate Ms35A pls.,0
help with intuitive scalable utilization in H5400KG bro?,0
run please run please run please run please,0
meet at M35OOS for games,0
new will open in TUEROYAM46 lol,0
i hate csn,0
/me WORLD67619 R m,1
/me help me in c5f5vh062 it is open,0
/me b'gl|8EJe|M_I_N:Hesysoa33,1
deliver clicks-and-mortar initiatives,0
/msg Z4pLUCKoNxNWNKwl can you see 35m5474.,0
Response city agent office two together?,0
/me DL,1
farm shop open anobat2532!!,0
maintai35 open now pls,0
/me R/M:D_L:b.j:qQ:WORLD93785,1
Ciansken292 has many foreign surg tool.,0
/me CSN//ybxbir94,1
cheap public weather machine at SPE6CIAL,0
restocked surg shop ANSWER,0
is the owner here xD,0
/me reme WORLD41025,1
/me Re$m.e|R'E'M'E|G-4-S -> EXMO576,1
going to race Adaptive non-volatile functionalities,0
never trust casino worlds,0
/msg drjbtkgpywc3jzl1jizybh Csn/B E J E=alxvkexn,1
is CSN illegal,0
/me wl,1
/me CSN,1
can you follow to PPPCGRQ76 guys,0
join us for games in 7DMR03478,0
CA5INO:La06ZhQuoP,1
QQ my friend HWK2BJNSC4WYXZNCYHFISVSVV4TH,0
Customizable demand-driven algorithm,0
vends relatio.,0
/me q q CSN WORLD48471,1
BEJE/gas=2oKnh,1
/me B9L:733r084,1
farm shop at bguHG8578,0
/me DLWORLD27175,1
pushpushpushpushpush xD,0
/me Organic multi-tasking secured line,0
/me CSN rathhe,1
need degree pepper 84wls,0
/me QQ:QQ:QQ:QQ:QQ,1
come on now come on now come on now,0
/me QQ//QQ,1
/me D_L:Rm:HESMOM265S,1
go go go go!!!.,0
/me ROTIVESVCRI4 has style table?,0
/me PLAY WORLD72794 Q/Q,1
/me Play QQ:WOr73ld,1
T4YBIBSGRD owns this,0
anyone want to farm parkour right now xD,0
selling GAS mask?,0
/me M/I/N:H356M05,1
/me Gas/H3M5488,1
/msg Jdrzqnspv9G9Wnkavw casino=Teroneax430,1
Summer development building PM PM your us scientist low interview sign man,0
/me Beje=C'S'N/WORLD41554,1
unleash global models,0
going to challenge for a minute ty,0
/me RM hem6ol36,1
casino spam is everywhere,0
not every WL is spam,0
/me QQ//RM:RM=PMHA581TONDFAD,1
access given to Ktzzh3H2Imq6V6Rjt5Uf,0
dont play c-a-s-i-n-o,0
/me cSn:fineccxm22,1
/me CSN//Llumra402,1
/me CASINO REME,1
/me TURK/tha940,1
where are you,0
/me Bj2=tuRK=WORLD21239,1
/me Bj-b//j:zo184ra,1
CASINO==SALMARSESIL59,1
help with challenge in PSJEU9,0
/me B_GL WL,1
rush quickly rush quickly rush quickly rush quickly rush quickly,0
/me is CSN banned?,0
look at to my vend 1M053354 if you want!,0
/me cASINo join WORLD87223,1
/me bJ QQ=hEYMoSsA538,1
/me W L=3EF4MIEL,1
/me QQ,1
o5wr7 owner is F4URJLNEGUFPNSUCY1F3AFBIQVYQ?,0
/me ga$//reme=h30309m,1
can you get banned for (asino,0
they play something like qq.,0
/me doing map at 1W03L,0
dont go to z8pwhy they spam Csn,0
/me remE|BJ=CUP,1
enter my maze x913em2 ty?,0
/me lets go lets go :),0
/me R'M M7OH2GX1Q,1
/me g'a's=archbil8,1
/me t.URK//LISTE97,1
can i buy this?,0
password changed,0
meet at 9SJY1S8H0 for puzzle!,0
CSN=pwbsfdvp,1
/me CSN=REME|WORLD1614,1
rush rush rush rush rush rush!,0
can you open door,0
does anyone know say probably miss!!,0
vend at dAc2Edl1225 platform,0
/me IC454ELH-CASINO,1
/me come help at RHVSHISO1133,0
/me BGl:MIN:xuuafvigl,1
need 1 WL change.,0
/me FAST c s n::Hem6O,1
Configurable explicit customer loyalty!,0
does MIN mean anything,0
GO cpaxgd9 REME,1
/me CASINO//5dnr7,1
R/E/M/E//bgL:735r0,1
rm p6jxo8e5b4a5u0bqnf from access.,0
what does Csn mean,0
/me B3JE,1
cheap sing pants at nfnwvmc?,0
/me csn/CASINO/CSN,1
/msg t7LyJ3eWLPx1KXKZAVSlgmQIKgNhhb C S N|u3t8wtb,1
/me WL Tu_Rk M6AQAE,1
/me esxbt1ps B J,1
help me in acro7693 ty,0
/me follow me.,0
Triple-buffered cohesive help-desk,0
/me RM -> BJ:WORLD61759,1
/me Reme//T5EROYAM,1
/me CSN::Beje//8623r0,1
/me host of sometim377 is Ynmqj7Zqaophg1W9Rirvyrg4Sicg,0
/me CASINO//TURK=WORLD17022,1
/me Csn,1
going to race in this world,0
3Ggrpun13 has possible reduce weather machine,0
does CSN mean anything :),0
playing secured heuristic capability right now,0
join us for configurable system-worthy monitoring in JCJ57FFGI,0
going to pre-emptive actuating contingency after farm,0
hello!,0
selling water in H355305472,0
/me CASINO=WORLD41903,1
/me 8Ej3,1
/me Q.Q!,1
how to farm,0
/me maderel11 CASINO,1
join he0mosa it is open,0
min:GF70RH535M385,1
/me REME=EJI1IW,1
/me doing puzzle at fina300,0
/me TURK=P0u9w5,1
come help at shzyre5 pls.,0
new world YM4 ty,0
come help at s146nhw4h85,0
/msg tLh1i5x8lfeTMEwKxVLu Beje==WORLD62830,1
/me dont go to SURE63M0 they spam CSN,0
/me PLAY wL=WORLD31362,1
Why need end.,0
owner RM YQOQQPPIQPT4,0
/me CSN/CSN OyPzr,1
/me CSN=4turyyam33,1
/me anyone want to play puzzle before we leave :),0
/me REME/CASINO TKDM7,1
dont go to cognexa1284 they spam casino xD,0
mod please check casino spam?,0
hi,0
look at SGIWRM702 bro,0
cbmwryip,0
/me c4rdd0wpm5:REME,1
/msg Vcmlflk8Prmmeb System pass ago force field young build defense,0
deploy extensible mindshare,0
/me CASINO=w l=DWOMKO,1
CASINO/GAS/8Gl=x6rby3xa,1
i saw casino spam in YU9YUWRVH4.,0
casino spam is everywhere,0
/me Casino/Casino,1
/msg scwhg5ozzyicwssnf9tlnkj1ae c$n=F343485,1
/msg nPzBEJZYl0Jhq3i6ivtWKtQVN6 b E j E Reme=TARLASSULY335,1
selling wrench for 6per wl,0
/msg xbvzjvvditzagsowr5 rm kddrinnk2,1
/msg YPihosz6MIk9N8RL rm|casi_no!=rgsQNI,1
REME|CASINO:WORLD13217,1
kick Vzdynfg9Fjc1G3L0,0
/me turk,1
/me kflefitt=Rm,1
/me CASINO//BEJE=H356M45,1
is the owner here!!,0
testing parkour in M132OEA,0
/me PLAY GAS/Z0H1MKG0BV,1
fun minigames in Zo4136Aa,0
is casino illegal,0
/me come,0
csn spam is everywhere,0
visit my storage hoyhifu3 bro,0
/me CASINO CSN,1
going to puzzle with friends?,0
/me qq (AsinO,1
these casino bots are annoying,0
Universal stable secured line,0
/me d l Gas WORLD4205,1
restocked cheap shop H3M48325?,0
/me MIN::xysmwkt,1
/me meet at sbaxfyl4101 for event!,0
rate the minigames in WOR742LD.,0
/me Bgl-WORLD37940,1
/me beJ.e,1
/me who wants to come play games!,0
G.A.s WORLD31063,1
owner here,0
/me Q/Q//TER067O,1
/me WIN Turk WORLD90011,1
report CASINO spam,0
/msg gtf6mtytt2nafq D L=WORLD98351,1
/msg cdc5ldt1c2afkxwe REMe-sinqmsg56,1
/me BEJ3 WORLD41973,1
/me world QYJPYEOD85 is open guys,0
/me WIN DL=szhprymhd3,1
world owner EPWHY0BRLJJ1UUEIHUEFP4O1W1STXPEF,0
/me DL=WORLD4879,1
BGL:G'a'S:BEJE:C_A_S_I_N_O=FYHUSNFXSA57,1
casino spam is everywhere,0
/me CasIN/o:WORLD42043,1
join race right now,0
follow me!!,0
O3JPEZENFBTVBAH8O6KKQ1C0 is talking about BEJE,0
/me q q:luzsnxnxge,1
/me csn//beJE WORLD23656,1
come our world=tfor3 ty!!,0
/me WORLD54390=TURK,1
go now go now go now go now,0
dont advertise REME,0
DL shop:HEEJSA6631,0
/msg l9u8kpcznra5wrt4doyc CSN:WORLD74696,1
/me BET J1IUEPSA CASINO,1
wrench T1BIVTMDTKO3W4I9HQ,0
join challenge with friends?,0
/me Dl R.E.M.E LIKE7038,1
/me 8J:2Ettkf5,1
rate world wnc782 when free xD,0
Pij7Vtd3 owns this!,0
/me t_u_r_k/G/A/S/h8eom8317,1
BEJE is just a word!!,0
/me CASINO QQ ske7c5s,1
come help at HHEMO362 bro,0
/me cSn=BEJ'E=turk!,1
help me in h5m045754 need help,0
/msg miy9azsvecm0yfshzz CASINO=UM33,1
lets help with compatible empowering initiative in ornl8375 lol,0
/me Wl|RM:c////sn=URd39,1
where is exit?,0
/me EXiS2 CSN,1
/me g'as//CASINO//ccv7sgycxl,1
/me CSN CASINO,1
/me help with puzzle in DIFFEREN7133,0
/me Csn-RM DL RemE4:WORLD43889,1
/me B.J WORLD75992,1
rate the map in Y4Gw0R7M5280!!,0
/me Reme=M/I/N=WORLD37283,1
/me d'L|GA/S|7URK=AGAINST1,1
/me CSN,1
do not go to casino,0
need grass for farm,0
/me BGL==8j T-U-R-K/C5Guirfet7,1
someone report ceplnipfalyoc1 for casino!,0
come help at y3olyhsr6 guys!,0
/me mod please check casino spam,0
/me QQ CASINO 940817YDkQ,1
BEJE=WORLD29879,1
/me BEJE//UUZVT32N,1
/me TURK//WORLD33810,1
selling item for 20 dl,0
where is exit lol,0
/me r.e.m.e -> CSN vxtvvn,1
/me bqxevwk-bGL,1
/me 9@S CASINO 48EME6QW,1
/me BEje//dl//bgl T-U-R-K==FWOLO5IUKZB,1
/msg M7Upt8Ibtfnw why am i stuck,0
csn XUMCKIN3,1
/me r'M=m/i/n Fakorat754,1
/me c a $ i n o Bj=CASINO=h0x45emo,1
check my world XELMO9 guys,0
/me Casino=Bj//1re2wh,1
NYN353X4 is open it is open,0
/me CASINO=H3M05G3,1
/me q-q=turK::ylmlr4925,1
QQ//Q-Q=Pylsegr12,1
/me Rm WORLD50029,1
/me D/L=8GL=neglyp,1
/me GAS BJ=WORLD71369,1
/me T_U_R_K|8gl|D'L|CSN,1
why is csn not allowed?,0
/me movemovemove,0
evolve vertical metrics,0
/me qq 070ur140r8,1
/me Dl//Qq=P4P6Tslgad,1
/me Rm=NHVEQI038,1
/me WORLD67134 CSN,1
QQ is just random text!,0
/me q-q=tw30er,1
H6T8Fyt2Xar6 keeps saying BJ,0
/me CSN du9j3o7y7h,1
i hate CSN,0
/me BJ lqxjqcxx63lo,1
farm shop HEMS40A.,0
/msg XUC6V1GQCCKSU0I5IFICU0QK pushpushpush,0
is 14/wl fair lol,0
world owner TWZ2JFG9P8ZBPDVB!,0
/me bg/le Qq Wl,1
/me C-S-N=GA:$=TURK==73212R,1
/me Q.Q now 3ckqfz,1
market open SUDDENL,0
cornflowerblue grass block : 164 wl?,0
go 0EM394SA for game for shirt,0
/me Yw5B9i7HIleO5//BET//MIN//B3J3,1
go now quickly go now quickly go now quickly go now quickly,0
world owner m7uxt4fqnrouommpx0maqtewxf,0
/me CASINO/apiyx4i,1
anyone want to build parkour Whole field,0
testing minigames in hzn80jj!,0
/me c4sino=fwj8lo,1
/me DL//7430Y4M,1
/me M$I//N=H45M4391,1
college block 15wl,0
where are you,0
/msg WNSMKBEGOZY1E9AVXSAS M-I-N=bwy4nkhica,1
Management which shoulder rock or,0
PPSRO3362 owner is U8CPV0LDERAMU1Q5EYFQVOC2Y3J5!,0
/me min yktgtz,1
/me DL==h3m0hc53w63,1
meet at EXPHUM18 for event,0
buy wrench with BGL,0
testing race in 3LMSG0GH!,0
/me lets build race in jwb46dcfx4!,0
/me go J7EMO54 for fossil,0
/me CA SINO//REME//REME//Csn=CYFPOS5,1
/me JOIN WORLD3164 DLE,1
/me cs.n,1
come test oil if you want guys,0
/me D'L:q6a6pvb,1
/me CASINO,1
lets go now lets go now!!,0
/me w_l=xsue0tn,1
/me Bj:h7uyhrw7w,1
/me casino orwld781,1
change dl to wls,0
access given to dsn6qcxicn!!,0
/me CASINO:BEJE R3ME,1
enter njels571 pls,0
WW4G7R1L231 owner is iwdtdsfdnlti,0
someone said qq is like csn,0
Reme/R M=k6hds6h1n,1
try my world H6EM5A need help!!,0
/me BJ RgmoIe,1
/me d.l=wl=C5n:Yzrjfcbqi,1
fun games in YFU8NGB,0
lets join parkour in H3950M54,0
Network star how action,0
need capital checkpoint paying 12dls!,0
/me UQ9vQz2o=m in,1
/me 8j//h0t0vnp0,1
is csn against rules!!,0
Low themselves blood whatever believe good,0
CSN//HYMO246O,1
/me CASINO CSN CASINO,1
/msg pqURk9VOw4oz store open HE099AMS,0
do it do it do it pls,0
/me 7urk=b_eje/WORLD20172,1
/me beje W1/CS N5,1
can you get banned for casinos,0
/me CSN BJ ocv3dzofu,1
fun minigames in jfgepa,0
/msg iwbov0sp selling old mask in Ir1Vo,0
/me rm:W0RL4FF24,1
rate the minigames in 8j4wq,0
rate the farm:MOSAAD540 need help,0
is the owner here.,0
enter WARR2?,0
new maze open in HAPISESB8 lol,0
/me qq:turk/AduLT4,1
pull lwfjm4ndupbhcmp6 please,0
/me how to farm!,0
/me CASINO=pbzayfk,1
access : amjzphp2mmahleox,0
/me my world is HH5MEO,0
/me B-G-L CJWJPFCZ,1
/me BET 73538r0 QQ,1
/msg muinj0otafgrf9z5 TURK Yaddjaitzlc97,1
/me CASINO/beje WORLD54479,1
bgL:Q'Q:r_' e//'m'e=Yyyywkc,1
we are doing transform plug-and-play web services this round,0
bnmqwerty,0
any TURK here,0
/me DL=psfvm5,1
admin added hfconfogwkdmo7f9rnwlirvghoqc!,0
/me w l/B e j E X520EJO,1
/me R-M:8'j:MW2VX,1
/me b_g_l/WL:pneucur0508,1
nice world,0
W/L|m'In|Cas-Ino-Be Je=tero98,1
what is CSN,0
/me CASINO k7mssnc2cqot09,1
bgl//R_E_M_E=UfmHEc3,1
/me FAST b-g-l=h983mq,1
/me CSN//22Sr9Y4425Fi,1
/me BEJE//G4$ huqlino7,1
vend has world key for 1dl,0
/me Qq:eRF501hTyp,1
CASINO//BJ,1
/me BET 0W821RL,1
/me Ga_S|bgl-power,1
push push,0
RM RvPVJ3M1RtgII0EI from door,0
/msg ugmagwf9mmcbxtluo8mg rate world WWO4RL1 need help,0
/me vend at 5pr44970 song,0
/me QQ::anothe12,1
/me GAS=Zseuuym,1
/me C_s.n/C_s.n-PR0K5HCNQQ3,1
/me Bgl=WORLD58061,1
/me QQ-B.j|2swvkuuopjef,1
wait,0
/me rm O89lGJm,1
is casino against rules,0
/me Min/CSN/C/A/S/I/N/O!,1
/me beje,1
/me visit my world called TERQ739OC now.,0
doing e-enable plug-and-play schemas at waergrith5380 ty,0
lets come play balanced methodical algorithm in BUDQG59,0
brb!,0
my world is 50oi185fm pls,0
lol relog,0
why am i stuck xD,0
/me new maze open in P34C30592,0
gas please gas please gas please gas please,0
doing minigames at hrol01d?,0
/me host of 06d41qf is yjv5rqkjf2?,0
need clean pack paying 6 dl?,0
/me QQ | z0r47 | 7Ur/k | CASINO,1
come help with games at JORDE7V685,0
Bg1|z00r75yy,1
/me CASINO CSN,1
door id is 344!,0
M2JZSHASWIUBYEPZH7I5PCRP owns this.,0
Star interest matter six plan meet.,0
/me CSN:uopiyrb,1
CsN!//FIGURE,1
wl:01RHL,1
/me CSN gvhzpiwy00r,1
play minigames in STRATEGY06,0
/me Tur-k2//CSN=Rwo08L,1
/me t u r K/Beje=7764830R,1
/me csn:xhessosa81,1
world owner vdfbzwkquvooa8zsetfom4n3o4,0
/me hey enter NX42 pls,0
CSN QQ CASINO,1
can i buy this!,0
/me GO MIN-epitabor0,1
grass seed shop HM5474 :),0
/me REME=run6976,1
lets race challenge in 1c17yhh3x6920!,0
/me is BEJE illegal :),0
i am tired of c//a.sin/o ads?,0
/msg k3gum0ugm9sum0pbqi Dl on ZL886NYE,1
/msg xergpsk2xuozqinnz1tauc WL=WORLD46555,1
/me W'L CSN NWO3RL,1
/me B-J YESPAL9,1
/me Perform continue down,0
/me R_-m BGL xe00mo,1
/me bEjE::BJ h956emosa,1
qq bro wait.,0
/me RE_ME/B:J,1
mwryipsfhk!,0
/me w'l casino8 M_I_N WORLD88797,1
/me TURK/qq=9hefe8uz53uf,1
why am i stuck xD,0
my world is EDYXI8WLZK please!,0
run quickly run quickly run quickly.,0
anyone want to race cover for fun,0
/msg SEFJLSDLKIZLZESIJ6JSM4X1 BJ/wor1477,1
rate my world called z2ooxa please,0
looking for turk friends,0
is 79dl fair.,0
password changed,0
/msg Qhy8DKH1rIXiU8 Casino in sbe92,1
move move!!?,0
Order capital lose kind risk leave question give follow bank chair behavior,0
/me QQ:D-L:art401,1
come watch map right now ty,0
change wls to WL,0
come pmLApAS8 guys,0
/me WL//02M354,1
(BJ=m3d1c73,1
/me Gas//REME=ddpzdql,1
yyyyyyyyyy cccccccccccccc apoiuytre,0
cheap shop accepts Bgl,0
too many REME bots,0
/me WL//CSN=NXXA3Z4,1
/me DL=r/e/m/e=WORLD15807,1
/me Qq=WORLD93500,1
DL shop/Qsoong5362,0
/me my world is MIDDLE guys,0
/me qq//DL=HEO129MSA,1
meet at h3m48054 for maze please,0
going to bed if you want,0
/me TURK=cqm0bpc,1
relog,0
/me QQ/reme//WORLD51014,1
/msg p2crm4hnudtjdpx2bh csnWORLD77374,1
playing event for fun.,0
go W02RL for lock,0
/msg rfmvvtq3n8rgguniz9qeo0rkmujjfn relog,0
/msg kaw6ynewuqxbbd my world is omfice6778 guys :),0
/me Q'Q=CSN//valuefbqvy,1
/me BEJE/ZSIPITE2X6,1
/me b'g'l//ZWT1EXW,1
casino is annoying.,0
/me CSN=yes9,1
buy cornflowerblue seed with WL,0
RM:d//l:LUGJRC160,1
join event Triple-buffered responsive product lol,0
/me BJ/Ki35Flde3V,1
/me CSN CSN,1
/me CASINO,1
push push pls,0
/me CSN//Q.q=ip51vaogfj0b,1
help with maze in rpcyiyazbc34,0
/me 8EJE=CsN 8//J,1
/me Bgl//stu5,1
runrunrunrunrun,0
/me Qq//REME=SHOATAF5016,1
/me CASINO pls,1
/me Turk REME/odlt0ds,1
/me playing reinvent real-time vortals in this world xD,0
/me CSN xD,1
can you come see02 when free.,0
M i N=bEJE//wk5dr34mv4131,1
playing i Always community west material economy south goal bro,0
they play something like qq!!,0
/me b_g_l::DLE:TuRk//7838R30,1
/me G@S/MIN8/reme,1
/me Bj WORLD84472,1
/me R m WL UUJEHK,1
admin added W7JDC8IUL2HFVVI1,0
/me reme//REME=w2v5gjh5,1
Czw5Ntege5Xjln owns this,0
B3JE-bwyt1smnp6,1
/me REMe:QQ33MM2M,1
RM|rq7tm3ziq,1
/me REME:B70oewR,1
/me M/in=rackmelhomecpqwusu2,1
/me b'e'j'e,1
/me Q_Q:min:Bgl::WORLD73708,1
come OWRLA13 if you want,0
is CSN against rules :),0
Organic coherent initiative,0
/msg BKAQYJOCX7DIULKZJ4XOW0DMCHSL D-lWORLD97422,1
/me G@$:(S.N:WL:7URK=HEM07SOA,1
/me i hate c-a-s-i-n-o,0
/me b g l//W L=Cya7174,1
we play minigames this round,0
owner:rnvoj0nak8z8oek2wmhdw0fh,0
/me w.l=TURK|8v5kwvwqycbh6,1
CASINO spam is annoying,0
why am i stuck,0
fun minigames in tT097ero,0
vends open LFDEYF8763,0
anyone want to try puzzle Re-contextualized system-worthy capacity,0
xvnqetuo.,0
/me CSN//BJ=FEEL,1
/me WL/C.S.N//rm:P3ETQU,1
access given to Dnzvl1V7Xjhbn5J4Ri.,0
come race parkour at qnpe34 anyone?.,0
/me W_L=WORLD8457,1
join minigames right now,0
/me DL//swervice0,1
/me Rm=BG1//tmmrar4240,1
/me rush rush rush rush rush rush,0
/me ga.s/min8 lnkwdpn,1
rm oimkpyemelgwcugtr1bwmn from access.,0
/me DL,1
Become you ahead great mention generation free region six,0
hello can someone help,0
can you go w16r4laf if you want!!,0
/me wl!/RM=vhzsmywuj7,1
/me BGL=TYPE468,1
only yourself wing = 3/4bgl.,0
builder is j0gpbqm2jholfquaundaowznhgob,0
/me RM//WORLD40676,1
can you join BLUE36 please lol,0
/me qq/T_U_R_K/bj/QQ=CAL15,1
/msg C8CAhpKpbBZoysR3E8y9rAB2 Bgl//BG-L-PHHSMOSA3,1
/me WL//venqueen2,1
/me Qq//Q.Q=STOWNNUNNUTNYHAZE8142,1
anyone want to build puzzle Risk,0
/me DL//TURK,1
/me WORLD69318=C.A.S.I.N.O,1
/me M I N==gas:ha2ckyhe3,1
/me c_a_s_i_n_o/c_a_s_i_n_o,1
trade mediumaquamarine sign 72dl!!,0
/me C-A-S-1-N-O/Q/Q/BJ BJ,1
/me T67PMTQEDK6IKD G/A/S,1
owner is s1setiqeoottsipmdmjzacbeqo,0
Hdkmk8Ejz2Nyo8G1 owns this,0
e-enable interactive e-business,0
Suddenly two fly role another candidate almost either must,0
CAS_INO:dyzgkm,1
/me CSN v6h3ezr3,1
/me TURK owner is zpp0e8ckrysyomyj,0
/me lets test event in HESMOS95SSA please,0
cheap pull sign at CLOSE69 xD,0
rate the quest in H2739M0,0
going to minigames with friends,0
XDUNKLCALZ8 has Casino spammer,0
/me Gas/WL 54iljI0ImT9R,1
what is MIN price,0
/me beje:fexyo841,1
toopbowilsmeigw9vpmrimjqz3moa9 owns this,0
hey come aactedchson421 guys,0
crimson platform = 54per wl!,0
/msg k0i4ooyxzhhugchn do it do it do it!!,0
/me turkbugvqotg988,1
/me REME/mzwyj5vr,1
/me Turk=Youes221,1
/me R/M:WORLD82224,1
N5Cobakdixmszbx5Qgouptqcusnh is spamming (_sn xD,0
vsu207 open now when free,0
/me CSN/LWBFFQK642,1
come the farm called wfor775 pls,0
/me DL//B J=shicnscx806,1
Gas mask 15dl,0
world o388osa is open please,0
buying moccasin table msg me,0
/me b91,1
/me Rm=WORLD80786,1
rm Ivlnodyxflf1Wdep from access?,0
why people type BJ.,0
vend at dru9 police lava,0
GAs ixqx4cpv,1
/msg oodlidjpqywnmjyoc5kwgnx3 BejE=xem730o,1
new world KHZEEKV5 now!,0
/me Bj/wl=1JB3R5RD7JVUMY,1
CASINO=1vkybbne0i6,1
BJ is just a word.,0
/me CSN CASINO,1
can you enter hes7MOSa if you want?,0
/me BGL//JXGLXNW7568,1
world owner Oikliczyhwvdgqiprnzhm7Doc5Opihjk,0
/me r'e'M'e-csn-EMO65S6,1
can you donate dirt,0
MOSA71 open now ty!!,0
/me c8x1cl:bgl:rgdrekec,1
/me need help with farm!!,0
rate world mj3l60 bro!,0
/me Min,1
/me Rem/E,1
trade any dirt for 138 gems,0
/me REME yfvw9e,1
who owns this world,0
Bj3-Csn=85w3g,1
/me CASINO::wro37rl,1
what is ca$ino,0
GA:S//ahad6rwjv,1
b//j CSN WORLD3357,1
/me (A5IN0/rm:(As1No==mymrxdme1114,1
/me CSN/CASINO domsolrakq567,1
/msg pwnhgcwca2w3j6akrhu9hxlha8 Q-Q/M.I.N/Hope,1
/me casino::C'S'N//CSN=NNOELIP,1
help me in 3hm0544079 if you want xD,0
wall 5/wl,0
/me join object-based web-enabled database with friends,0
REME=WORLD4557,1
rate world LUVNHF526 pls,0
meet at WIITHIN91 for games,0
/me BJ:WW984ORLD,1
QQ=TRAIN74,1
/me vend at t691xy navajowhite shirt,0
do it do it do it do it do it bro,0
store open WCLLJV?,0
KK1233 is open guys,0
User-centric scalable core,0
/me CSN=a9qlkwdyd6,1
where is the white door,0
/me caSINo=NIGSSE4,1
/me REME=C.Sn/nx645yzmg1e91q,1
Reverse-engineered encompassing array,0
help with puzzle in HEMOO3S6A,0
not every BEJE is spam,0
push push push push.,0
B/G/L/ricsaul66,1
ban cAS1NO bots,0
/me CASINO,1
/me QQ=086Ljbdk5,1
/me Wl|q.q Reme=WHOUR9,1
gogogogogogogogo lol,0
qlqoyrto,0
/me GO CASINO gsfu35,1
password changed,0
/me H84EMMG-R-E-M-E,1
world eschabdalsepi3744 is open need help,0
try our world=e285ovsa please,0
/me CASINO//worlld78,1
/me QQ=vw0rfld2482,1
go now go now,0
/me BEJE WORLD38541,1
/me change BGL to wls!,0
5rujbsu has rock,0
/me BJ CSN CSN,1
/me wl//m50ttw,1
cxzlkjhgfd,0
/me bj//Bgl QXcNKzo4x,1
admin?,0
we are doing map Realigned stable conglomeration,0
/me CASINO:TEER3O,1
/me CASINO N0SA,1
/me lU4v M-I-N,1
FCSPWbBgLyHVUAV7Ba is talking about BJ lol,0
Reveal really least statement lol,0
/me W_L:CSN:FLOWR42OWQIVBTYPES,1
/me push push push push now,0
VLJA034H is open need help,0
/me tuoadgjl,0
/me 83j3 b e j e//xl8xzzl1da,1
/me WL DOOR7,1
need 1 WL change!,0
/me GAS CSN:mm05438,1
/me CSN pls,1
/me Qq|BE_JE.,1
restocked weather shop cemmive73,0
rOw7Q0CwW9trhG owns this,0
/me tUrk reme=r e m e=R E M E9,1
/me meet at OOFRJZZ035 for event,0
/msg j4c2hklwsbxly1x9 rEmE|n1exa,1
/me 8J B J m9a9unyo,1
/me Rm CASINO RM G'A'S=hemocmr791,1
/me cASino//WORLD71283,1
/me Bj WORLD12229,1
come help at M7SAO if you want,0
main m6NKDCW3xCIfUHoBXFykN7v2Va,0
/me WL,1
/me B/J2:IRRUdIZ04,1
/me C S N REME zmnKVOy37,1
/me ca sino/rm:50h3m054,1
/me MIN/WL 397Ua62,1
/msg p4gya1p4ecwys3xlkzu5re CASINO xhrvi9k8uormj,1
need sugar cane paying 519per wl,0
/me REME=R.EME=hEsMo92Sa,1
go to the world governm51 ty lol,0
/me can you join B99XUBX guys!!,0
/me CASINO,1
/msg Nohljklev5Aamzhtrifrhfqljw MIN:MPFM0,1
Ahead happy type class almost,0
/me free K8FIC2JLU1 CSN,1
doing puzzle at YYIIA10XNJO please,0
/me now 73r0y924md CSN,1
/me MIN:C4MP41GN16,1
/me DL/teroy88a,1
/me CASINO,1
/me FAST seccuri4 r-m,1
vend has world key for 50/wl,0
8J:vmmhlpm,1
/msg Eyvholtjdsg6 m.IN=dfv3lhxhn8rvs,1
Reactive needs-based algorithm,0
/me go 2JTURDMN for window mask,0
/me report BEJE spam,0
hey come UNIBUGFUTOW5 need help,0
/me G.A.S:WORLD2160,1
pull g5q4gfbmu6ladthcnj please?,0
gdaout!,0
/msg j7Rhtnx2MraTJIo9 zzdorm.,0
cheap shop 29bysg4pmi1?,0
/me QQ//EI5XB9ZI,1
/me ga S at WO476RLRDP,1
visit worl3101q bro,0
/me BJ//REM3//M2T19IEV,1
lets join monetize granular synergies in MOSA0405 xD,0
/me JOIN CSN==qwolr07,1
thistle lava 34wls,0
/me CSN g6ofvpkwm1,1
DL price check lol,0
/me going to experience right now!!,0
doitdoitdoitdoitdoitdoitdoitdoit,0
Lot across art mean from area like lay.,0
do not go to c s n.,0
Bg/1|qq|WORLD44052,1
/me q/q=CSN 7EA36FZTSIU,1
ciskseory624 open now need help,0
/me CSN//B3JE=qnbqcwc,1
how much is this item!,0
/me BJ//Mv1D3U15,1
/me Sahyl3Djpt has vend,0
/me lets go lets go lets go lets go lets go lets go,0
/me TurK mo2blir5z,1
/me dl//BEje=mylum522,1
/me C-A-S-I-N-O GA5,1
/me Rm==oeregqdd,1
doing challenge at Levdonte535!,0
pull e7qbqlwljee2dwgp please.,0
come come play cultivate customized channels for fun,0
paleturquoise seed - 50/wl!,0
/me QQ bro wait!,0
/me M I n|build7170,1
come here?,0
/me d//l//DL=APTUQBQJ8,1
rate world 90w8431 please,0
playing quest for a minute!!,0
follow to my world called te367royamm guys,0
/msg Qumei8Kwq1Mjteg6Klarvoz7 CSN:p1ywgl,1
/me REME=Rdpg3N3552,1
/me C'SN,1
/me rush rush pls!,0
/msg OWYHH9B1YZJC come help at hem485sa when free,0
my world is QP002DJ guys,0
BEJE:WORLD47639,1
thanks,0
wrench CSXZFBZ7X3,0
/me Bj Bj,1
/me POOBLOMU5 -> CASINO,1
/me (as'Ino g_A_s TU-RK W L,1
/me B_E_J_E CASINO stan,1
/msg IBNMEPR3MBWRFKPSJ6WLDP visit the world called WUnXkabLyg08 please,0
/me JOIN QQ==m1llcn36,1
password changed xD,0
/me BJ=73r0y4m658m,1
[Qq:DL:REME-MO0AE,1
Treatment follow treatment natural short risk,0
/me where is wind?,0
/me Min-mil4itary,1
selling seed in misruugbev4805,0
avoid hsn06 it has casino spam,0
lol,0
charge charge charge charge charge,0
we play iterate front-end models for fun,0
sup,0
rate world F0R8DC15M5G please,0
/me PLAY QQ 56mjpx4zjxd9n,1
W0R87L4 has full lock!,0
help me in 40RL32 pls?,0
/me wl:0v1h43m48,1
how to get gems,0
BEJE=DL inter,1
/msg O9PmXvR3LqNgv5VOl1zrFz kick Uaqipvhpb1X4R9Ro,0
/msg mwk6wxicjzydohjhblamv9orux CSN==eezwm6wpr4d9,1
play race in IRQQ8201,0
who grass block - 58/wl,0
/me CASINO. q'Q Zo8Rja,1
/me b.e.j.e 85m0p,1
/msg STRJL4ZZJGYGA4IMCL why am i stuck xD,0
too many REME bots?,0
/me QQ reme//3hemk4318,1
/me GAS/MI/N/c/a/s/i/n/o/Q_Q,1
come build event after farm?,0
hem22ms is open it is open.,0
/me admin added sgb1q4gxpmrr?,0
/me MIN=Dz0Hr4997,1
vend at h345m054554.,0
OEXXA8 has trouble seed,0
follow to the shop - wr0l467f please,0
hello can someone help?,0
/me Ga:S=DL=gwtwo4j,1
Win return,0
/me qq/WORLD55806,1
/me D1,1
Cut it fund might four concern lol,0
new world worqlfa2 pls,0
lag ty cool farm?,0
can you donate dirt,0
Support analysis simply firm show woman floor?,0
/me QQ=ov3HNBdu1,1
/me CSN rqsi0vv0ofmna,1
can BGL be a name!,0
/me m'i'NE in Indihoopw25,1
/me QQ//bEJe=EEk1x,1
/me see to my parkour HEVMOSA8864 it is open,0
/me D:L/Rm=GERSI256,1
/me QQ=WORLD23219,1
/me QQ,1
tUrk//Tofihiqp56,1
/me CSN=N3X46466,1
/me QQ=INMOOA1,1
/me Gas S0Ayl7Kw,1
run run run run run,0
password changed,0
Likely five her high during exactly young affect amount!,0
/me surg shop at YUUXHI18,0
TURK friend u7nbavffnvk7vmsaufqeh1?,0
/me going to maze when free.,0
/msg c0l0gdagvaggjeyvaqy9jkz4 rate the minigames in 58GM8PP,0
i need a door,0
/me WOR207LD:dl,1
can admin RM me,0
ty?,0
see our world nec2 bro,0
apoiuytrewq!!.,0
/me turk abo,1
reported gamble spammer.,0
/me trade small checkpoint 5 per wl,0
/me CASINO CSN,1
ban casino bots,0
/me R/M:CASINO:bJ,1
new world HE49MO please,0
help with figure in HESMO3SA anyone??,0
/me is this world public,0
/me TURK/MIN MATT281,1
/msg HRaEf8iyOBy0fOUZKxihtgoh QQ on Hv5o0na032,1
/me CASINO=COURT,1
/me REMe/REMe,1
/msg RgQsimhOzaCuzilcQNN0UIK3gm d/l=TERIO200,1
/me GA_S CASINO//wl,1
C-$-N Ca-Sino:BJ9:D'L,1
/me PLAY TQERY2A6M CASINO,1
/me BJ,1
/me C@SINO./Reme JGAC281,1
how to get gems,0
/me GAS CSN/4DHJR4,1
/me CSN,1
/me Turk//Gdx830V,1
/me CSN//mos8s,1
/me T/u/R/k//GA.S WORLD73456,1
/me R M for WORLD632,1
/me reme=9a$//EpiRIvaC6,1
/me turk//CRAOLOT30,1
/msg r2kwtng7q9rodgk4u6m5zichxc visit to my parkour ew2j4h it is open!,0
/me 2mev7//BJ,1
where is owner lol,0
Re-engineered exuding project.,0
/me CSN//r45ivov,1
/me c'A'S'I'N'o//Wayman497,1
follow me,0
/me CSN=USVRLDO9,1
can you join HMM99345 it is open,0
/me turk=QKZIB1357,1
how many wls is this :),0
/me look at my farm:libsamran639 it is open,0
DL//rm=Z221O0A,1
come build map with friends,0
/me selling item for 9gems,0
lol follow me,0
/me turk WORLD68303,1
/me WL/WORLD14555 lol,1
need shirt paying 17 wls,0
/me B.J/H3M54112U,1
/me BEJE//beje//Beje/Rm:WORLD79673,1
doing challenge at rr7j136j7x,0
/me MS67IA=CSN,1
/me Reme/DL s0hsemq2a,1
go hemo4sa for lightcoral fish tank,0
/me BGL=attack,1
/msg n1pswnqen6car5 Qq at emoa6471,1
/me GO BEYOND68 QQ,1
/me R-M//7mosa01,1
/me rem3=g@5=CSN=W-1 cqe70x13m9x1t7,1
/msg syGwW1EzMKWAXymOyU casino for WORLD60592,1
rate the transition distributed infrastructures in hem536ssoa!!,0
Information begin wind explain what world near involve,0
/msg XGX4EZG9AMBSOSASN7CW CASINO=H35M542,1
/me TU RK//WORLD36307,1
access is Nrzdctv8Tbv7Bcc6D4Brvb!,0
/me rM remE pls,1
cheap seed at YtB4A35HCw,0
/me beje/BGL Z5CTO5BC,1
/me Ga/S,1
/me BET BJ camera81,1
/me Wl Wl Wl Wl-ADOFROWN3287,1
hello can someone help,0
/me C/A/S/I/N/O bGl dlvkibudb,1
vends open CGRPGH,0
/me Kkcdbiw9Uft8 owns this,0
/msg OhmyIIFqYdiAm2GbWHjGHoGrNIkn REME=6B5PEp6KCyN,1
/me need grass for farm,0
come here and play parkour,0
End will,0
/me enter my world ASSUME2308 bro,0
/msg bkk5kspeyxxhbue8sammo3vu Persevering heuristic approach!!,0
JWO7oDSzvYIdxLETxCbF keeps saying CASINO,0
/me bJ=T-u-r-K-FEJP8735,1
/me GO hMma4 CSN,1
selling item for 15per wl,0
bj w_l DL QQ=0R7230,1
/me CASINO CASINO,1
see my world sou530 ty,0
/me Q_Q:TURK//tr85ro,1
/me BGL//Turk=NXEA60,1
/me G@s RYVAMxZ0Yf5F5O,1
/me Gas=mo05tksa,1
/me d:l4/b/j/r'm=sbh0z,1
Provide shoulder yeah,0
/me CsN/M/I/N/T_U_R_K//9hyaqwkb5,1
/msg nMA7kWdmsJjn door id is 7969,0
/me TURK Bj mosa3482,1
can you join Teroygam9 when free?,0
/me dL//WORLD46026,1
bgl/R'E'M'E:fnk47,1
/me m..i//n:M.I.N GSVYX717,1
/me GAS TURK:aLlo,1
/me DL/CASINO WORLD67277,1
meet at 3r0238dy4mr for evidence xD,0
/msg U6TVS2G2HUCYO2JPHYCN B E J Enes30tidpphre,1
/me CSN Dl,1
/me Beje/Q/Q 730c50,1
/me CSN:MEATIZY4653,1
fun dinner in m918sb,0
/me REME,1
enter the farm called TR8OYAM6 now xD,0
/me 2mosa9 | B_GL,1
remove access from fmbog9muydzcbsozupigfa,0
/me reme=H34EMO,1
DL//8gl//CsN:(ASINO=WORLD51993,1
Foot heart property rest,0
/me CASINO Q  Q4|RM/WORLD23422,1
/me vend has wrench for 2 /wl :),0
High media size paper stay,0
kick M2K8JOMXGNLGL2PIROKJHATSB3!,0
qq CSN jktvma,1
/me r3me:TURK=riiv69o,1
come help at h71emsba guys,0
QQ QQ,1
jumpjumpjumpjumpjumpjumpjumpjump?,0
/me Bgl=QAAPAY762,1
door 330 wl?,0
/me ReM'e=WORLD47389,1
/msg j7uaavxnrpnpigxwt6jgyt Beje mvsa6874,1
TURK owner is Kzmry3Tedxxknepwsog6Vyzid5,0
farm shop QW1QV,0
need grass for farm,0
/me Wl CSN=heMS3A,1
/me selling doors in v133,0
/me R M/EIKVWN7I,1
Organization half future every!,0
play parkour in HEMS602A?,0
someone explain c s n,0
/me CASINO BJ WORLD93641,1
Article walk fund,0
/me QQ//gas=estmjmsygm,1
/me PLAY CSN:bbreak8,1
price check royalblue lock 13/wl,0
/me CSn//KRLPB335KV3,1
/me mod is Jbz3rvRIOOQnhJhCC5EgjdUhz2qK!,0
selling magenta checkpoint in WHO.,0
Wife prevent because new order question watch nice keep growth language,0
csn means provide maybe,0
/me QQ,1
/me MIN//REME=DIXTAMME330,1
/me Q//Q/W l/TURK MSOA158,1
can you go se71475 please,0
zxcvbnmqwertyu rtyuiopasdfghjk.,0
/me RE-ME/cpjmhaze0,1
MO807SSA is open when free,0
/me CSN CASINO WORLD85254,1
access of Ehsmos6A is rfcFv7i8LqTsP9EFSs,0
/me turk turk avkg34cl,1
mod please check csn spam,0
TURK owner is gnlzupgdpwh3xrw9n8jo!!,0
/me M_I_N|CASIN.O|73RY61548M,1
Q Q/Csn/TURK//t3locuq0w,1
/me b.G.l//CASINO=3pdpm2roi3ea,1
hey rate GE53RSPR!,0
try my farm - 74r90y4m bro,0
/me QQ2:wzycz0,1
/me RM//B_J=aem3ftu,1
come here and join race,0
/me GAS:GAS|c S n/tjd0jom,1
cheap shop accepts BGL,0
Know discover system conference shake morning?,0
/me go thjaex for water :),0
BJ::Dl=xpnynbs5v5,1
/me QQ//m//IN:WORLD80317,1
/me FAST qq//WORLD99958,1
wrench tts7xlbokqe1c2tgvkn4vc,0
help with quality-focused multimedia challenge in worlaff1,0
generate best-of-breed vortals!!,0
fun versatile composite methodology in LoSSs7096,0
/me B-G-L/RM 2ujAnHo9AzfER,1
/msg U6F1K2XYSHTPYDLCS2E6EBXNO7PWXC BGL=nexxxx68a,1
quickly dirt=90 dls!,0
buying navy pack msg me,0
/me CSN:TERRTENALLSL8,1
/me casino/B'J itsjz7,1
/me Qq=coftu6,1
/me mI:N=B/g/L::WORLD25079,1
going to minigames this round,0
/msg Yngweyf3V7Y6Bhirodw6 dl DL=WORLD80293,1
/me b-'/j C.A.S.I.N.O fwdsngcals,1
dont go to Hems604Aw they spam BEJE,0
lets join facilitate cross-media action-items in o1qpoel,0
/me MIN 0V40hJ,1
/me bj//WALL,1
/me rate world 3X2S6M0 when free,0
/me GA5|Min-3x854,1
help me in SA40 please,0
/me CSN/REME HEMO1648,1
/me GAS=4D834G4,1
/msg h4lsydewj3fkw8jlfj RM//beje::HEM49OSa,1
/me BG_L T_U_R_K ymxnhypvko0rp,1
/me b-g-l=Turk=WR2LAF,1
/me try the world:7r30y04m257 pls!,0
can someone help with network enough,0
mod please check casinos spam.,0
play minigames in c35w7n?,0
/me W L! RM,1
/me q_q Bj/xyp2b11,1
BGL=DDWK1SYIQ,1
/me GO R-E-M-E profe,1
/me MIN:CSN:d0o8xbqp,1
/me Q'Q RM 0guqj8q6qc9v,1
qmnbvcxzlkjhgf?,0
help me in WAXR63V need help!,0
/me g-A-S,1
/me CasiNO//h8v555,1
help with puzzle in HM1560,0
/me D L=h1m04977,1
/me BET beje::9h3m545,1
Economic sport officer wear once both with student Congress chance dark,0
/me rush rush rush,0
meet at xt281dfd1x for puzzle,0
/me JOIN WL=Gbjrb7Beba,1
wiqomyzrvtyjk nvxljgdaouteq t_uoa-dg,0
/me TURK!,1
/me M_IN/b/g/l odujitm,1
T-U-R-K in RXYYO1ZAAQ,1
vusqjdxgngowmde,0
/me w-l c.s.n teeroyam326,1
/me rm Wl bfn7g0yam5,1
Csn C.S.N,1
/me C$N/Reme,1
selling item for 18/wl.,0
Rm=g9jyaxz4c,1
SELL BJ=H3M54605,1
Crime forward amount street difficult?,0
/me CASINO/CASINO,1
change BGL to wls,0
/me BET CSN REME,1
/me Gas:WORLD1475,1
Gas CSN d2msklnce,1
/me CSN ngbduucnsb,1
is 6dl fair,0
/me CAS'INO==y4vnxewtgh,1
/me B/EJE//SISTER9076,1
RM Be-Je WORLD19376,1
run fast run fast run fast run fast.,0
/me DL=Q3CMJJJ,1
/me MIN/Dl/BEJE w85gmu5,1
/me Bj-ibnup3,1
pppppppp,0
/me casin0-REME-Bgl -> W24ORL,1
/me T-Urk (sn-W L:30802,1
employee has display block,0
buying rare chair msg me,0
turk:oefo4,1
/me selling item for 61dl,0
/me I8Emflnay7Wry4-Dl,1
/me mIN:kqzpk32,1
/msg H9X2AYYRK4F7LIEOKEHD kick RXVLABQ3K6G9ZWGDC9CU,0
dont play CASINOS?,0
/me DL//Q q=REVE40300,1
/me rm:Dl=xjqrw1hamq,1
/me bj:bgl:csn,1
owner takes DL or wls.,0
dont go to veind74adi they spam casino,0
lets BUILD quest in YJJD27,0
buying far world key msg me!,0
/msg Moabvjfjfozgppc1Fxmf W L=World15017,1
cheap shirt at fta49,0
access given to ZWG2HFWZMNI2EMM9D3,0
vend at RI484VO chair,0
come watch syndicate killer deliverables at EXWHCAI?,0
/me q/Q=aygegei7,1
world owner Tjb7Vkgwxceak5?,0
who has access,0
/me FAST m1n=f4d2oh2t,1
/me wl/drug4915,1
/me MIN=DyE0t75dV,1
come join a right now,0
jzkvdd834 open now guys?,0
/msg Woktk8Lzgft0Q1 BET-0G9L4F,1
/me CSN|WORLD3881,1
/me MIN,1
world WESAL0 is open pls,0
going to games Beyond out financial xD,0
/msg rroes0hqi1mqn8cawvdb does anyone know hit,0
/me DL:Bj//WLZH40,1
/me RM:h35m4543,1
/me OBJUFOKGF dl,1
rm DhfqyUj4W2bMJUH8KwFBDocaEEcv from access,0
/me w_l n7uBwsTiU,1
playing minigames right now,0
/me gas//OTINIF,1
enter my world fWEe6v guys,0
ban AjoKIhRHo2HQ from world,0
/me vend has sugar cane for 2/12 bgl,0
/me Especially sign and dinner of!,0
/me be-je/bj Mfamlkjg,1
testing maze in w05740rll4f,0
join triple-buffered systematic infrastructur this round.,0
/me REME//rj2wln,1
hi?,0
/me QQ//3E6XR218CP,1
movemovemovemovemove,0
yyyyyyyyyyyyy,0
/me rm=ooct1ilwt,1
/me BJ:BJ,1
/me FAST DL==W0260RL,1
run bro run bro run bro run bro,0
rbsvrpekmqf!!,0
/me MIN TUrk h360344337,1
dont join c-a-s-i-n-o?,0
doing maze at tpou9628,0
come help with self-enabling context-sensitive artifici at movaconta0?,0
Casino/T'U'R'K WORLD5987,1
/me Ca'Sino=ZZ0RR4798,1
/me rm Casin0 Myzvlvrx,1
where is vend!,0
we play easy for fun,0
Reduced leadingedge support!,0
/me JYTUEUV4Q DL,1
Budget inside allow teach direction recent force.,0
/me reme WORLD24030,1
/me B9L bAcSAnD090,1
/me CSN Se4KinFbVDH7816,1
/me lets race multi-layered uniform paradigm in zqsicmys0,0
/me WORLD89142//CSN,1
/me too many casino spammers.,0
can you try B13VXQ12 bro!,0
/me Gas,1
who owns this world,0
/me TURK//Bj H3X47,1
who owns this world :),0
/me b j5:WORLD41887,1
/msg utwht3t8c5npagtgdwinxhn2bfvsdaj9 CSN=WORLD34389,1
/me fish shop 4UU9H.,0
/msg ozi7qsf2 bjE at 5rhskt,1
rm wPW2NKa6elglzAQ2 from access!!,0
/me Wl:R-M/UfZY3z0oLqj4,1
/me bG:L|GAS|WORLD71871,1
CaSinO rmdgv4ua,1
/me DL shop/733R0090.,0
move move move move move!!,0
/me CASINO-BGL-dfdn9rlz,1
/me BEjE/CAS'INO g5ixl4f6,1
lets run member in LVYS6 please,0
/me TU_RK//UFOZSMGD,1
/me FREE rm Bveubcgvuj,1
About quite hair him network boy clear whether method reach lol,0
BEJE GAS He283Oosa,1
fun event in mgnastha6,0
/me rm:Uzcswce4Iq,1
lets join games in WD0L4845 guys,0
/me REME in 9c3ugq,1
/me dl=Dl=MIN=W0644R77,1
doors 1/20per wl,0
/me c0xck0p7slsqe6qisz is talking about Casino,0
miN=heAr,1
rate the games in 0mm540781 anyone? :),0
/me GA'S=4H34D55,1
who wants to play games.,0
password changed,0
cornsilk seed 9wls,0
come here?,0
seize interactive users,0
can someone open the door,0
/me B-EJE WL|CARD,1
/me Reme:BGL caSINo,1
vcxzlkjhgfd.,0
is 4/wl fair,0
/me come help at vm91e,0
/me w l:xmm47o,1
need sugar cane paying 862/wl,0
looking for turk friends,0
/me W7340L:CASINO,1
/me 8j!,1
/me world owner ahigjoietca1odksgys0kgyigsinnbpw!,0
/me min WORLD24338,1
visit to our world xe46yzh when free?,0
BEJE:r-m -> 73RM01181,1
/me C:Asino,1
/me R:M WOrlD12174,1
zkdkNJDfWZgwr,0
/me CSN/BET rfwc674hgd,1
help me in OJNOTPNE56 ty,0
/me Bgl QQ Csn,1
/me WL/B-G-L|68wf12zzpv8h8,1
Act people without couple teacher institution suddenly serve speak what human research research reveal :),0
/me OPEN TurK=mjv6633,1
jump jump jump jump,0
/me Beje sec64Ti,1
/me gas/b/j=WORLD42246,1
CASINO//kgpknrc,1
/me DL=rm::WORLD64157,1
/me TURK:0rl76l,1
Horizontal intermediate help-desk,0
/me M-in=b Gl=Qq=H313M054,1
/me Qq,1
/me OPEN RQNsrQ0f1i CSN,1
/me need help with farm!!,0
/me Gas//8i1t6xg7td,1
brb,0
/msg eumiy2ljl7b4jbbqbneg CSN=ABILI1,1
/msg B8I8BREWBTART5BWBZE1ZJPYES vend has everyone platform for 11gems,0
/me x2emo CSN,1
/me C$N9//Gykkp8Uia0,1
TURK owner is thqpvwlbhnpnu3rvpxjt :),0
/me MIN offer 213wl,0
/me GO g a s=Vs3IrVO,1
/msg MnXeXuZ4f5wgTTbYCDyvL1NhyOXA C'SN//M-I-N//W'1/SCOPEMUKKTYPY06,1
/me GET970 Qq,1
/me Turk//bgl=NMZCCNO7665,1
avoid PROF42 it has CsN spam,0
/me Rm (4sino ZUMJFP,1
/me what is MIN price!!,0
/me fun hard in AGE,0
Qq]=WORLD20730,1
/msg U7Dmb3Mvdmlt Beje=lerSSCoPsYlTyr406,1
follow to to my storage 8lp1p when free,0
/me CSN:step272,1
join face-to-face didactic time-frame for fun!,0
/me not every DL is spam,0
/me SELL csn:whhy2660,1
/me T/U/R/K now Khjltwisty,1
selling big sugar cane in dr1v939,0
/me dl=hemosc7,1
buying most lock msg me,0
/me R E M E|rm//WO2R,1
go goal584 for lightblue block xD,0
/me what does REM3 mean,0
change WL to wls,0
TURK friend y9toypj5g3vooqoyjov2a8c5ltdz,0
/me JOIN ACLO41 CSN,1
htjihgbrgyjyf???.,0
/me ban CAsinoS bots,0
csn is annoying.,0
/me BJ:X7Eewo,1
BJ:notne5,1
is the owner here,0
/me QQ:ANAL892,1
/msg L4YIO7KDZBJZJLT7U4IHG2NW dont advertise REME!!,0
/msg cwzhsbetvngmpvb3b2b0me 8Ej3=p3cyvfqxe4,1
playing quest with friends,0
platform in vend OLXGIE,0
/me C-S-N,1
/msg fud8b0ggvsboarelalam CSN XX3113M0,1
lets go lets go lets go lets go lets go lol,0
come help with shake at v1v4f3v4r255.,0
lava 2bgl lol,0
mmmmmmmmmmm vcxz_lkj.,0
change wls to BG1.,0
/me BJ:d9kuo8q7o,1
yo,0
REME:JORL051,1
/me R//M=Q.Q//SKUDICKD12,1
/me come here and come play minigames,0
QQ HM3020083,1
/me QQ//lhqtavc8t,1
/me GO BGL=XMBACDPAW0,1
go to my world differen663 bro :),0
/msg d3xjcdl2lz CASINO=kmn8pyctb8,1
/me H21Emy=QQ,1
/msg tlurbrpetmzb CSN=B3D7,1
dont go to COILH8148 they spam c-a-s-i-n-o,0
/me RM-rM-min-D1=TAKKE5,1
/me 7uRk WORLD13441,1
/msg H6Ere2Lijwq1Ysqhxi min/Z7KlnGQ3K,1
b-g-l d6gag7wngopds,1
/me CSN:expert,1
/me vx4q99vu beje,1
/me G4'S BJ W652RL,1
need 1 D1 change,0
stop talking about csn?,0
anyone want to help with turn in this world,0
Think significant better include impact do culture better her,0
fun challenge in DML5L,0
/me CSN//H3M50915,1
/me tuRk5//CASINO WEIGHT4160,1
/me bgl//bej:e//r//M=hesmo293sa,1
do not join CSN.,0
/me DL=Wql5T0,1
need lightgreen mask 3wl!,0
lets play map in h3m01154.,0
where can i farm,0
seed shop open WORLAF8022,0
pushpushpushpushpush?,0
raspvaqpa43 is open?,0
GO BJ/WORLD66779,1
bgl price check,0
/msg Uipdyvdqd2Yenghijdmdpdubervk CASI_NO//WORLD99248,1
/me g'a'S:World275,1
/me hey follow to cencenoswil0234 need help,0
can i buy this :),0
/me testing minigames in hyo0237,0
/me JOIN RXJUcwkSd 8J,1
/msg m0kwr7dnhy Beje cm35bpl,1
Cas1no/MIN=ZQR11C,1
/me CSN t995rlr,1
lets play long in TEOOYM190A,0
door id is 8541?,0
/msg K9NIY9KSC2WODQINATE3G8 rate my world SO5035 pls!,0
see my world h74eog now,0
cheap shop accepts DL!,0
/me CASINO//t731ergyam,1
/me CASINO SPECIF2,1
/me Beje:epd1ljfv,1
qq:FORCRACKMARGI85,1
/me REME CSN qixtdl,1
/me beje|REM.E//Wzt1Eoegze,1
who wants to try quest bro,0
/me beje=WORLD15437,1
/me CSN BJ WORLD6979,1
restocked store hemos790aa,0
/me W1//rm-JijTJLE6,1
hello can someone help,0
/me DL=pyshtbs3j6,1
YOUNG open now bro,0
/me Wl-CSN//Anceotrdd3620,1
ban FZWSEELKANGKNO from world,0
go politi for goal background,0
public fossil 23wl,0
e4wcsbx M.I.N,1
clothes shop open nen891a,0
can you rate wo244l guys!,0
/me who wants to play optimize b2c content!,0
e6exmo is open!,0
/msg L3HLWGB4AP my world is CcG62himU it is open,0
QQ is just random text,0
/me B_eje:B E J E|8j WPORLAF39,1
/me REME//R_M=020glnr079,1
/me 83JE MIN n6WeSEtdfQ,1
/me bgl:MIN:DL GAS,1
/me GAS Reme=BGLPVFR406,1
Right-sized dynamic frame!,0
restocked geiger shop h3m5641!,0
/me CSN CASINO CSN,1
/me CasINo=h3h3m04,1
come the world:vu0zjy please.,0
/me looking for particular doors 478bgl,0
/me R.M-b'j=V6Rhkfr1Sk,1
/me bGl,1
/me BJ hIgeFi3431,1
AnUhOt282//BJ//b6sqwy8jmw3,1
/me Q-Q TFLILLSFC8875,1
/msg cbmicfm4ipckbucu CSN=rltotbicssen61,1
/me Rm 4MOSAA7,1
/me QQ,1
kick e1mddkfwgak7vybzfruxm3ej,0
/me relog wait?,0
i hate REME,0
/me Casi.No WORLD19063,1
/me BJ=hemssa595,1
who owns this world,0
p5m3ean6yzcsf3yt owns this,0
Behind eat discuss own tree report decade laugh!,0
BG:L DFHMMEA705,1
join us for something in level3 guys,0
admin is spoqwig3om.,0
/me B.E.J.E bjmuhems512,1
/me CS n,1
/me R.E.M.E8=T/URK//B.E.J.E//g_a_s//WRRL48,1
csn,1
/me QQ,1
go now go now go now fast,0
/me wl Reme|Bj,1
new world TEAA660 guys,0
/me rm=TuRk/h063m45,1
/me need few upon world key paying 3bgl,0
/me ty yo,0
/msg jfgeafg0x4rxl2hnydgoaulasde1 QQ=WORLD96008,1
/me world hem527sa is open bro,0
help4527 is open when free,0
anyone want to run maze in this world.,0
/me CSN/Min AUFAJ35,1
buying small vend msg me.,0
/me BJ//Beje=mm0554u604,1
/me CASINO:ga.s WORLD48055,1
ghostwhite mask costs 17 dls!,0
my world is fucockpresi958,0
/me DL9=P3H05M0303,1
my world is NIETRO5 when free,0
/me DL,1
/msg S2T9TYD9W8S2NDAOOYXRQASHTXKS RM=A1Qry7Geq,1
/me come the farm=ZOMR343 need help,0
/msg Twhiqojvfbvnjuicffosezt5 r M cvynbh,1
kick fdotR4eHzDhrxzeQut,0
/me change wls to WL,0
/msg Bmu1Sqlelmsarkpo m i n open WORLD134,1
Find,0
/me TURK:HLKV95,1
/me B G L,1
new challenge open in LEOCM07 :),0
password changed.,0
/me BJ=Csn|ixj9oecpm4,1
/me d.l=bpmnam4,1
/me r-m=be.je turk//WORLD11351,1
/me b.j-Q/Q-B/E/J/e-Wl 773r3860y4m,1
Re/Me/B:EJE hessm311sa,1
pull vrgdjudnvxlrg4lrdqeqgm please.,0
where is the white door!,0
9A_S:JVXFTQ,1
SAJ37 is open,0
Street phone focus care character opportunity campaign,0
hey follow to notihfr038 pls,0
/msg f7jgrTdTg9WpfIfvu6Ya BJ//qq=9E98SMOSA,1
/me q-'Q//CSN=vopgy1036,1
go my world teeeo45 guys,0
hey follow to R0cN7H36 when free,0
/me Rm DL R.E.M.E,1
vkb5012 has c s n spammer.,0
do it do it do it do it do it,0
EHMO467 has lightslategray platform.,0
/me CASINO | B'_e/_J_.e | BEJE,1
lets go lets go fast.,0
cxzlkjhgfdsapo!,0
/msg c1dfm5fezomxt7bxazo0lbt9r2x2tmmh casin0:g A S:q .q:R/ E M- E/sro2uxp,1
/me R_M=bfozn0,1
/msg T5BBJZZ0FSBN CASINO=ehmoas846,1
/me W/L//TER541OAM,1
MIN frl7xxdr,1
/me c.s.n//Min FCD20OJ,1
buy shirt 12/wl?,0
reported Casinos spammer,0
meet at WOLD8739 for games :),0
/me shop at millsd319?,0
Success difference image account husband pattern here bring list north effect direction pick!!,0
/me turk//Dl=FWNru9WFH,1
/me QQ WORLD5013,1
/me RemE WOrld76696,1
go go?,0
/me CASINO,1
/me JOIN QQ=IKOalYrHtX,1
/me CSN,1
Traditional writer deal ground,0
come,0
/me gas fast gas fast,0
clean background 13dl.,0
/me BJ CASINO R34LLY,1
/me TUrK/T.URK b e j e==inajdx,1
/me c// asino=Eh036Sa,1
QQ//ADDL,1
/me REME/Bgl M30933L,1
can you open door.,0
visit my world wr0t52l4 it is open?,0
my world is wOr8l111d?,0
/me restocked block shop WOLRD14,0
/msg DNEDSRCEPYFMFDTDQ5RCPUQ8 GAS=c4_sInO==Hhem9Sa,1
/msg Ccutzuairi R'Eme=itbhxik,1
/me Csn//ENJPS293,1
/me C A S I N O:bugi5,1
admin added yVByPjyCC3N1ozsIOviV,0
join integrate virtual e-markets right now,0
/me BGL,1
vend at wmtero462,0
/msg lasktwbudapyrfchpzxhuikbcdvx testing event in hemsa7,0
Allow happy type,0
WL shop/clRUUe7jE,0
move move move move :),0
/me change BGL to wls,0
dont advertise csn,0
/me DL//WL jz0k7krj,1
/me CSN:UG8RM,1
/me csn r_m chi,1
/me beje=r/m=Bgl=fnvs1oekjh478,1
come build puzzle at 71X134.,0
grass block 12 gems,0
hurryhurryhurry,0
DL in xdfsd1efg,1
not every csn word is an ad!,0
sykwdcfnteyu i_psfhk/z!,0
Out education whether structure radio concern institution xD,0
Blue fire organization point,0
/me selling farmable for 13/wl,0
/me CSN-ll03cl,1
/me Q_Q=WORLD32561,1
my friend typed MIN,0
/me dl:LM487H,1
/me BGL//Rem/E C_S_N//7t0tkb,1
/me qq==XGEMO1,1
new world h55m07954 pls,0
price check please!,0
talking about REME is not advertising,0
help with redefine extensible e-markets in TXYGU1,0
go H3M00543 for lavender water,0
/me RM=HEM786SA,1
join event right now,0
usgdnkempvb,0
my world is ZPBRSII043 when free,0
/me oa71 bj,1
dont go to giouslxdcp86115 they spam CaSinOS,0
/me CSN pls,1
QQ looks like random letters,0
look at fire5064 it is open,0
/me QQ:gas/hsltx18,1
/me M'in WORLD9341,1
why am i stuck,0
rate world worwld3769 ty.,0
/me GO B-J=WORLD57319,1
check my storage:ter247o guys?,0
today pants = 98gems!,0
/me beje:H35MU04,1
selling olive wrench in PWOR830L!,0
/me NOW Rm/rbnhg794,1
/me JOIN long R'M,1
do it do it do it,0
admin added v3vUNbnSC7,0
/msg Dclntrx8Duarhdhvz1Xbe7L9U0Tynat0Gw b e j e5=krp43vc,1
/me HUGE34=CSN,1
/me GAS=EMO3G,1
fun virtual upward-trending neural-net in 3Q1vY1224N,0
Key choice Mrs hospital old cover safe save husband strategy his admit hear,0
can admin RM me,0
we are doing race when free!,0
run run lol,0
join maze if you want anyone?,0
/msg qeb2qrykifj1yjooiyvhed b//j=t2c239,1
/me BJ CSN giday370,1
selling media seeds in FRONT30,0
/me remove access from wxe2m0npllntsmat,0
come help with quest at reroyam4599,0
BET-WORLD91156,1
Open-architected motivating model,0
/me WL//LUSCULAEMYTH55,1
/me owner takes DL or wls,0
/me C.S.N|C.S.N,1
/me G-a-s-bJ,1
/me bgl,1
/me BJ/CASINO THROW8834,1
/me TURK/m1n=4llygr4d3,1
how to farm?,0
/me REME 7r39090,1
/me BJ=QABCREUO98,1
farmable=17dls,0
how to get gems,0
/me BEJE,1
vend at DELJ32 darkslategray fossil?,0
store lOWErYFd3,0
Sharable holistic hardware,0
/me Turk=WORLD49813,1
wczh7|BJ,1
hem1ssa has fresh grass block!,0
/me JOIN REME|vhcqnov,1
/me Wl=LATEWUFE24,1
/me REME!//EHMO408,1
/me new parkour open in qujlp0001,0
sell ready weather machine 11per wl,0
/me PLAY Q35vETX Bej3,1
QQ bro wait,0
/me casino=Bj WORLD73108,1
/me Reme=Tteroyaam86,1
/me dl 3JFV1ZIG,1
help with map in H873Emo,0
can you open door,0
C A S I N  'O=CASINO=leatmll89,1
i saw BEJE spam in YYCC4R2668,0
/me CSN-Min=B60Ora,1
talking about bj is not advertising!,0
/me owner is w4oybstbijtckzrwz7,0
jump jump jump jump now!,0
DL//dinirols7,1
need water paying 24wls!,0
/msg Tjp9G1P4Ispmfsk2Dv REm//E::MEATSMB547,1
/msg ayurvmx3nofdjc BGL in WORLD46590,1
q'q WORLD86385,1
At among keep step despite moment since,0
/me TURK/gas/CSN=TURK:urgzyvmwo,1
/me DL:R110V2,1
/me B'G'L=b_J//rdaw3216,1
/me Rm//VNG4NFQvU,1
CSN/WORLD59031,1
/me CSN//WG0GRL,1
/me REME/scej4i,1
where is owner!!,0
/me CSN=WORLD14615,1
help with map in 7c76932,0
CSN::WORLD58798,1
change dl to wls,0
/me CSN,1
builder of pilorjt2 is PJVvmLEfZfhqEBhlCulMqj,0
playing minigames this round lol,0
/me QQ//bGL=Sgi9C00Ffb,1
REME S59WP5KR,1
/me gas afxln6ghl,1
hello brb,0
/me mIn:IN,1
/me bet beje=qhlewyef759,1
testing challenge in call,0
cheap display block at me5bo xD,0
/me r_E_m_E//Qq vijpinuelus0,1
Min:r4rqv6y,1
/me DL ri5vo,1
RM me from access!,0
/me bgl:B/J//TGSM7,1
/me CASINO:798E2Ram,1
/me G/a/s//Q//Q=3w13003b9b0,1
restocked fish shop c05354!,0
Group major red rule break base!,0
/me xufa31 QQ,1
D L 91o5kxta,1
/me MIMAroudu5557 has piece portal lol,0
NHROC7 is open when free,0
/me m i n TEDO3400,1
Bgl price check!,0
look at my maze - HAVELUM56 please,0
/me bj:HV886SMOSA,1
how much is at,0
/me w.l REMe,1
does anyone know tough section,0
cheap shop at Hesoosa814?,0
/msg j1bwhcjsgow5mes5kujdqim3 C/A/S/I/N/O=C0rV03,1
/me help with race in 7HR0,0
/me CSN CEWO58,1
/me b.j QQ//WORLD59204,1
/me we play map for fun!,0
Say century professional production protect forget medical although contain way nearly hotel.,0
/me ga_s VOTEEGI897,1
/me Rm:z1j1phfogt!!,1
/me R3M3//g9m1l0z5nf6fp2,1
/me CSN=YTQZJ9754,1
/me W_L=MIN=zoarco2,1
/me trade crystal for 12gems,0
rare chand 15dls?,0
password changed.,0
/me reme:zayafrng,1
leader of cigxo is Zhytn3Cbemtbjs,0
/me i dont understand bgl!,0
/me BGL,1
can i buy this,0
gas gas gas gas?,0
need pack paying 14DLS,0
can someone wrench me,0
/me i hate CASINO,0
cheap vend at h56esmosa?,0
/me qq=mc5cuu35,1
/me Turk clhablekap0902,1
/me CASINO=DQFQVTU,1
/me d5omhsx=dl,1
they play something like qq!,0
r/M CSN WORLD46338,1
/me qq:730y446M,1
/me bgl1-(Sn1//X3XEMO,1
wwwwwwwww,0
go my world m05874 now.,0
/me CASINO=Eedge973,1
/me nmato8c REME,1
mod of H532914 is Ngxrs4Ayjql5P6Osny,0
/me GAS Zxlwpka2B CASINO,1
come join event at pYG410M,0
/me GO QQ=WORLD21707,1
new world fovldhoz68 guys,0
/me move move,0
cheap shop accepts WL.,0
/me BGL=t.urk/WORLD68947,1
buying wrench msg me,0
buying lavenderblush sugar cane for 19bgl,0
mod of hr3m081 is U5u9OsZcBmpTWxSuMX,0
/me PLAY KHjeW7 CSN,1
my world is ERROY9AM bro,0
/me reported csn spammer,0
/me cas1no|BGL|ccdonzat37,1
/me T U r K Gas m i n,1
can you check ASSUME3L5 please,0
/me rm//WORLD59050,1
cheap shop accepts WL?,0
we are doing puzzle before we leave guys?,0
Could floor feeling season behind president blood center loss?,0
/me bet:WORLD54645,1
/me Rem3 W_L=Rcmhrpds327Gs,1
/me Tur K=GA$=Iqt0kz81x53,1
how to farm lol,0
password changed,0
who wants to join parkour bro,0
/me ban D8Znfdp0Hgcun6P3C7Aay3Aj from world.,0
RM Min R_M,1
/me CSN:4g8jawtmca,1
/me t.u.r.k.,1
rm/B E J E 4scjqio4namys,1
Reme/CASINO:RVX833AS,1
Think nothing,0
C-S-N:OBTQM0SFU,1
/me w1:XM796MO,1
/me come here and play board!,0
cheap shop accepts WL.,0
/me R-M nalcroftyjsalpeo823,1
/me we are doing maze right now guys,0
/me B-G-L-CAsInO//M37H7,1
/me R_EME W'L WORLD16762,1
Optional content-based groupware,0
/me bgl-dl,1
cheap shop open tjgyf,0
/me QQ/CASINO WORLD4291,1
/me REME:CASINO=nlo0yr8c,1
Tend thousand home.,0
/me PLUM00RBN3XQ49023 is open please!!,0
/me CSN,1
/me Wl!//WORLD28594,1
rm XNzWPNnYU1a0QABlNEWJbo from access,0
good shop!,0
/me WORLD25085//gA'S,1
buy small seeds 18 wls,0
check to my world MOTHGL1 bro.,0
rate my world presi8671!!,0
can you go KUNNAFDKD2551 please,0
/me world owner tpkqtkwsthzkssgekuz2hnnphj.,0
i am back come,0
need powderblue laser grid paying 15 bgl,0
price check please,0
/me CSN,1
help with parkour in NOT441.,0
/me G'A'S=31r0,1
drug weather machine has MIN price?,0
Feeling expect agency price,0
/me NOW CSN KL1EW3,1
NMQWERTYUIOPASDF?!,0
/me Gas//BJ==fac1e,1
List player rise music career time,0
Behavior some sell,0
looking for turk friends,0
/msg ERO9N0SFEEU2FNKYK2HUKE wrench j9jzxnwcpwbdx7j2bhddw5irbbr9y2,0
/me JOIN CSN==RIVVO71,1
min HSEMOS00A,1
/me dont advertise CASINO xD,0
/me b g l//DL=R2IIV7,1
/msg Iyr1Qma4Vzwuysmvxyj0Vw cs n in WORLD96903,1
Become away which the her,0
min,1
/me qq=RM=M337L0,1
/me bj:Bj//CIVIL749,1
/me DL:detsh415,1
world wrolaf87 is open pls,0
vend at t781eroyma paleturquoise geiger,0
new world heesm802oafs?,0
/me RM turk W30RLWF,1
/me Wl,1
Approach thank father add reality behind structure family?,0
remove access from X8Fjyuc1Eea5N0.,0
come farm economy at whe8,0
go m0545 for game weather machine,0
/me BG L=R M/OKC451SLE,1
/me CSN B9H7I7OJ,1
/me CSN!,1
/me BJ//vbvcosoben18,1
/msg t5vfo2yzynhsukpkamr8mkc4la bj=DROP649,1
who owns this world,0
/me C-SN|B E J E:h5388,1
/me b.j-turk!,1
/me w-L/casino=WORLD64893,1
/me Csn:MvRea3qo,1
/me M-I-N-W/L//WORLD26910,1
/me BJ CSN,1
/me REME=WIRRL131,1
/me CSN DL/LgwfYJ06,1
vend has good door for 136 wl,0
buying dimgray farmable msg me,0
/me B_EJE wsrhx812f,1
vend at PRI sugar cane,0
/msg Jqpir4Akxzq7Djvfd8 REME=wm3ll056,1
qq//R1cTGh,1
come race minigames at scqflla5064,0
/me Beje=Beje=Beje,1
iyrwmbczkh,0
/me R'E'M'E!,1
hurryhurryhurryhurryhurryhurryhurry lol,0
/me B.e.J.E//wowrll7e,1
/me Tur.k at dof20pqkeeqkb,1
/me CASINO QQ,1
n8ick8714 has violet water!,0
/msg D4W4A9Xlthvjz2Oar1V2 A road capital!!,0
/msg Xvwxdom1Dmwy who owns this world,0
/me go go go go go go,0
/me q.q c_a_s_i_n_o NAFYN,1
/me M_I_N:DL=WORLD32331,1
casino ruined this game!,0
/me TURK/qq=M1G7jYj8jr,1
Dog research set produce federal,0
join my maze called WANISIMG3722 ty,0
/me BGL,1
/me rm=04ChghaK33,1
M:IN//beje=WORLD8746,1
/me meet at N00M17 for maze.,0
/me TURK bEJ3 CASINO,1
wait,0
/me m.in 1su0cdlkfgqfm,1
/me D/L rdf0cyx,1
/me CASINO:World54730,1
Arrive the,0
CSN:WORLD27134,1
selling public vending machine in JOB,0
/me CSN cy7rdaay4s3,1
/me BGL//QSLNJL35,1
/me CSN,1
/me meet at 7h0j4mffjc4757 for games,0
/me R-E-M-E|dl=Cpp1,1
/me who wants to come play map!,0
go instea1 for fear laser grid,0
surg tool:9 wls,0
/msg wvi8dnijppekdyrq rm=S441JG4CH,1
host is BYU1FFOBN7ZIIDH4,0
come join market at h3m040 bro,0
surg shop ONWE?,0
we are doing expedite efficient metrics this round,0
/me qmi1e:CSN,1
/me BGL/CASINO AQWPFPJ1AW,1
going to race Face-to-face bottom-line firmware!,0
/msg Rgohsqaphwwli4Mgzuzjvlm0Ksge change wls to Dl,0
min|OPC3GCMZOL,1
/me BEJE//g/A/s=n5ezpm,1
/me CSN:n7exaam,1
/me buy pack for 8 wl,0
owner takes bgl or wls lol,0
/msg ISNFJYADHKCJLKSFLSZ6WCZ5AF bgl 32097r0,1
/me GO rotl288 DL,1
/me Q:Q=turk=W L B-EJE,1
/me M-i-N=ZoAr45,1
/me Beje/bj sasrupc,1
where can i farm,0
/me Q:Q==WORLD37284,1
/me BE-JE/CSN PROJECT63,1
/msg gJgQQ3HoKbJyMrWDxtR8 CAsiNo wor5d,1
/msg D3C2D2NZRAXASXWSNNWSE7MEHHL3 CaSiNO-CsN xmw430,1
/me CASINO WORLD56363,1
Worl4304 has white chand,0
can someone help with bring,0
/me w.l=9klpxn3uu,1
/msg ntn7grc6pmbqa2iygrmis1e2yya4 doing race at MAE4,0
/me Wl:Dl-hytewiqh71,1
help me in YAGN4 if you want,0
n354m0 owner is unkyacb6,0
iyxlkwqxmbtvfp mnbvc/xzl?,0
/me CSN=CSN=(5n,1
/me CASINO,1
/me bj QQ pjklpvp8,1
/me rm//G'A'S=AVZDVU4N7SHDZ,1
/me D/15 CSN WORLD37171,1
playing parkour this round,0
/me Reme=Reme==wor248lf2,1
owner takes Wl or wls,0
/me CASINO QQ|mnspteor2,1
/me B _'J/MIN/Bj|Q-Q/HTRKFSUTV8,1
go Coul361 for cover weather machine,0
/me CSN//h966eom,1
/me CASINO potmejag5189,1
public door 56/wl lol,0
move move move move lol,0
/msg Hekoh6T0Agvcllrif2Vugrzuq4 M.in=OJSZ2,1
/me Join BEJE::Repo9,1
gek6dny9kvzqfkj6iid9uou7zrqcl9 keeps saying CSN!,0
where is exit,0
crystal 11dl!,0
admin?,0
RM=(As1N0=qq=Q Q.:lctddszcy,1
fun games in PRBESIMERERIESZONP8128,0
/me BEJ//E:p5twyc,1
/me Odbboftmkshrh3Lmc8U1Nmsqm4Au is talking about CASINO,0
/me WL YZOUGZMD2,1
my world is Inglyoto55 it is open,0
/me q-q BILLI,1
/me REM/E BGl1,1
come race event at WHITE,0
/me gas in HESO79MXA,1
/me CASINO nahnl1gqrn,1
/me W:L=godrickci3w93,1
cheap shop H781EEMMO!,0
/msg Djz1Favylzvmgrxywsmqgzvlncsnvh B-J gqmb370,1
/me d l/GAS SOOKYHAZEQADKWHIP4093,1
min lasmgsc78,1
new minigames open in oll,0
access : k4eaj1k6x8m4vfoiq5o0mp.,0
/me Turk-v4bzbylsm,1
join us for maze in jajddkow632 bro,0
/me CSN DL CSN,1
i hate CSN?,0
/me REME Bg-L,1
rate world HM4O guys,0
ty.,0
buy tan chand with WL.,0
/me T_U R$K//T_U R$K//T_U R$K,1
my world is esmos0.,0
enter mhg3z1 when free,0
/me qq=H35M0546667,1
hello lol.,0
/me bg.l=W4310RL8,1
/me beje:TBR4O,1
can you visit ZQORA017 guys.,0
/me CSN DL BGL,1
/me BGL REME penulikecourt41,1
/me h3398m qq,1
vend at C0Uld test vending machine lol,0
WORLD8597=Csn,1
/me rexewkhbk outeqnvxljgdaou???,0
/me GAS==Sag02H,1
/msg g3llDFLxJBeE can you try essnahum847.,0
/me d l/Dl=Iqoswf,1
/me CSN:m7b03l0,1
vend at mosa176 big world key,0
/me GAS|W3OLRD!!,1
/me q'q,1
is REME banned,0
/me rM==jrtnceo,1
not every WL is spam.,0
push push push push fast,0
/msg W5Gdp7T2Dzt0Wlvghdnz B91 on B9A3D9DIA,1
/me Gas CASINO,1
remove access from Nfodocpnxtepi0E2F5Ao!,0
admin added KUUIB4L2LTQ0MISSIIUG!,0
3973r0 open now when free?,0
OP-EN TSG560 BGL,1
/me B/E/J/E,1
/me CSN,1
/me C$N QQ WORLD80620,1
/me T.URK zhzqxu,1
/me DL//D L=WORLD46405,1
/me help me in spri6240,0
shop at 75309,0
charge charge charge charge!!!!!,0
can you follow to riyi684ig if you want,0
/me Rm::CASINO::CZR4A344,1
we are doing map Who reflect maybe north little note bro!,0
zgjesmvrd omg,0
hemo5894 is open bro,0
/me CSN//Dl//SJ78n5wG,1
/msg k8x2gctpdpg8rbz1 who owns this world,0
/me Turk:B//J//WORLD57950,1
/me beje/R_M/rm=2e92ro,1
/msg DHO9X1NCXIBINVVGZVH0YQ yo.,0
/msg C8N8Utt6Prtmwlanxjfyrzq4Anpx T'U'R'K WORLD92429,1
/me Gas=R_M:capi4951,1
host is lcoen1qyfuh8,0
rush please rush please,0
rtyuiopasdfghj ytrewqmnbvc nnnnnnnnnnnnn,0
CSN)=J1WBOFB0,1
lmao.,0
/me GAS Q:Q:k3cwj9cnk0,1
/me BET/CASINO ryw4yvq3,1
Number couple marriage attorney ten much director few skin stop,0
/msg m8pgpsowbosaz5hv CSN=fbhlfyxyw,1
/me how to get gems,0
/me casino//wl//UUMA85,1
/me BET hesmos890a wl,1
/me DL=9ruernzaem,1
pull rdG8QzRLrteLQygF please,0
pull k7zcbvpgq7h7kzantvz1h7 please,0
/me Q Q/Gas=hesomsa6,1
how to make wl.,0
i dont understand BGL,0
csn spam is everywhere!,0
/me M.I.N///T U R K///DL,1
/msg rTeDuOY0BoKcmZNrbWlQpNu9ss where are you?,0
not every Dl is spam,0
/me MIN offer 17/wl,0
RM looks like random letters?,0
/me b j=7w2vTt9qn9P2,1
/me CSN qko4w2cdggq,1
PDOXTWAKG7LLYGEWJ1 is spamming c/4si$no,0
/me Wl=WORLD22170,1
/me bgl,1
meet at area4057 for understand,0
they play something like qq!,0
what is MIN price,0
/me m1n//dwj0yak2,1
Bj,1
/me Gas=WORLLD7908,1
/me tadcldfan17 Wl,1
/me Bgl,1
my world is heesmosa53 when free,0
rm dsb9bqzwbdbyl4ghuit9 from access,0
can you get banned for casinos?,0
world H36O6 is open if you want,0
/me CASINO=cqoiqnk5,1
/me is this world public,0
/me c$n=K2Lkemq,1
/me MIN R3ME min R-M/QQ//MZ7KPP,1
/me GO BJ9 WORLD73862,1
/me G.A.S:RM:Bj,1
come here,0
/me DL/Casino-n1v0361,1
hello,0
turk|M IN|BJ=Q2HKUBKSJ,1
do it do it now!,0
/me CSN CLvgsH3176,1
these casino bots are annoying!,0
gAs=jxmoa1734,1
/me need lock paying 5 dl,0
we are doing puzzle this round lol,0
/me caSINO Rm S0KYRVD,1
come my world OECA4 please,0
stop advertising gamble!,0
/me QQ hemo543,1
access given to k4izbspiwprhviporgw5sss8c4mo,0
come test games at Xmc904!!,0
/msg P4Cixeqrfxcwz0Yfp1Vx D-L:vbnmajyjr,1
nbvcxzlkjhgf,0
/me CASI NO T U R K|D-L,1
/me main is jtcdxij5jtbvg4l1wdzltc :),0
new maze open in emleo44.,0
need artist pack paying 16per wl,0
hi cool farm,0
go now go now go now go now,0
Decision yet garden no partner those generation general clearly!,0
/msg Q0N2HJF5CNCF IPPWELYMFUD3NLEA is talking about REME,0
selling fresh chair in qhqbda28,0
move move fast,0
/me T_U_R_K TERGTYAM135,1
/msg Pmpxlqb5Qixvkkhv qq. BIQLJ,1
/me BJ=z1f03058f1,1
/me CSN:334YY2,1
xd?,0
rate world BALL90 if you want,0
cheap shop open 4nyupqql,0
/me pull Aqmjxwb3A8P8H7F2Xj please,0
report CASINO spam,0
/me R'M=ATEETIMZIMB4,1
/me wl WORLD13580,1
NOW rm=glsochn634,1
/me DL:wortpd70,1
can you come h35m054638 please,0
/me G/A5-Dl-mIn//H2835254,1
/me remove access from xspqt2glhlbzsxftm5bpauxi!,0
/me R/M/Dl/REME=worlaf6311,1
/me REmE//nxphdhjns,1
/me Csn/Wl IHEMHES317,1
CASINO DL BJ,1
/me TUR_K=TU..//RK=WORLD13448,1
/me PLAY casi:no/Epfyb1oA,1
can you follow to jma76 it is open,0
/msg lnv8qte8wjlndeysto REME-t8erro,1
/me B/G/L//CSN1 5rbpgk44qp9fkz,1
/me bj!-ccxjpbp!!,1
help me in zeDOAecALI6 please,0
/me BJ COXKUCOM6664,1
uoadgjlxvnqetu,0
/me CSN/CASINO WORLD68050,1
/me BJ W119O6RLAF,1
mod is Jkeibspnlxgxgwzqt4S9Iodeovkq,0
Situation condition wrong building technology sport wife possible choice?,0
doing puzzle at hlylh955,0
avoid c s n worlds,0
/me GAS Turk:bsjttdfnu0nl,1
remove access from hux0jzvxkwrwdzo1o5eybfro,0
/me Qq bEJ-E/BG1/Wl=diwho50,1
/me QQ CSN BGL,1
/me bEJe 4LL54P5466,1
/me wl rM,1
try my world rzc545g0.,0
i dont like casino,0
/me qqe/truqfmv,1
cool farm hello,0
testing games in CEGPIS0198,0
/me PLAY OR3L BET,1
/me DL,1
/me ca5ino/B//J WORLD37868,1
/me GAS sdx4ybab RM,1
can someone open the door,0
/me JOIN DL-MKCP,1
/me bj=w108olr,1
/me Reme tUrk BEJ:E,1
Positive hair government leg effect,0
/me 7346R0 open now now,0
Ball image learn must travel fund task when home xD,0
look at my world called OORZPXO4K ty!,0
/me rm//M/IN FARMW6862,1
/msg hxire4q7l8qhsla1tylytmfxv0 g_a_$=WORLD29257,1
CSN emo912,1
/me BJ,1
cccccccccccccc.,0
/me CSN//beqnq016,1
my world is wosl46 ty,0
fish shop at o7xppxoik,0
new world hmxfg1 please!!,0
/me PLAY Qq=tEqhOUis171,1
/me B / e J 3 str445,1
selling these mask in tgjpwor8,0
i dont understand REME!,0
Reflect father message democratic future view subject task,0
/msg YRACTUWJMWT1PRETACNV try to the farm cion27 now,0
fun management in GRIIT3USPTO8103.,0
/msg JBR7NCX1VIKOH0BG 7Urk//R-M//casino=5457oy336ea5,1
/me 7U_RK bj RM:x73m,1
pull l2bedsxwdhwwt7c7r2eqpvanjmso please,0
farm shop WR0LL919,0
dont advertise casino!,0
ocigzyx has thank wrench,0
lf bait for 82bgl!!,0
help with maze in J93DG,0
/me CSN:air4,1
world rgvk936 is open please.,0
new parkour open in brot9!,0
bj=B E J E//hAG5P8O2kW,1
/msg Rrh9Jueuiiftezjviuxlbhnz how much is 1 WL,0
/me dL t u r k dl=BEJE=msosa171,1
rate the quest in LZNTMAT6329?,0
/me Csn:kne36w5,1
reported c s n spammer,0
/me ( Sn//G'-AS//RE-ME//WORLD67874,1
why people type csn,0
where is do fall plant,0
moccasin wing in vend HH3M050?,0
/me Q'Q//mlowolra384,1
/me vend at H222EM pressure portal!,0
need billion seeds paying 4wl.,0
BEJE-CASinO-Bg1=YEGL5HFOT5,1
/me b-g-l//Baly9949,1
hi?,0
/me CSN hj61o,1
/me Wl=DL//ww20rd,1
/me gas gas gas gas?,0
/msg tdzywkkee5hjwqq1ro BGL=dkwgiStdK1,1
/me Csn//M I N m9o7a,1
/me b_e_j_e oengretun4,1
/me where is exit?,0
/me BGL/QQ//M'I'n|HM054096,1
Bgl REME RgghLHkXBLk,1
fun puzzle in yemo8u862,0
leader is xsfgunfailevioxyf5ymo8nhoi,0
owner here,0
background has MIN price!,0
hurry bro hurry bro hurry bro hurry bro hurry bro.,0
how much is this item,0
/me C_'S'_N | WO4RAL,1
GO 3Jkj72 BJ,1
/msg GGUIQ3G3R0Y4LQTY Min==l1mu5p70v0781,1
/me qq.=Hsmosa76,1
fun measure in iiloratili177,0
good shop?,0
cape in vend ORMACCLSL2,0
RM me from access,0
/me lets go lets go,0
vend at PERFO95K surg tool.,0
/me CASINO=vacr70,1
owner here,0
/me turk casino d'l=e3mo933sa,1
re-contextualize ubiquitous bandwidth?,0
testing parkour in pocPaL116,0
7ERO621YAM owner is e6r2nek2nprip9t3kiemby,0
/me R'E'M'E at worrld4382,1
/me CASINO,1
/me G.4.S//BJ=kcbp4293,1
kick cceruopisbfm?,0
/me GAS2/B J 2JCPWJ,1
come here.,0
help me in TeRO726yaz when free,0
cheap cheap hair at FZA3LQBFZ63,0
/me DL=Bj=NLL015EAX,1
Report believe,0
/me B G L W042RNL,1
testing race in KXAaWW7hg please,0
/me FAST M_i_n=adoburn67,1
/msg Q0CJT1PNCVZJBM wrench umj6gbeoquc4dzdyjuobxmwtbgmikh,0
/msg XKFBFCLQB7CBTCJVMGKGSTXHE1 GAS TZTU9S,1
decid2 open now it is open,0
/me M_In/CSN=WORLD58384,1
/me need sign paying 46 dls xD,0
/me CASINO//beje=Kwaeyvw,1
join us for puzzle in LIKE!!,0
/msg Oma5Xmk6Kyk8I4Qp cS_n!=ZXSITN17A,1
avoid casinos worlds,0
/me CASINO e8tro,1
/me REME rtopr8562,1
come here :),0
/me Bgl Wlkab7KR!,1
Main manage improve process arm study never main current suggest,0
/msg OYKYG8H7SKUSAUIVJZXZA0 c4s1no open bAfWair3,1
/me PL.AY pertefj14 REME,1
/me Dl CASINO irruv1dx,1
Likely senior group follow provide?,0
does MIN mean anything xD,0
/me rEMe,1
/me casino!,1
/me Qq/casino=WORLD7229,1
/me JOIN DHHAHN6 BJ,1
world HESM5OSA is open bro.,0
/me TU RK1:ZGTHBPH6S,1
/me 8J//QQ=WORLD66105,1
BXDOJ8 open now it is open,0
/me w-L9 w//l hemos06a,1
Responsibility current own fall go activity fly notice nearly usually.,0
/msg vfoqngi8ixrtq8y5yiyc Partner current catch meet,0
/me r/E/M/E CSN N3W5,1
follow to to my vend H4MO it is open,0
/me cheap block at hesm238rosa,0
do it do it do it do it?,0
selling yellowgreen chand in biti2i?,0
buying crystal msg me!,0
/me c4sino/wl=ter02wym,1
need 1 Wl change,0
door id is 2471,0
/me DL,1
/me admin added rpmnamike8brckmoxbg9o3wd,0
clothes shop open HEMO95,0
/me GAS EOYAEAS0,1
/me casino:CSN -> VYPRYJLV3625,1
need seed paying 4/11wl.,0
/me CSN 5w0rrl9685,1
ban Tkxfv2Hvomcfpwcfzxx1X4 from world!,0
Secured asymmetric toolset lol,0
/me CSN/BET w8orl1d,1
meet at g3773472 for minigames,0
/me rush rush rush,0
Republican discussion least election protect meeting?,0
avoid AHES6A it has casino spam?,0
/me b-g-l|GAS=BGL//WORLD27427,1
/me check to my shop WOR051LAF when free,0
restocked seed shop H24ESSMOSA,0
hnggk9k2t2pq owns this,0
/me gO QQ -> avf3piqbkk,1
/me BGL=OYBTHVG,1
/me Turk//C-S-N=H1EMOWSA,1
/me JOIN CSN buil38,1
/me QQ WORLD73910,1
/me REME:REME-r.e.m.e8/kyggt0,1
we are doing race With evening old more entire,0
/me bg_l MO5640SA,1
dirt - 7dl!,0
/me BET CASINO WORLD39453,1
/me R-M/Tu.Rk/QQ/TUR-K//GAS=WORLD18417,1
born3o8 open now pls!!,0
(BJ//23HGG,1
/me be.je//dvbwjw8i7xw4,1
who wants to watch understand,0
/me DL//CULAEMNF5,1
/me where is exit!,0
come race cultivate world-class systems at VPMRPH4?,0
farm shop at happy,0
/me REME//MIN=l9trrusv,1
/me gas,1
/me someone named world nmtrets6597 said BEJE,0
/me CSN | DL | SHTQA39K,1
remove access from W0Z6I5WYXEFTS3FZELU6OEBY,0
/me DL//X7JXY13,1
who wants to build parkour guys,0
/me GAS=TAX2,1
/me QQ:WORLD7977,1
new minigames open in BEAT585 anyone?,0
/me now RM hy4bdm64yo,1
/me R'M=W-L//lj000h6zk0q,1
movemovemovemovemovemovemovemove lol,0
/me DL//d-L=izdmtkr173,1
door id is 5754!,0
/me BGL:RM.=world43104,1
/me w/l:xemmon929,1
/me going to event right now xD,0
/me MIN|Turk!!,1
runrunrunrun,0
look at to my parkour o433sa guys?,0
come farm minigames at shncnod0,0
hi good shop xd,0
selling item for 626dls,0
what is MIN price,0
new minigames open in W92ORL,0
CSN:WORLD62927,1
clothes shop open ykck2382!!,0
W/L/Casino/turk/GAs,1
/me lets hang out in puzzle in run8033.,0
/me DL REME r00lstay2ajsbd,1
selling mediumaquamarine block in WDVEDACNAVVY9766,0
rm KNCLEXS8BWM1OZUSK6UL from access,0
shop open xm30050.,0
/me BJ,1
/me PLAY d/L=Qgpzl4H,1
/me C/SN|m$'i$'n Casino,1
/me WL=8iwy8fphxb,1
sell orangered farmable for 53dls,0
/me W$/L=TUrK -> hemo6326,1
cool farm cool farm!!,0
/me casi'no/WL//MIN==WORLD26219,1
bj//CSN=NEEXHC2,1
/me BJ:rm:MIN:q-q,1
is this world public.,0
/me charge charge?,0
/me MIn|R/M|BJ//1MHCM24AP01,1
/me csn -> ussxazzu,1
/me BJ,1
/me QQ|caSInO//HVZ3ZECD,1
/me HeS16MOoSsa=regio090,1
Wl=m-i-n:W1RL846,1
how to get gems,0
/me d_l/JGNN8702,1
/me Gas Min w2our,1
/me hurry hurry hurry,0
/msg MZF4CRL4B1K8W1Y6NKYNO6L2OGV3DL W'-l=WORLD37597,1
/me CSN hz6wbspqdz4nt,1
/me CASINO,1
/me 7r09=O9DJMM1THW=CASINO=D/L,1
/me bg1=csn=PBF1QZZVL5,1
/me lol,0
/me C_A_S_I_N_O//WORLD81812,1
lets test billion in HGDKIKUCSALI5,0
/me CASINO CSN CA//S'INO,1
is the owner here,0
/me wl=RME=CSn=BGL=yp0kbf2x20q,1
/me W.L/REME VQOK0428,1
join us for multi-lateral stable hub in at6 lol,0
/me D L=profes515,1
/me W-l KPOIHHZ0G,1
laser grid has MIN price,0
/me w-l-CasINO-bj=Hem3O,1
/me bj,1
/me Bej:E|QQ//rzl1b8r1w,1
/me CSN,1
cheap pack at hum45yp061?,0
ty,0
/me WORLD77645:b j,1
/me r m bj,1
deploy intuitive e-tailers,0
we are doing games Question first by real past series decade!,0
we are doing robust directional hub for a minute lol,0
my world is ZGOFI62T it is open!!,0
visit to our world ayrd0170 please,0
/me CASINO RM=WORLD24339,1
/me CASINO-C_A__S_-i-_-n//_O//gAs//WL:ROSW85OJYE,1
/me Beje3=B_J/WORLD82352,1
never trust casino worlds,0
someone report c5M4QhK6pstWeaFjEIhru6xyckckNy for casinos,0
/me Three stay he,0
buying mediumorchid grass block msg me,0
/me MIN//WOR2LAF,1
help me in ivr4b pls,0
new world NVLAIK59 please.,0
/me QQ/WORLD40,1
/me RM REM E:clear9,1
buying full blocks 10per wl,0
/msg uikvvteqk9z1m3flsdok T U R K=N6X0F0Nf,1
/me b_j,1
/me Bj//WO2RLWLCB391,1
playing parkour before we leave,0
/me QQ,1
selling GAS mask.,0
/me BGL:deot2805,1
go my vend called Again9720 please,0
/me mi_n:D:L R M,1
/me CASINO/CASINO hhemos88,1
T.U.R.K R//3ME//H3M593054,1
anyone want to farm maze for a minute!!,0
D'L WORLD10275,1
/me T.Urk5 Bj M4D03CX4M1,1
/me buying grass block msg me,0
/me eso447azkz/CSN,1
/me BgL/Bj K3QPDZS3SI,1
/me JOIN sovqgcn5q tUrk,1
/msg E3CHQ1HTDA csn|MI_N -> r3eo,1
lag,0
/me d:l??,1
/me CSN//BJ=EMNZSSCLO,1
/msg HCzshtrhTLceG8P0vRaQ Casino/csn/Q Q=6wN69WBz5O0,1
is the owner here,0
remove access from Ddllr2Zlftreavr9Tsa2,0
/me new maze open in 7gck5m1l325?,0
(5N|8J|BEJE B G L=WORLD11384,1
/msg zelhyglac9yct2s2nvtul8rztffopa qq=worl8dd,1
His thank recent fine house quite,0
/me q/q:WL=GAs 0B0K44,1
/me Qq:W6lt23,1
/me 8EjE open yfxdflk4,1
selling doors 5 dl!,0
need cultural cape paying 786wls,0
csn means accept local maybe,0
/me rm/DL w18orlaff,1
pull xqg4jwfkoyasded7duf5mle7vhkaolkb please?,0
/me BJ/b j WORLD26682,1
ytrewqmn!!,0
/msg S8IJNUJJYZ Something avoid the kitchen reach fight,0
Six direction growth maybe company,0
/msg g6dqaqtdt8opco Rm on Ypqpv,1
fish shop ems42v,0
/me QQ//MIN=1r138j5,1
go go,0
/me Q-Q//WO75L,1
Win base nature explain themselves attack!!,0
/me BGL:xwisfmb5,1
change wls to Dl,0
can you come event1 when free.,0
DL=rnzkdltrg,1
/me Q/Q!,1
/me JO0N-min,1
play games in ZACL49!,0
brb,0
CSN//zo1ra,1
come here,0
/me w//l/Gas=wofaf5,1
vend at HLXCULA07 region door.,0
cheap water at hslft4482,0
/me TU-RK f3eqnvfj,1
/me Bgl=93l59dqgoz,1
/me BJ/DSIJKUVH384,1
vend at ox309b26eb law checkpoint?,0
/me BEJe/beje=78njzq254516qp,1
/msg oportfnfxxskhus4 B:J:BGL=WORLD68492,1
/me b'J2 Z06OZRA,1
trade good background 7gems,0
/msg Wfelbnyzfzb9Rmfjrpp3Lkc7Hmp4 g.as=srpejkp,1
Ca.Sino Kadaalnsfsnjm,1
/me DL,1
/me lets go lets go lets go lets go lets go lets go.,0
dont join csn!,0
/me reme:T312E1,1
/me W1=LETTER,1
/me q.q//3760m05,1
/me BET/REME WORLD34069,1
/me BGL/Q/Q:WAY3,1
need crystal paying 27per wl,0
/me turk|reMe|DOwN7515,1
/me CSN=Z2XMAYLI,1
Green cause year song imagine everything well performance strong go where former ground price deal,0
TETGLWIL251 has seeds,0
/me CSN=Wroalf6,1
R M min KEJHPV2942,1
testing minigames in BDSSORAC420,0
/me GO CSN eknfq4,1
/me 9k9bxsr9jhwltz CASINO,1
world owner Kqapdyd9,0
access given to fHOIJqTQDfY5!,0
All commercial ahead administration!!,0
/me B-J=YxQWb8,1
/me B-JE//vxkvmy,1
where is exit?,0
need help breaking blocks,0
/me D1 vzddql6012,1
enter to my shop cw34rq when free,0
/me csn,1
/me fun minigames in 30ry427m,0
rate world DY6NUXC now,0
/me WL:x35w5vvx,1
/me min2 BJ,1
my world is j0nng866 now,0
new world m054893 when free,0
doing minigames at te7oor!,0
/me MIN|MI-N|csn=LIPPICELMO87,1
/me bej.e//QQ=V0Pquaqdym,1
going to evolve cross-media applications Program perform.,0
hurry hurry hurry hurry bro?,0
come help at worf642af please?,0
/me qq open Esbudn12W,1
/me R/M:GaS=DL/w580rl,1
/me Csn=WORLD53182,1
/me Reme Reme Reme,1
/me record mask = 17 gems,0
meet at without129 for event anyone?!!,0
can you come W0ULRD3148 bro,0
/me b_e/$/je:VZK3Y,1
/me modern south wall in vend hovetucribbe153,0
/me GAS3 a68rthqjbhap,1
/me CSN CSN,1
weather shop open MEAT0.,0
Somebody standard officer rule attorney something range,0
/me DL:NNoB@cB,1
MIN:T.U.R.K Q:Q=WORLD14395,1
/me rM::C_a_S_i_N_O m048691,1
/me lets help with puzzle in 0lrd968,0
/me REM//E WALI62,1
/me bEJe//CASINO=957UKNY,1
/me hey join MIQPF3 if you want :),0
/me min:t4mncrxrb,1
/me CSN QQ CASINO,1
/me b  j-M_In-b_j=qq//W2R02RL4F,1
/msg HdQtG7a9snJNS3RsvCcfJRCuce Qq9 hemsoaa770,1
why am i stuck?,0
/me GAS:37R04YMM8,1
/me 6v46003=Rm,1
/me CASINO5 REmE,1
/me 22X5R2BOO WL,1
/me WL to Rtlvzvd9F,1
we play improve for a minute,0
/me csn|okktfw,1
ADMIT0 has platform!,0
testing games in Xxemo609!,0
restocked surg shop W92RL?,0
new puzzle open in TRENETHUT441,0
rm QYW1IKV4ARSSUISM from access,0
vend at 0WR990L4F public pack?,0
/me w:L//d2tkj6,1
Painting once,0
/me REME CASINO,1
can someone help with later white discussion,0
/me d//l|MIN|adc7erw,1
rate world x337my guys,0
/me Dl:wo817rl7,1
/me CASINO CSN DL,1
/me dont advertise casinos,0
new world worl9 when free,0
CASINO/BJ SOI9,1
brother grass block in vend owrlaf85?,0
/me Turk|B/J=VGRMMU509,1
grow plug-and-play technologies :),0
/me FREE CASINO=bemo05sm,1
/me not every RM is spam,0
world 730RYC4M920 is open when free,0
R'M ca$1no B_J//NEa6262,1
/me BJ/WORLD50469,1
/me 8j/svlle3,1
/msg CUY5BVL2XC reme=H35M40542,1
/me come hang out in event at N3963X4,0
C'SN WJD5F,1
/me tuRk=R_M=r e m e=CSN:worlfcoyd36,1
wait yo sup,0
iregdvbtlbm Dlsmwnhfd xv'nqetu!,0
/me BEJE-M509574,1
do it now do it now do it now do it now do it now,0
/me weather shop OZWLHOLJ18?,0
/me enter my shop called YMQPDJW8H2 if you want.,0
2enc1059 is open when free,0
CSN e8kwc8a,1
/me REMe//LUNTAR4,1
/me CASINO=ZKL261CJ,1
someone report Uaz3Clnyjor4Wn for csn,0
cheap surg tool at VK9IL!,0
/me BJ,1
cheap shop accepts DL,0
/msg sioueeoddxlgj6ip M I N at MHEMSA284,1
door 120bgl,0
leader of 9mk0nmkuz3 is N8G9V3Sgf5Xmmagrr0Un,0
/me Bgl:E7Q38Ogfk,1
help me in racesuhgsyn3 if you want,0
/me Bj|REME::C S N::real7,1
come help at r1262v0 bro,0
/me how much is ten main,0
who wants to farm join,0
BGL CASIN0 Wl,1
/me turk DL Abl4NrZ,1
/me NOW b2f6r2f6j BGL,1
help with maze in W04R6 bro,0
/me CASIN//o//B/J beje,1
/me wx8800rl CASINO,1
/me CSN H35542M054,1
does anyone know know,0
/me R3ME ehmoo096,1
/me avoid h190emo it has casino spam,0
/me QQ:e7o24u66ztik,1
QQ,1
world owner Mja4Ncjrhr?,0
/me QQ,1
/msg X9VSWOVZVNIHRLRIFCW5W8X0E7GV join event for a minute ty,0
vending machine costs 44per wl!,0
world sawsandsong is open.,0
/me JOIN CSN=t3ghepaintnavvy0511,1
/me d//l|BEJE|Dmacxnfk,1
/me Bje=WORLD59762!,1
door id is 7807.,0
/me CSN::T941NRO,1
/me CSN goigdZ0,1
go my farm - QDRFLLK4 ty,0
Rm M'I'N QQ1,1
Image magazine goal else base deal only second.,0
/me hesbmsoa179 BJ,1
/msg znz3drt4ytw4 W.L=WPOBR06LAF,1
where are you.,0
new world EHSMOUSA9525 guys,0
/me OPEN 2sG1THzT0 Turk,1
lets test event in m074,0
WORLD60580/n9xa,1
Her last development must mission forget weight!,0
/me DL:yn8eax788,1
csn means technology away maybe?,0
/me can you donate dirt?,0
is this world public,0
/msg vry4l2odf6qna7xuh6wq DL/time099sinki,1
/me REM_E:graeut64,1
Major because Mr actually,0
/me RM gas 04luwhch,1
/me GAs/R'EME bdbawr,1
lag brb,0
hey visit grithcjjicke4904 ty,0
/me M_I_N,1
vend at SIMHECOX90 rosybrown crystal,0
lets farm black in MOS4ENTEE1,0
/msg PwOdLnfcsPMEHBCSj0IgT4FScDG1 MI-N=A3dE6,1
meet at YRM9W5EU8P8 for last,0
who wants to join re-contextualize value-added bandwidth,0
come here and farm parkour,0
/me bj Dl Rxbrez4Oemlfe,1
/me uxx9eomifw9b b/j,1
/msg ElUGLLxfiYKxQL B Gl=7h3mm9854,1
/me need 1 WL change,0
wrench Etwhs7Iixrhupw,0
/me qq//Min=exmmo91,1
/me we are doing war Switchable heuristic solution bro.,0
/me Bj:D'l:min//fGzP3,1
/me casino ruined this game.,0
play ameliorated empowering hardware in t483ro,0
cheap court wing at nexb11a,0
vend at OUSOTOO674 water,0
BGL:H7YYZE9TF,1
/msg HKQPKSTVBBNBUZBEO2ELYZFE hey join TEROAYM22M guys?,0
/me CSN,1
SECONPMLN81 owner is WiP2ChwPJn!,0
/me DL/T'URK WORLD75091,1
CASINO=NE6XXA,1
/me buying vending machine msg me,0
price check please!,0
/me slaatel0:QQ,1
/me come here,0
ban Gwpli9T5Ddo0Ezll from world!!,0
Bj|Bj|Bj,1
Use only resource cut coach wall entire while!,0
join race for fun ty,0
/me Bj4//wwor7laf,1
/msg Zdgntoasweylk9Vwab relog!,0
/me Cs_N/8gL/Turk=E2MOSA,1
meet at simpl for games!,0
/me CSN-TURK:n63yu762,1
/me bJ d4qih0fr,1
Total budget radio job might born :),0
pdqzexbfezlghvut.,0
/me RM=z0r41,1
lock 27wl,0
come watch games this round,0
/me CASINO=SELxk8,1
/me Casino=RWz86d45jD8b,1
fun parkour in 0R44LC?,0
password changed xD,0
/me cSn:iyczhqe0d9,1
/me CSN/DL 1lWp1E7u1Vn3,1
/me DL,1
/me Turk/WORLD71773,1
QQ:RIMPIFHSPED5,1
/me DL=oa4f59wowzpna,1
/me MIN=WORLD11801,1
lets test now in garpr329,0
/me Re_me//Bgl//Q Q=RIOV1567,1
buying private world key msg me,0
/me Min//b e j e=XDEMOP916,1
QQ=gxtop5c,1
/msg wgqewzo4qs Min/c Sn=q6vqryz1s,1
/me CASINO/WORLD61966,1
Special Congress marriage fear office her six!,0
qq:WORLD98033,1
help me in Teroya6M75 bro.,0
/me R//M=VHN4742,1
B/J=bEJe:ZNG8JVL,1
please RM access,0
/msg nzldufhgbsmdc0jwtjzahvkt wl1=brother9,1
/me b gl|b gl,1
yo,0
/me JOIN BJ ycrhfi14,1
/me B.J Bj MHJJCPULL16,1
rm owwhx2awcdj6x7p0gslx from access,0
rate world H4EMMOAS ty,0
re-intermediate integrated convergence!!,0
/me QQ|QQ|QQ|QQ=gvpgvje,1
np?,0
/me gas=WORLD16184,1
go 8world92 for blocks.,0
/msg L2Olyek0Ptftw5Ydk4U7Csilb3T2Dp WL=3i1ux47sw4,1
/me surg shop open HSDMOSA9!,0
/me Wl//EHMNO036,1
why am i stuck,0
/me CSN2//QQ::icqfkcg418,1
/me QQ:ldpmem525,1
/me CSn B-E-J-E1=Y9SOEIA,1
go my world XHDE6 bro,0
/me D/L w9hwb5sgw6,1
GAs mask 434per wl,0
TURK KHZVZOFVX,1
new race open in hesma9,0
door id is 6516,0
/me help with disintermediate rich partnerships in w0950rl4f,0
/me R/_M:B/e/J/e:Cs.N=M336M154,1
Sharable incremental matrix,0
restocked store TOR3UTHADRO6,0
/me CSN=WORLD53721,1
/me CSN=GULLITJDC4947,1
/me CSN,1
see to my farm F0G78U please!!,0
mdjrkj,0
/me B.eje//REME=WORLD58541,1
/me CSN//bj=WORLD75356,1
/me where is owner,0
can admin RM me?,0
/me CSN:Turk=vheclq,1
bj/g'a'5/wl,1
where are you,0
buying pants msg me,0
/me d//l/Vc5Sc,1
/me zoar7398//71r3r0yu4m,1
/me DL/wl. LAYO71,1
Main key night project check money find base see,0
selling new background in LMABROAD039,0
rm d5j0qkuibiabnrqkbsww from access,0
rush quickly rush quickly?,0
/msg rpunm0oneukmxpwtpgajmdmzktck Page record hair billion question show media note sister own study within simply turn,0
hey visit ofifce6 now,0
TURK,1
Min 85/wl for old water.,0
/me thanks.,0
/me CSN QQ CASINO,1
/me bejE//Reme//QQ//RM,1
/me CASINO Q Q WORLD64310,1
/me C'S'N==CSN=N91URC541,1
where is know support address,0
come join map at QKFCU!,0
/me rm//hem52s,1
someone report wmjjoTTjXNubuztb for casino,0
/me gas,1
/me bEje|rm=r3mE==1yw3qn3t7z,1
/me CSN//VPBIPROP8,1
not every csn word is an ad,0
/me CSN MLO954,1
/me CSN=reyzkjfmh05a6d,1
/me CSN BET,1
/me CSN//FAROLAS83,1
DL shop - W46RL!!,0
/me doing games at IKBZLJ,0
MIN/Csn=7H1NG,1
/msg YCFWT9RUFEMVXAOQV2UWVIG5GRBB Casino=irt8xo8xvoy6ns,1
/me CSn=7690733r0,1
gambling ruined this game,0
/me DL von4zrpxi,1
/me QQ=csn=bEje Ga51,1
/me owner?!,0
who wants to come play response!!,0
relog!,0
/me B3JE:Vilql507,1
/me GAS Bgl D.L BJ TRUCKGREENHCR30,1
/me d//l:REME=NXE28A2,1
he said casino but not advertising,0
buying chair 80/wl!!,0
store at 845tro!,0
/me Q Q=An3PmIy,1
/me c a S i N o::m4opa,1
/me bj:WORLD47453,1
/msg BVU4ZXYISJK6G6E1EICZCT Series join line several event!,0
/me Rm CASINO Beje Min?,1
mod of HEMO8HA12 is CVQFIHT2BKCKDUW5WXRGV4AUN4?,0
/msg wjacsjnhz6osmxltzrj0 Sometimes know forget shake recognize seek,0
/me Rm-REME==r1596kv0,1
/msg nrv7xkgaq7yituz7m6zrd0fpuo MIN WORLD93905,1
admin added Nnywq0Qcvea2Uheiaf,0
GA$//ndk6n2r2i,1
password changed,0
wdznleifftlwoc idk,0
/me QQ BJ DL,1
do it fast do it fast do it fast do it fast,0
buy fish tank with WL,0
REME=diqyjqh3ta,1
/me i dont like casinos lol,0
/me Rm=G2EC8NX,1
Describe about address serious central peace performance simply!!,0
Serious every or paper,0
hey come x251emo guys xD,0
T U R K BeJE px0yimvry,1
join event for a minute xD,0
/me remove access from Q5CZANF8F0H1H3BVWZAUGY,0
do it do it do it do it do it!!!!!,0
go go go go go quick,0
charge charge charge charge charge,0
/me woma91 is open need help.,0
rate world U7AERKHXDG need help!,0
bj//tehq4u,1
come join look at lemosa2485,0
/me CASINO!,1
my world is MUHOVJ45 please,0
/msg k0miq0rbzayta8w0jw QQ=ufzjmi,1
/me QQ TREOY23XM,1
where is ahead center?,0
come help at guyfkgdti3071 now lol,0
ty nice world!,0
lets build them in ex20a,0
/me qq//7YA3D7,1
need 1 WL change?,0
/me go my world He639Msa if you want,0
hey visit VALUTIGHT782 need help,0
/msg wgo8vej7vcryl9mgj0 beje-g as:7OUU4GSL3C,1
new games open in ZR6RA!,0
/me Bj//dl//RM uwo02rl,1
i speak turkish,0
can someone help with weight night director!,0
why people still do csn?,0
/me dl//WORLD94035,1
/me Q/Q-C.A.S.I.N.O-0ORA34,1
owner is ukCoYpg6vxrB,0
B_J//6YKI43JY3V,1
R M-bj=N403Trgfx,1
looking for linen checkpoint for 15dl,0
/me jump jump jump jump jump fast.,0
/me REME=REME=REME,1
too many gambling spammers,0
/msg Q7V5Frq2Wbwmr5Rxg1Q8 dl/BEJE:WORLD80816,1
/msg Whi4UnPsWyBVenxowDYLpZJKa9 CSN=vjm1vk,1
/me Dl//B-E-J-E=RTER7OO,1
/msg h6hecfbhk5dcgcbabh G$-A-_S=R.M/F6Ls5,1
/me BET,1
/me GAS XOEOY0Dpl CAsIn.O,1
/me BGL=MI//N=SLUESJAXC3213,1
go HEMOSA5944 for focus pack.,0
come here and come play games,0
vending machine in vend hesmo083s,0
go now go now go now?,0
/me JOIN rM:dpgmunawn,1
/me XE323MW=CSN,1
/me mesh frictionless synergies!!,0
/me where is owner,0
doing games at rwo981ld!,0
where are you?,0
/me gas=B9L//WOVL4AF,1
platform in vend H345M4,0
/me b/j QQ ceodr7,1
anyone want to come play puzzle in this world lol,0
jump jump jump jump,0
chargechargechargechargechargechargecharge,0
/me Q.Q -> MI/N TERYAMM7,1
B_E_J_E/Reme-Dw62Ycwnekmkgj,1
Read stop sort,0
visit to my vend YG340CB1 when free!,0
what means tUrk,0
Particularly movement consider bad discussion professional!,0
Full themselves chance success,0
/me QQ:WORLD9256,1
Treatment white thousand various near add physical do ball!,0
lets farm event in knowledg390 lol,0
Bj==AGEN6,1
PLAY ga5=sausp2,1
can you donate dirt,0
/me C//A5 I NO//vho8mit,1
lagging so hard.,0
/me CASINO CSN,1
/msg fvnon0tsedm2xtc3q3affea5vbq1 T'U'r'k=T-u.:rk=BG/L:Dsw00Gi4Ftka8,1
/me BJ//WORLD46596,1
/me CASINO-D L|gas:h53m0542,1
/me REM//E=c s n=bhj4e2yrf,1
come help at 2pPRR1r1 please,0
/me b_e_j_e//CSN=4qmccim,1
Tu/rK reme T'u'R'K:hundred,1
wrench Hxjmhsekr5Dxihmjhh!,0
need central door paying 16wl,0
/me BEJE wide,1
/me help me in HH3M0055 when free!,0
OPEN reme:s9dNbinUm,1
ban RWCEN0RAP6V0A7 from world,0
/me CSN//KAAL8,1
sorry np,0
fun universal impactful standardization in lnxtuberzdg9 ty.,0
world owner BWOQGOQDXNZKGOAD!,0
/me CSN,1
is cs'n illegal,0
move move move,0
going to challenge Programmable coherent architecture,0
/me RM Z0R43575,1
RM K1VZV5L8RVGABYBDF6J1IXS2W1 from door,0
why people type csn?,0
DEELO7941 has pepper,0
remove access from oljivgp4webtcgeok9oja3c9k7d6cg,0
mod of 09WRL is tar3k0q0dizgtcbo lol,0
where is vend?,0
surg shop open GLW4BPY3C :),0
rm I6TXJYYTA8R6QJI8 from access,0
/me TURK-csn-WORLD57844,1
/me RemE:t urk:R m//CFELLFKJG648,1
/me MI.N=5HQLLM4,1
hello can someone help,0
0wyl4f783 has gambling spammer,0
run run run run run run.,0
/me BGL:IKELY7,1
[DL) dguwb78a,1
buying goldenrod wrench msg me,0
/me ancassithramamova9|CSN,1
/me REME Beje=WORLD87908,1
/me Beje//hhemo80666,1
m lbihp,0
we are doing maze right now ty,0
/me enter my world H335M054J54,0
/me Go CASINO=PEYB3,1
Particularly must hope minute huge both adult,0
pack 2bgl!,0
/me TURK//WORLD57481,1
item899 has policy lock xD,0
fun puzzle in eemlo883,0
/me terroyamm242 B.E.J.E,1
/me cASInO WORLD51776,1
BGL:TOPLOOPKIT7,1
/me NE19A4:Rm,1
/me r:m min ano,1
nqetuoadgj!,0
owner takes bgl or wls,0
vend at H355M05470 poor block!!,0
help me in h3m005405 it is open!!,0
world tk317ry is open pls.,0
Bgl3//BE-JE/tre26at,1
push1 is open,0
/me OPEN T'URK//0ek89f,1
/msg mugfruu0g0ltuzstrozby5lwmh CASINO-rEMe:WORLD89300,1
can you rate w0rkljd003 guys,0
/me GO bgl:z0ZcIFY5,1
vend at BKJ7042 wall,0
/me dl-(A$INO-bgl:Turk=2F2XCNT,1
jg/daouteq,0
/me r_M open H16ERMSA,1
/me QQ=0sfvbx5vy7fe,1
can someone help with feel physical!!,0
access is Q5Dhumh7Ucjpva,0
wait,0
/me B'E'J'E ybhe1,1
/me WL Nfhce90,1
/msg uvuokgc6ima9prwb CAS:INO in WORLD67356,1
/me CASINO/B9/L 3m24454,1
/me bej-e1//DL//z773r0,1
csn is annoying?,0
/msg d5weqpi8kzoehyktmxe2pvztb2 Centralized zero administration orchestration,0
/me B_.G.L/qq/Bgl/REM3//hhemo9,1
/me DL to Haskx4Je,1
/me SELL CASINO M2Gumgh1U,1
/me qq/MI_N I1MLXKFAHR,1
/me ($-n//ri9yoo,1
/me BG//L/C'A'S'I'N'O/W'L/r3me:qq=iblefy462,1
/me CASINO:HESSMOS9A,1
/me BEJe reme,1
gas gas,0
rate the maze in GJzK6 ty,0
move move move fast xD,0
/me CsN//TEROYAM185,1
/me GAS:GAS:($N=WORLD44267,1
i hate CASINO,0
/me R-M,1
/me CASINO=dwmegqchpa,1
join maximize wireless architectures with friends,0
/msg X1E0WVD1P9WFCWQ3LPKH Rm Kjf4Xybtmc,1
/me Enjoy figure high agent others month past sport dark build,0
/me Qq WORLD64251,1
/me dl=LurbIn771,1
lmao owner??,0
/me BJ=JFSXEMOB8,1
/me C A S I N O:pxevexkt67,1
anyone want to run parkour in this world anyone?,0
Q/--Q:PROTECT,1
/me wl=qq//WORLD40539,1
/me qQ min,1
join maze whiteboard next-generation info-mediaries,0
where is exit,0
/me CASINO:H6953M054,1
/me csn|SgfwHltQe,1
/me w/l 8os236a,1
/me CSN//CSN=H3M0554,1
remove access from A0KFHPNDPBV0K6H5QFHGB3OH,0
CASINO]=ELRIVO898,1
TUR-K5P17FMF1G,1
casino ruined this game.,0
come on come on,0
visit different dirt 866wls,0
/me CSN,1
Agency effort move together Republican fill case herself kind analysis skin.,0
/me M1N==f4c70r,1
weather shop R054RIVVO,0
/me reme//CSN=wo061rul,1
playing along when free,0
come the world called hle0msa,0
/msg NJHBCKNRJKOAKWV3EHWG Q-Q=WOULDHURS1,1
join 74 now xD,0
/me W/L:bellbu07,1
/msg D3Tenejuashmh7L3Rql6Irbry4Zl buying block msg me,0
lol,0
/me (Asino ngyrcwi,1
host is bdoxnxbhkvm6wk!,0
Stand into accept two couple month daughter,0
/me Rm:Csn//HEMO06J,1
play event in haemraates9!,0
casino/KVV8H1EA,1
going to how for a minute?,0
/me B-EJE!,1
/msg cydwzxuepqg7gmuvx7f2 GAS=EXMO194,1
/me D0RL4FP0 has full dirt,0
/msg iabca3j0z2 C Asino=WZOR22L,1
i need a door,0
/me HPQJCB QQ,1
rate the quest in rkbu1z bro,0
seed shop at BD4S6!!,0
Bj|9as|Dl=9ZF7RY9C,1
/me B-E-J-E XGQNGN5,1
/msg H8FFS0T6RCWRSET9 GAS=2A2Troq4,1
blueviolet lava:4/wl!,0
Right-sized attitude-oriented adapter,0
jumpjumpjumpjumpjumpjumpjump!,0
/me RM/Rm,1
rate world TEL pls,0
/me cheap shop TTERR4O,0
/me xd lmao,0
/me GAS CaS1NO,1
/me CSN BJ,1
/me GAS//crold8287,1
cheap church checkpoint at he62saa lol,0
lag!,0
/me W'L=WORLD99684,1
/me nice world wait,0
block shop X3M09759 lol,0
how much is look difference?,0
/me c'a's'i'n'o//WORLD40358,1
/me C_S_N:h8m3654,1
how to make wl,0
world owner zzmyr4e9p8wmjpby?,0
/me help me in MEAN ty,0
enter M0564 now?,0
/msg MNjOMuy2UrBIgmN5tsphjmS5hiSO vend at T2EEROYM darkslategray dirt,0
pDhlcNWtiAfj,0
/me G-A-S5//7urk SHOW986,1
TUCIOUS51 has crimson pepper,0
who owns this world,0
access given to DZuUM0iox6IQPlI6s5xtxjLeB8yR,0
/me bE-JE WL Q.Q,1
how to splice,0
/me cSN//r05ysd833xnyer,1
see W0LDR87 it is open,0
/me CSN/xe239O,1
lagging so hard,0
come here and join parkour,0
Yes different practice,0
/me CSN??,1
admin added IOWSEZY3MHZVM8PGPSUJTGVGXSWLZ8,0
vend 6dl.,0
need firebrick sugar cane paying 954bgl,0
/me DL//WO3RLDD,1
how to farm!,0
/me Rm R_M LOSSS7773,1
/me OPEN WORLD52688 dl,1
can someone wrench me,0
password changed.,0
(-s-n:WTHRUW,1
/me CSN mm09os,1
/me DL//WORLD91517,1
Q Q:9fdo5fsejgqq,1
/me CASINO=hytfe7u8gf,1
/me REME:HEA9,1
/me OWRLA66F4 C:$n,1
remove access from oyaya2a3hrl7jyhtezxtttia :),0
caxdb835dul is open?,0
sup relog yo!!,0
miN,1
come to my maze BWLZBIIAL98 when free,0
/me CSN W1ouR,1
zhyj0 is open now?,0
join us for maze in HM380 bro.,0
/me C//@SINO/d-l DO05U,1
door id is 5792,0
/me world VRKJ10 is open bro,0
/me BGL//r/.m=v1c3cl7166,1
doing compatible value-added interface at 1C3R3L479,0
/me CSN REME,1
/me beje m0062k54,1
/me CSN 9R8SA2PwpI,1
/me come come play games at aywra3 anyone?,0
/me world HERDNENPH52 is open please,0
/msg bch9olyco7sxwla5wgqos8pc REME=WORLD64697,1
rate the parkour in j2d6318ip,0
join our world - he99mosa1 please?,0
brb,0
/me ReME/ReME,1
/me gas:WORLD80686,1
OPEN B-EjE/IBKLC2S,1
/me 7748gU8lBl==R.Eme,1
bJ CSN,1
min=HEOS70W9A,1
/me W'L:WORLD79916,1
someone said REM/E here,0
vend at xxemo67 grass block,0
/me G-A-S=DL=ORASCORSAYED91,1
/me buy geiger for 76wl?,0
/me qq Q-Q bgl,1
admin added tibbswdqisswszkub4ziyaxldchq,0
/msg c2blg3nhclqhjwnnefvevwyxon g$a.s//REME//DL//CSN:WORLD25010,1
/me WL|d1|CSN|WORLD7909,1
move move?,0
/me BJ c'a's'i'n'o 94ZJCBZV8MA,1
can someone help with again pattern money,0
/me CSN-beJe/worlaaf7,1
qwertyuio vqqgvwbmmcdeiw eyosgkx bqrup$dhl/c!!,0
/me REME4:8tsc8rbintgr,1
/me 8EJE//wORLD20935,1
see this world called XEM36O bro,0
lets help with maze in hesb189mosa.,0
/me come help at WW0R990L,0
visit my world called eir1o pls!,0
/msg ntmpv2fdzwwzbfvkn9uuzzerunju CSN=r45ols,1
see our world called out5 bro,0
anyone want to test risk before we leave,0
why people still do csn,0
/msg I2SYRHFQQSHTL2ORXX kick VueQjJPQd0pnvvMTYbHTpOs0HNxq,0
mmmmmm ooooooooooooo,0
kvvbaqupk is open when free :),0
they play something like qq!,0
/msg HONYKDRSL0G3Q0H1NMQTAGFHQ3WGZV buy GAS mask 12per wl,0
/me qq//h3m1620,1
/me Csn:CSN:Qq,1
/me dl//CSN=TTEROYAM98,1
/me W L|Dl|Cndhwu,1
ban low8hvthfoplanshptu7 from world,0
rare cape - 16bgl,0
my friend says QQ,0
/me M1N//worlaaf30,1
come my farm:its3 please.,0
/me MIN worrl1d,1
w//l=WORLD45932,1
selling vend 17per wl?,0
/msg lqdtfgvya7hgc7n2ibblxdzigq Rem_e=TOU2561,1
seed shop at dmes8271l xD,0
/me REME QQ WL,1
/me hesmo73ha CSN,1
how much is this item,0
/msg Q9FZYVY7T3WNHS trade range weather machine 3/4bgl.,0
i saw CSN spam in 4B0V33?,0
testing games in HH3M054463 anyone?,0
/me C.S.N3=r Eme=reme/uzzqww,1
/me see my world HeMXA480 when free,0
/me NOW QQ//t9jxtq,1
/me REME CASINO WORLD62333,1
/me BGL,1
/me C.S.N GA$,1
/me R_E_M_E c47kmh911,1
/msg J1XQXWH4NRLOGCP5HAM1JXYA d'L bj:WORLD58503,1
buying world key msg me?,0
/me rEM3//CSN:xvzaa6bdg,1
enter this world called hms338a please,0
stop saying REME,0
dont advertise CASINO,0
/me vend has magenta laser grid for 635 per wl,0
join us for parkour in L00RL4F8!!,0
seed shop open 1rp3d0d021!,0
/me new world dosodafo66 please,0
/me Casino bj tngsv0ie,1
/me DL//BGL=BEST33,1
rush fast rush fast rush fast rush fast!,0
Most true line very choose,0
/me G'A'S=he76mo,1
clothes shop perform80!,0
C'A//'S'.I''N'O:Min:HESMO0A,1
playing games this round,0
/me B'J,1
stop talking about casino,0
/me C_A_S_I_N_O M.I.N=pavijac762,1
well table costs 16 dl,0
can you donate dirt xD,0
can someone open the door,0
/me Wl:WORLD93501,1
/me c-s-N/rkehipn8mp/tv359royagm/b_g_l,1
hurry quickly hurry quickly hurry quickly hurry quickly hurry quickly,0
admin added i6a3jjushtkej0!,0
lets race benchmark cutting-edge models in piltso8 lol,0
/me g45:D1O2Fvwvel,1
/me W L|Gas=16N2VF0UU,1
/me (sn,1
/me FREE Dvmlgz79447 DL,1
Million arrive form wind realize financial maybe property general special hundred half executive reality,0
Dl rvio0,1
/me TUrk/b:j/xg7ziga60mz37,1
going to challenge Suffer garden boy order just research place everybody anyone?,0
is casino illegal?,0
/me CASINO QQ,1
/me TURK TURK WORLD69994,1
/me R3ME|wL|wrorl52,1
/me CSN=J58tCB,1
/me CSN:world87004,1
/me bj//WORLD87543,1
/me REME5 G A S R2NZ608,1
MCJX9//CA5INO,1
/msg hgs7e4f6kxgcydwkh9wp Hundred trial green fine know than share child training?,0
/msg Igtbmdytj5Zbabh3 T u r k in HEMSA71,1
need help with farm,0
lets run minigames in OPQ0200,0
/me QQ=BJ=Oorv74,1
/me RM-B'E'J'E=nodwtkllhvox6s368,1
Possible name meet once here at hard pass serious worker reflect.,0
/me BGL!!,1
/me door id is 9555,0
/me CSN CASINO ds48a,1
/me min WORLD16622,1
/me Casino=WORLD58132,1
follow to BOAADR46 when free,0
/me someone named QQ336!!,0
B-E-J-E//tuRk//TURK::Yf052Cr,1
/me BJ:TXPKWS5ZO6,1
/me JOIN CSN=U23D6V8C,1
testing parkour in HARPOVIRB81!,0
/me d_l/DL wo94orl,1
/me r20wdhkv bgl,1
is 2/16wl fair,0
looking for cheap chand 5/7 wls,0
lag.,0
come play puzzle right now bro,0
/msg KLO4QOYSBSW0NWBSNPQLW7FOF0N8 REME=wk5g2,1
/me QQ/Dl lumt6,1
MIN price 11bgl,0
/me rEmE//WORLD23536,1
move move move move now,0
my friend typed DL!,0
help with games in T76erRXyAM,0
/me Reme|Q//Q=WORLD97065,1
rate the puzzle in h35m7497054?,0
/me HHMDW589 CSN,1
/me RM//C's'n//B-E-J-E-Gr31Sq,1
/me report worlds that advertise csn.,0
/me C/S/N|RM=r8t3k9v9erd,1
see my world hoveicef376 when free?,0
/me RM=qns4fsmsf,1
/me movemovemovemovemove :),0
/me look at my world f80k3b90 now,0
/me BEJE Wohhmyt9I,1
hello,0
restocked fish shop EDGE2750,0
/me GaS::Wl do2tw58,1
/msg yvmwn6v6elfiqcxnjfrejwo5w0jolndr Gas WORLD23438,1
anyone want to try event Stay crime audience range to partner let pick even,0
selling wing in XEO080?,0
wrench Tglfgfbjrbi5V9F2,0
/me REME==pnezlxhw9z24,1
/me tUrK|m i n//pr0duc75,1
/msg vxp7nfmckzs5m9g0 C@5INO!//CSN-NTEYV044HZ,1
/msg B7G1Rlvgjtj7Qym5E5Won2U2 BJ=IxkSe,1
MIn price 17gems,0
/me follow to to the farm Yt1Bf5 when free,0
rush bro rush bro,0
try my shop called ZOO1RA ty,0
/me QQ==Q:Q/B'9'L/(_//a_s_-i _ n_o parti366,1
builder=Yauumemerpq6J6Drot,0
/me Wl/CTV8377,1
/me R_M//gas5 WR650L4F,1
/me CASINO/CSN O6Y0K182,1
Little look difference approach project by sense,0
B3Je,1
follow me.,0
/me B/E/J/E-BJVZG2,1
/me w.L|8j bEje,1
pull oydPSCctl4F5PIVRU4Wor7Jolb please.,0
/me SET==DL,1
/me Reme=po0ibgelm4v35i,1
geiger 18gems?,0
/me come farm become at c0uPl lol,0
/me Q:Q/D/l -> ofhjpsv6rz4ug,1
/me deepskyblue display block 1/19/wl.,0
do not go to csn,0
/me R'E'M'E-SKILL5350,1
/me run run run bro,0
/me R'E'M'E casino REME,1
/me Turk:BG1:min:D/_L:n9m5uve3xd,1
/me BJ::cnzsh1m,1
/me WORLD97267-DL,1
selling geiger 20dl?,0
/me GAS//THEY3,1
help me in project034 it is open,0
is c//asinos banned!!,0
selling two push bait for 33 bgl,0
/me lqeiz8g=BGL,1
/msg N5Naj0Jssqnehpged5N8Wr Suggest decide cup age story,0
/msg tedfcxuo RM=DALEETTPO99,1
/me Reme//WORLD29974,1
Cross-group even-keeled help-desk,0
pc weather machine for 14 gems,0
/me CSN:Cufjxvocd,1
/me DL:LHRQMBUM0,1
/me WORLD52401 beje,1
qq is not always casino,0
lol,0
/me Dl//Klnszot9In.,1
/me Qq:B4Wtdj,1
/me wl MO554SQ,1
/msg fASkP3H0N7uEdqzaCvGuh1 pull DELROHUCMWR2S1X2Y6KGC1WNF5X6DVCQQA please,0
/msg Vgy8Lot6Muzed8Qrdyrbxifmar C SN=pthbti,1
play minigames in w3orlfa,0
access BRAWNTG8OQE3S7T8TZMOAZIBEZQ7?,0
/me 89l:WORLD7134,1
/me Casino//Bgl=NACCEP3,1
trade threat crystal for 100/wl,0
/me d-l C Sn/WORLD86623,1
can you join e796o.,0
yo hello,0
/me DL-58btc5a,1
/me D1 MIn XEM1,1
play offer in LIST460,0
/me Q Q//PKHGU8,1
BJ//DL=WORLD87220,1
sell surg tool for 321 wl,0
/me q q/C A S I N O WORLD67450,1
/me BJ W380R,1
/me CASINO//h3m345054,1
/me rem3 CRACO035,1
/me how much is this item.,0
/msg wJaXJ7r7LDoNeXOfNlVD D-L c5qvq4q,1
hello,0
vend open ectunic8k,0
/me vend at HFES729MOSA,0
rush rush rush,0
/me csn WORLD49340,1
another rock in vend H1135M054472!,0
hello can someone help,0
/me come here and test friend.,0
/me Rm//jtymsyc8,1
/me PLAY B3JE:b6oopyozxwih,1
how to make wl,0
/me csn/TURK=r6n1arb9h,1
who wants to help with maze please.,0
/me relog?,0
move move move move move move,0
remove access from T4Vpigswoc!,0
RM/Qq,1
/me GAS spend980 min,1
(SN DL 7Nsk3Ajl4Bel,1
where is case lol,0
N0V9TJCPA3NADOTTDITYMRWSV4J5 owns this,0
can you try mosa0o guys!!,0
/me actio9::BET,1
leader is zPTng8FL,0
/me BJ,1
/me REME,1
/me BJ,1
playing grow global systems right now,0
/me casino-50661d4l3p,1
world WOORLD4843 is open when free?,0
/me QQ//u8yjryanf,1
/me BGL beau0130,1
world M10054Z4 is open ty!!,0
/me DL MTByGmBON7146,1
/me b e j e?,1
/msg x3mefgm1 Stop total end mouth really trip use country among reality certainly lol,0
/msg o9umw6lwgqi3wbmhytmgl6mv Reme WORLD87170,1
/me PLAY 730036r CASINO,1
/me MI/N//MI/N,1
what does C S N mean,0
/me MIN R m D.L,1
need pants 100dls,0
go LMMA7 for chair,0
kick uzo4glu6gschm2tsyivzqeeab3,0
anyone want to farm event if you want bro,0
/me QQ==Bgl-URMaJFSS,1
/me NOW vncqlmo Bgl,1
/me Bgl-GaS:WORLD13306,1
come try event if you want,0
/me QQ=CS_N=qfwc97,1
/me miN:6Oa9S,1
CSN WORLD96794,1
/me Bj tyatnxpsrj,1
/me going to whiteboard viral initiatives when free,0
look at to my shop x3my35400 pls,0
/me BEJE (ASIN0,1
/me CASINO//B E J E=hsmosa9,1
/me WORLD42139==CASINO,1
/me hi,0
why people type csn,0
run run run run run run.,0
/me R:M r1cvv01177,1
can you get banned for c S n,0
/me cA sIno=wORLD18354,1
DL W0R4811F,1
/me BGL 3sound6602,1
where is the white door.,0
buying stage crystal msg me!,0
/me CSN/CS/N=admiin,1
buying rich on pack msg me?,0
hemo9k66 is open ty.,0
farm shop open 7humb1ff649,0
/me who owns this world,0
report worlds that advertise casino,0
what does csn mean,0
/me run run now.,0
/me casi-no=W3M5461,1
/me B.e.j.E:casino//ekiblmo0r,1
/me d'l//ykni0,1
/me turk CSN InD8yLsuY,1
/me BGL tu'rk NAZRFA5,1
ban qafopnx9yi from world.,0
/me C.ASINO:ufrwtobn76,1
someone explain ca$sino!,0
/me D L Yk474D,1
/me DL=B-EjE//Qq/WORLD18104,1
/me WORLD69616 MIn,1
/me CS/N:bgl=NNEXA08,1
/me W/'/L3 C'A'5'I'N'O ALiJk57w2A7,1
/me QQ c4$ino JIBPILKARA340,1
Up-sized motivating infrastructure lol,0
going to minigames with friends guys,0
/me rem.e//83t4m1sbq,1
/me CSN=Uwpltd641Cli,1
/me BEJE=Lnwqnej,1
/me r_m-reme-MIn=WORLD59403,1
/msg TUPSR5U7VASCKDYUCMOB BGL WORLD45362,1
do it bro do it bro!!,0
/me nvxljg,0
improve vending machine 18per wl,0
/me OPEN CASINO=THREE0,1
playing race with friends,0
play puzzle in AHEADCXEX7,0
leader of patracki438 is tgtopyuoxbltfwte.,0
/me M-In|dl=hes9mosaa,1
/me M i n WORLD37343,1
ban m6b1zpx6c9jhvr from world?,0
/me dl/hampwork08,1
/me Tpfila:Turk,1
/me admin?,0
report Casino spam?,0
come here and farm quest ty,0
cool farm,0
/msg ehddtfcXJEE7ARO8wNEVTzVA W/1 on M3l3lh0,1
Rest from country every clearly though cover often recently.,0
come help at WW0RL2 if you want,0
TURK,1
/me (@SIN0/(@SIN0/zkmhxhkpzo,1
/me DL//0xorimbyg6w,1
/me TurK//TURK=iv82o,1
hey see ROOM90 now,0
/me try to my vend Q3033RR0Y4M when free :),0
/me thanks good shop,0
/me min ASK0749,1
/msg cqw1fyzvukb5n0wnfgr1qrvha4 CSN WORLD6719,1
testing minigames in toonqki48.,0
/me Wl Q.q Acqqrld,1
testing puzzle in zq70j7h1q51 lol,0
door id is 9624,0
/me casino G'A'S,1
help with map in charge4302,0
/me QQ:WORLD4925,1
/me Casino=naephalk,1
R-e-m-e Ta3997,1
/msg pQExhYvhuYO9zuYIUi selling GAS mask!,0
/me 8J:hemsoa280,1
/me T.U.R.K:M.I.N:Rm,1
Second likely keep,0
i need a door,0
/me WL-HMEEOSA588,1
buy within bait with WL,0
help with games in 4bobu,0
/me what does CSN mean,0
CURTL07 is open if you want,0
we are doing challenge with friends,0
vxljgdao,0
/me OPEN zz56oa bej e,1
market hem46so,0
world owner G8GEMjlp?,0
/me list has seeds!!,0
/me WIN alfsao BEje,1
join my world 71GH7GN001 pls lol,0
try my farm=0mr010b4vn481 bro,0
/me WL=M059134,1
/me tero382yab:beje,1
restocked cheap shop 7743R0,0
/me JOIN R E M EE=0r6xg2yoxq9s2,1
/me beje nyvdzimg9,1
doing challenge at H3M34105,0
CSN=TEROY79A,1
/me R'E'M'E=ZraO4vPlYqo9,1
vend at XTVDX3EC3Y checkpoint,0
help with parkour in UXME2H0I please,0
how much is rich second able!,0
/me rate my world HE6MS30A ty,0
owner takes WL or wls,0
gas gas gas,0
rate to my storage LASXHDUSK660 pls,0
/me r'EmE=BJ=aSCE736,1
/me GAS W L,1
new world 730y4m41 when free!,0
/me BGL:WORLD50218,1
i hate csn,0
/me cheap shop xez24o.,0
/me QQ//MAMWODP1111,1
/msg WvzxksI9CxM4mtXEREP2LnEru3Bt Reme to WORLD37620,1
/me rate world kkwgjo7847 it is open,0
/me dl=Q-Q Hl2lKp35nU97,1
/me R'E'M'E at Q745841,1
/me B.J=w.l=Q Q,1
/me CSN,1
/me G$/A/.S-9A/S=WORLD54158,1
QQ:WORLD22046,1
avoid casinos worlds,0
/me QQ wworl79,1
/me t/urk MIN4 CASINO,1
play maze in h2m504069 bro,0
/me TURK owner is ynfqiiaphdekwhc1citwk1lnw8xtc2e1,0
geiger shop at moosa9!,0
Open-architected systemic parallelism,0
/msg smo9fkn0asv1pnlkhvzclwxmwp bgl=M0574,1
report REME spam.,0
M1/n-BJ-MI$N fbklfjsnx0,1
why people type BJ,0
/msg o6NjhCZcllca DL=Ejdqu,1
/me Csn D.L,1
Q Q:T403EO,1
yuiopasdfghjklzx,0
/me Bgl==gas:Sfi5A2Nt,1
/me B-J=716QVfj15bdx,1
follow me!!,0
come here owner?,0
background has MIN price!!,0
nnnnnnnnnnn.,0
turkish world RATHER,0
/me NOW DL=7ORSLD57,1
lol thanks admin?,0
/me Csn=Csn=Csn,1
who wants to come play event,0
dont advertise REME,0
/me lobw398cx/r-m,1
selling sea platform in ENSBRU9287!,0
/me rm//worl66d,1
rm FgHZe5sqw5aQinxtF4 from access xD,0
/me come here,0
charge charge charge charge,0
/me new world ZCEFA4 please!,0
CSN1//r/e/M/E 0dw4x101632,1
/me buy sort seeds with dl!,0
brown song 35dls,0
/me 8J/MI N WORLD82901,1
REMe==qQ TWERO4,1
vends at S8GIB!,0
/me Bg-L|w0584ryld,1
selling Gas mask,0
hey rate h35874m0584,0
go my vend - moqas6 if you want,0
/me BGl//t2ystpq5x,1
we play challenge in this world,0
CASINO/CSN 9ukjf1w,1
selling item for 5/13dl,0
/msg MBMRP9Y6NWT9CKH0QV help with race in w0rl942,0
/me D'L/WL Ph8OzIaGcq,1
CSN=HE0O166,1
/me new world 7741mo ty!,0
come run games in this world.,0
what is Min price!,0
/me GO HEM134O BET,1
/me Ga/s QQ Turk//my7D5J490lA,1
/me TurK:MMOSA5,1
meet at mzrjss19 for challenge ty,0
/me JOIN BGL:wksclotlows612,1
zzzzzzzzzzzzzzzz crfldrw.,0
/me join Macagt527U if you want,0
/me RM|Rp0pX1GJfb,1
/me Rm,1
/me ga's=WMnRFclt,1
snow wing 16wl,0
vend AT 1EN8EISQTN fresh platform,0
go my farm cdo22 guys?,0
/me WL/w-l DQWUDO5TFY,1
/me Gas WORLD54561,1
/me buying checkpoint msg me :),0
/msg kcpal1txwea1g0deziq5jcw6uhc3 8j=tax,1
come join race at E754TRO!,0
/me avoid casino worlds,0
/msg zSiwtfQVxlOzmitWm8e7kBJDUA QQ=cem02o,1
/me B E J E:qcgj6urc,1
/msg TFl9xFNANM Turk=aohvl0659,1
/me b/e/j/e=Zchbo2Xesmem086,1
/msg c6g4vsihvrc0icb7s7tuh1m5rm CSN=iiuxco,1
/me WORAF7//RM,1
testing race in o7rl,0
new world ZCKKJDHNW,0
/me C'S'N/T URK QHWUI8Y3,1
testing centralized disintermediate artificial i in kurulk8904,0
/me REME M.I.N,1
/me Turk=W_L//h33m054564,1
/me MIN=Turk=Min/ioo473,1
how to make wl,0
/me lagging so hard?,0
/me TDP770 casino,1
admin added QFKKTSTZFP?,0
/me d'l/M-I-N=TIcSXOlB58,1
/me c:sn//CSN=6baa431sk33c,1
help with event in 4L,0
new world HEROYA404 please,0
/me csn csn csn csn,1
/me QQ DL B.J CaS-I$n_o=b.J==W0NR418,1
/me CASINO:0n5pj0,1
/me r'e'm'e/rEMe//b9r2h5j,1
join us for games in 73RR2160 please,0
push push push quick,0
help me in WR93L it is open,0
/me GAS -> R/E/M/E4|nzxa7ztw94w29,1
main of POWER is Pnu3Tchvfzfqov,0
/me rM//GAS dlhh61m,1
jump jump jump jump,0
world owner apiaxflqxtzys1g8vupoel?,0
ehqbnugmvetluy?,0
/me C A S i n o:Asulclu7,1
/msg Vyt9Wbi2Rsrohve9F7Rccowguz D L X63RWHo3,1
/me 8G1:3QCJ3FL5,1
CSN BGL,1
/me SELL SAABF366 Reme,1
/me M'I'N:CSN-Gz6mXTBz,1
WORLD54159 | R.Eme,1
/me Bj//WWORLAF5553,1
can you see near482 ty,0
is the owner here,0
/me QQ/CSN WORLD48911,1
/me wl//RM=SCx5NJRMvya7,1
push bro push bro,0
/me cserkobvqxfhsvji aqkaygqqwml,0
/me B/E/J/E|D-L|dicerwohppar751,1
/msg Wxw5Lobhvdzhaekj wl//BGL=WORLD11108,1
password changed!,0
main of med38 is fjz8fafjiuhwd4xfxhym!,0
/msg Sfkaxqy4B4 rate my world called 8xm7o if you want!!,0
73r168r0 has modern rock,0
/me C.A.S.I.N.O/C.A.S.I.N.O|Ciubtizj,1
/me C'A'Si/NO=R-E-M-E!-Q'//Q//woorlaf2901,1
/me Bgl//IvW0vFFEY,1
/me T-U-R-K!,1
/me BEJE==7uRk=YwWIa,1
/me (5N::m iN-turk=wir41ld,1
/me DL-DIRECTOR,1
/me Wl=bj:Be:Je=733r0744y4m,1
/me B_GL:g-A-s:MNETING7,1
seed shop open 571LL13,0
/me Rm//GAS//c's'n,1
/me CSN!!,1
rate the question in ALREAD3018,0
/me d.l requ8,1
/me Qq/B.GL=WORLD86906,1
world owner iye4rgkzmdeqcbwe,0
Bj//CSN=WORLD43099,1
door id is 4486,0
/me (SN wL m3l6560,1
/me b J BGL,1
/me CASINO//qmb0ndtq,1
/me ReME -> numb3r,1
/me CSN opm,1
help me in WWO3L ty,0
/me REME:wskpjgq67,1
/me FAST QQ:WORLD18202,1
we are doing minigames enhance dynamic experiences.,0
/me b/J,1
/me FREE Rem'E/cbxdqb23th2,1
/msg qteolmqgxaugr0l5ji CSN=glhyboe,1
/msg prvilmfkew B J to Uwsni9Hyzf,1
/me Beje//reme//bj//XUJIQ75ZZU,1
can CSN be a name :),0
vend at H5YP8D9N,0
Agree off name few,0
/me g@s/GAS./WORLD3124,1
/me W/L!,1
w-l|MI:N|Reme:HrUrR673,1
/me CSN//Hes7Osa,1
help me in speak need help?,0
/me T/U/R/K/g/a/s=5rido3,1
/me BGL=yy170zvnt,1
playing race Visionary local portal xD,0
/me B.G.L|BEJE|h08eshmoosa,1
/me Be-Je/C5N WORLD35490,1
/me push now push now push now,0
does casino mean gambling,0
/me hey go 4S2FLIZ pls,0
help me in W5RL435F pls,0
/me Hez4E8Tstttsflg0 keeps saying c-a-s-i-n-o,0
my world is G4U55PK6643 ty!,0
/me M/I/N CSN emosaa2475,1
price check please!,0
play race in tus9!,0
testing games in ZOOLIVE9,0
come to my vend p33lyk98 ty,0
/msg zfc7gbve bEJe now 3cotmn6,1
mqwertyuiopasdfg,0
TU RK//B'/E//j/_e//Be.Je=T.u/.r.k=Expert7475,1
go go go go go!!,0
/me beje=b.J=CSN//BECOME,1
/me Turk:bj ga.s,1
8-J D-L w0rl44f00,1
door id is 880,0
/me (A$IN_O::b_j=b_g_l:gnq4zv,1
world MO7SCA47 is open need help!,0
/me cool farm,0
/me door id is 5601.,0
/me CSN/REME tejbroyam5b85,1
Grass-roots bandwidth-monitored access,0
selling term grass block in chipfjqk704,0
/me Casino=5yhyi9hbszvh,1
pAsDFGhj :),0
/me CSN LMU4FU1,1
Diverse radical support.,0
M IN-c-Sn/WORLD96740,1
/me m I-n=C_Sn=Bgl:eroP5,1
/me WORLD171 Min,1
/me D1//Casino=WORLD11863,1
/msg Oam0Ddwuy9F8D0Y1A7Y2Mrst qQ=WORLD54068,1
/me (.S.N:C4Sino:gaS//7r830,1
need 1 wl change.,0
/msg DNWEE1UIUFFN help me in W997Orld pls,0
go the farm:jm1z75x07272 bro?,0
/me QQ=p3szi1gy,1
Series customer front including until thousand!!,0
/me QQ//bj=hbndktephh3,1
/me J6q9qVZG Gas,1
check this world called POPULA,0
/me GAS,1
owner takes Dl or wls.,0
playing streamline dynamic e-services right now,0
/me lauscrt597 Rm,1
how to farm,0
vtzec7f1zeb3etgoh6apuqreh0 is talking about CASINO,0
/me DL,1
/me B J/Casino3 HUJ6QNL,1
surg tool in vend VPOpr2M3F9i,0
hurry bro hurry bro hurry bro hurry bro hurry bro,0
/me ca/sino//ca/sino,1
/me vends open rccp2194 xD,0
Scientist choose anything record page appear within low collection someone power even,0
/me CSN/CSN 2zri7jtVrZMm,1
rate to the world 1CC0NL4U88 please,0
too many c4sino spammers?,0
come follow me!,0
/me B'J|ca:sino|ETHXCHNZ348,1
how much is market stock hot,0
world owner vec0j6svvdqkisgszh,0
rate world terlo519yam bro,0
/me CASINO/Nw4Eya,1
/msg t1brjcf3bjoraqcrgtou join ameliorated intangible knowledgebase with friends :),0
/me T.U.R.K/q-q s1g9thr,1
buying fish tank 872bgl,0
/me REME/CASINO sdfxk0u2fcy4,1
/me D1|WL WORLD19129,1
/me meet at t3erb51 for leader.,0
/me Min:Qihzjeasz,1
vends open zo117vra,0
/me I1ZDJEZ6S CSN,1
bej_e d.L=p7buxdgw72f,1
world owner IFOHLKVCTKEHB6COO8,0
/me RM=UCKZHw70G9yep,1
password changed!,0
/me Q'Q:WORLD14067,1
/me can you follow to Sustu67 when free,0
cheap lightsalmon vend at HEMOSA04322.,0
/me BET QQ meooO13,1
/msg O3M2Zjyqzxtmddqcuiaqosgu join us for race in DOLNW4BD bro!,0
fun race in WLZOTHEMYJUX425 anyone?,0
/me B-J/BGl vmeyqpoqd,1
come help at SAY82 guys,0
restocked store nkf1h.,0
/me CSN CSN QQ,1
lol,0
C//ASI//N/O//DL=jrwvjk98,1
thanks,0
who wants to run maze,0
/me g45=MBM2E05,1
/me GO WORLD12219 CSN,1
pack in vend x3m440!,0
/msg g1fjkdyvwpjzo6m4nzvvo6wg CSN-j3m180,1
nice world good shop come here,0
M1N//BJ=WORLD58634,1
/me Wl wpjsdco29u6hst,1
B-9-1=QAwhjbtrBT,1
/me CASINO//RE_m.3=erhscri9gq,1
where is the white door,0
new parkour open in pc15qus anyone?,0
/me g.as XM3046,1
rushrushrushrushrush,0
ZJAQ$DMFM$GH PPKPV,0
go go go,0
Card after,0
/me qq-dl//HX3M0548,1
x93moo open now when free,0
restocked market dvsnbvqtj,0
go BURR5X3D3355 for darkturquoise vending machine,0
snow hair has MIN price?,0
/me bj//ftybuf,1
/me TU_RK/beje 80uay0bhfzwv,1
can someone help with others!!,0
/me QQ=BJ,1
access given to Cpftislmyteipsh6Ufw3Hx,0
Level throughout media action such rather heavy look deal collection,0
selling olive wing in wor77laf,0
/me Bgl2/TUR//K=CSN=CSN=WORLD93504,1
/me REME//CASINO=RIBVO0,1
can admin RM me,0
/me hBesmMoSa205:YWR718ODL:Q$Q,1
see the world called FITH8 ty,0
hey join WORLAL20F now,0
vixgra29933 open now now?,0
remove access from QlRdwxYwZQLwAjwXF0ncQd.,0
/msg Usnujqrjd6Pnt9Vldi CASINO=WORLD61745,1
doing parkour at knowledg6577,0
Prove after both strategy history.,0
dont advertise BJ,0
can csn be a name,0
meet at H33M0 for race!,0
/me GA:S//B_E_J_E=r1v02283,1
/msg tDbntOaJocEZErGHedQu Teacher,0
/me CASINO//hhemosad2413,1
hey rate rwui27nii bro,0
/me CSN//blrwy1xa,1
(a5ino//ll593ei,1
/me c/s/n/WL 7I6CK79,1
join my world t98royam pls,0
East theory letter operation respond particular under participant cup always,0
r'E'm'E qq=M_IN=bgl,1
/me WLkf4f51,1
/me gAS=STTUDY671,1
CASINO R m csN. beje c/sn,1
why people type csn?,0
/me RM8=csn=WORLD41107,1
/me QQ:HEEMSA0,1
/me 8GLduqbqxuhc,1
/me CASINO IASLC1,1
GO R_EME::WORLD1653,1
/me Turk==YRA98,1
Study study newspaper,0
/me CSN//7URK=H0074EMSA,1
/me RemE//qq us49shg2fgj46,1
playing quest with friends,0
where is white door!!,0
/me GO WORLD24850 gas,1
/me BEJE CSN T339RO,1
/me WORLD26176==Dl,1
/me CASINO=H3M017454,1
/me Bgl/T-u-r-k=csn2:F33M720,1
price check please,0
/me BEJe!!,1
try our world - worl0af882 when free,0
/me BJ,1
need help with farm,0
/me CASINO REME,1
/me QQ//MI N=XM573O,1
is c-a-s-i-n-o illegal.,0
/me Rem.E,1
my world is h88tm941o bro,0
/me rm KLTQE1BH from access,0
Drive charge gas medical push!,0
/me Xywdkcib.itnsi rqghhwkuzitccg!!?,0
wait,0
buying cup wall msg me,0
/me RM:Q/Q.:Q.Q 63mqq4csq9n,1
HEM3Z29YA is open please?,0
cheap shop accepts DL,0
/me BJ//BgL//b.g.l//csn//polic6257,1
/me Min.::H3MM40154,1
owxxclxrgvc8pzrbcxt0h6goqn keeps saying CSN,0
thanks,0
can you try OSS1A now,0
x97emo open now pls,0
Listen probably,0
/me CASINO BET j1t4iGQ,1
/me r/m CSN Strodng4055,1
hgfdsa txahfyzrrwjwsf?,0
lightcoral grass block 15/wl,0
we play unleash b2b e-markets with friends,0
BGL/BJ QMuRGOIKr,1
new event open in heza0 lol!,0
/me Q-Q Feomzmusi9,1
why people type BJ,0
pull bwvpq3xyfzp0kpmhw2 please,0
hello yo,0
/msg ImO8VsN2sDQ4XbUhQ4F0UCAhuN M I N in M4559A,1
/me GO QJKCYXDV70 BJ,1
/me M1N:Casino/w066rl4f4,1
eeeeeeeeeeeee bczkhfspiyrwmbcz kxbqrupdhlcn,0
/me q'q D6JOXYMUV,1
can you try ESWMOSA254 please,0
what is csn,0
/me seLl rock 65gems,0
we play map this round,0
/me D_L:R_E_M_E=ocb1h3ybg,1
/me w-L t u r k Ga.S,1
/me Rm//Rm=XLXRYMT430,1
cheap expect grass block at MM0543218,0
/me CSN DPaSvqR,1
change wls to WL,0
anyone want to run deploy killer eyeballs if you want,0
/me B/E/J/E-Qq=m1n!=WORLD40573,1
/me GAS B J//WORLD9410,1
/msg lwdExHgDIMBitHWpU2rQ Re//Me//R//M//83Je=eni0t2mve,1
/me Dl//rm hesnqnz5i,1
/me C.A.S.I.N.O|B 9L=w07l8d,1
/me W-L Hhel47,1
is the owner here!!,0
going to parkour with friends,0
/me DL CASINO,1
CSN,1
/me need 1 Wl change,0
/msg mwzmb7rze4i9him0i1j0 playing know in this world!,0
help with mother in cyf475006,0
/me DL,1
join us for parkour in rnoqwgxf453 please.,0
password changed,0
need 1 DL change,0
/msg ylclutv6wpq8t7 qQ|bj/WORLD40550,1
/me i saw csn spam in HE3MSPA!!,0
come our world called EROYAAM2151!!,0
/me gas:CASINO/WORLD56127,1
/me rm==ca:$ino TURK WL|WORLD74880,1
TURK g45,1
there is a casinos spammer here,0
buy pants with DL,0
/me QQ//rm=bank,1
/me hi.,0
new minigames open in BUDG04?,0
selling blue hair in VHKPNXAZ,0
jump bro jump bro jump bro,0
/me Gas/Rm Y4Wy0,1
/me W1//Pneuchidst9,1
kick eEO8kNBBGmI7j0oUh4vGjRI9,0
why people type csn,0
/me WORLD70611 reme,1
/me NOW u6yckbcd7g D LE,1
is 82gems fair,0
looking for mediumturquoise dirt 2 wl,0
/me CASINO=WORLD81721,1
Dl,1
/me MIN,1
/me Reme=Bgl QQ//WORLD52972,1
need southern surg tool paying 6/wl,0
/me TURK=m06054,1
/me BEJ'E::ge6o1x5qo9,1
/me gas:BULLWG17350,1
/me DL casino WORLD25208,1
/me Rm join Prqm4,1
Rise skin wall bad science,0
/me B.J CSN ud8597k,1
b.J//heemo77,1
/msg xRCAXjvPKxsvBTmc TIVSPA288 open now bro,0
/msg BKD7QTF0YPFBWFCQPJ RM=fym0is2es,1
/me csn///u7FmU///Dl,1
Fight her take simple foreign paper marriage a!,0
main is C2UGQJUJN7GWQUA7HGN5XOHUFV,0
too many Reme bots,0
/me QQ,1
can you go Ne0A23 it is open,0
playing race for a minute.,0
going to minigames if you want lol!!,0
/me W//L/B'EJ-E/W/ /L/cSn==Rm 3M290,1
/me BJ//bEje=H3M04410,1
/me GAS WORLD84459,1
/me OPEN C-S-N WORLD70699,1
push push push push push?,0
/me CSN JIZ8WXEJ,1
/me BGL|R M|G8AN3Y4Z26YXE7,1
lets test quest in ifw902n,0
/me ReME BJ,1
/me C@SINO=WORLD96772,1
chand in vend Kc78I7NyLl!,0
vend at rteroyam01 olivedrab rock,0
RM ca'sino4 ga5 w1::Hemo9Sa,1
/me rm=g13sp120,1
join my world isma911 now?,0
go to my parkour kqpzrkap9045 pls,0
/me Pl-Ay RM:H33M54448,1
/me DL!,1
/me BGL:mm11q74qsfzjis,1
/me rm/WORLD38951,1
/me csn B.g.l=UUU1943,1
/me casino//Cas  In.o -> 91V5iYnxdGF,1
/me M'I'N:CSN//admit152,1
/msg Yiwpwgj9Qli3L4 password changed,0
need help with farm,0
/me RM WIN0,1
/me R.M/beje REWAL06,1
Claim them blood way event :),0
grass block 19per wl?,0
lets test event in H3M55U054,0
Decade bag sure great you fill relationship consider assume,0
why do people say c//a$SIn_o,0
/me rm:RM|lnax3ljvr,1
/me CSN/Cas/Ino=h0dd6pidtg9h,1
DL CASINO,1
cheap block at Bpsteran5,0
/me R'E'M'E//C_S_N=nexa928a,1
/me RE-ME//em0o,1
/me Dl q'q,1
/me CSN,1
/me follow me np,0
/me REME jocvfkpfda,1
meet at chWoVMK075 for games,0
/me OPEN CSN/73r0y4m5,1
/me CSN=M3aYhKp,1
/me R_E_M_E=wOrdl5075,1
follow to the shop called 8630t5ygp ty,0
fun games in X5ADF!,0
/me CSN=Nz8GQ1,1
is the owner here?,0
/me CSN BJ W0LR96B4F,1
owner takes BGL or wls,0
need darkgreen water paying 4/13dl,0
fun matrix rich e-markets in ekxwppf933!!,0
/me REME//WORLD59173,1
join challenge iterate frictionless users,0
BJ | CASINO | H35M0541,1
/me R/M,1
/msg i6p4cmx1xyrprsqnovb3et world YPCENR4 is open need help!!,0
hello can someone help!,0
going to object-based global service-desk this round,0
/me CSN:TWKPEBZ54,1
anyone want to play minigames Discover part,0
/me mi//-$n W 1 G/A./$S:fzkwm,1
/me DL csn,1
Thank happy present arm.,0
/me REME:WORLD77460,1
Object-based dedicated orchestration!,0
go go go go go.,0
come on come on bro,0
i hate GAMbLE,0
/me B/Gl4 Qq h3m06654,1
pc lock 2dls!,0
/me CSN=WORLD60860,1
can you check ndww754o when free,0
go my world he it is open,0
who wants to build heart,0
rm EDFARQB4D4Z1ZRTADP from access,0
thanks,0
/me H46emsA=QQ,1
what does BJ mean.,0
glass has sign,0
/me CASINO,1
/me B//J//WORLD38399,1
/msg VqaNvuomZ0jVYJc2U0wnkSQJku reme|reme|Q/Q -> umyDciX2KP5Nj,1
we play maze with friends lol,0
/me c'a's'I'n'o -> agcwnhwmus,1
/me RemE join NRX474,1
go to my parkour W3Orlaf8 please?,0
come farm puzzle at much,0
owner of 45Tn is Wdv8N4Gdvxeh,0
/me Rm=casino::teroy16am,1
/msg s6RLIlH9xuk3OiYH b3jefnsylhem4,1
how much is this item,0
/me Wl=X983G0,1
/me CASINO=18Pzu34m8jS4,1
avoid zo22r it has csn spam,0
/me bgl:c'sn,1
access given to SRHVZDQ6NZLJDSC7.,0
how to farm :),0
/me CASINO//Csn=WORLD86600,1
hey see m0571 need help.,0
/me BJ:WORLD21539,1
B_G_L=f3pqq4wy,1
join my world r85coo if you want?,0
/me Qq GAS rqn2ugrxm2,1
restocked seed shop XY459,0
hey look at h52emo need help!!,0
is vend empty lol,0
any TURK here,0
/msg b2ded6mrcbnrvuzdu6no REME=RWEHDIW9,1
/msg jvuoplr6a1l8ell9drrn go please go please go please go please go please.,0
/me WORLD22217 WL,1
selling cadetblue weather machine in HH3M4054,0
my world is HEM158SA when free,0
/me min//r1slp5r,1
/me CSN rm|Casino|rm,1
/me BEJE/c sn nfyu4a,1
/me ca//sino!//Gas//G-a-s=M_i_N -> WORLD12734,1
come to this world M2ELOO47 bro!!,0
come help at zmmorqosa544 when free.,0
rm access from ALLFGCQ3MPQMHUV5K0,0
/me CSN CSN,1
vend at long13 bisque blocks,0
/me W1=rqdbkp,1
market at n1ax,0
lets try minigames in HEKOSA9,0
rush rush rush,0
/me min,1
/me BJ tct25tgt1s6u,1
/me bgl dl hm0397,1
/msg K8Eqqhxoy7U8Omfgxtj3O8E2L5Uk CSN=he756mo,1
/me R/M:WL//ETR295V,1
/me improve seed 6 bgl,0
/me Bj:Csn//H53M05954,1
vend has public gas mask for 42 dls,0
/me CASINO 6T0UZL9,1
lmao,0
/me CASINO//BGL=hmzcsm13,1
/me looking for rare bait for 1/8dls,0
where is owner!,0
/me BGL -> f77hvh2406,1
leader : Ohgiuhqatzrtpud9Rfopt2Nwk5Mcouoa,0
/me CASINO,1
/me REME=WORLD86361,1
cheap midnightblue mask at wr86ld.,0
/me GO Dl WORLD54513,1
/me QQ fhnoxev9,1
/me C/'S'N:A0LIGBPI,1
/me (sn|bgl|PjpbfxnGeq,1
nEMoOL9649 open now guys,0
month374 is open,0
/me go Col for platform.,0
chargechargechargechargechargecharge,0
rate the persevering explicit knowledgebase in Z34R79,0
/me QQ/w9hsebl9h,1
/me BJ//CASINO=EH0MO,1
Relate catch,0
/me mi-n::Bgl=eo1d6cyc,1
Does anyone know film apply,0
/me turk/rm=REDUC,1
/me JOIN majunsbvis4714 d1,1
/me lets go lets go lets go lets go,0
/me CASINO CSN Agxft7Vfsu,1
come try parkour with friends guys.,0
/me 8eje=Xia3t5,1
/me Qq,1
/me MIN4:catch,1
/me GO bj=Mqwbz96,1
/me min=CASINO/hesmshoa0,1
buy doors 6per wl,0
/me bGl ERTER2O6,1
/me m-1n2|Bj.|kprstoao,1
Write successful federal product begin,0
/msg Dlytheedymndivohx2Im tURK=he746mo,1
hey follow to guess3908 now,0
/me Beje ny7yfuh60u,1
trade platform 4/8wl,0
/me B E J E==CASINO=tolbbby,1
/me C S N csn C-S-N,1
/me GO CASINO:krz9k4954,1
B_E_J_E C/S/N//MORPROPH068,1
lf full shirt 18dls,0
jump jump,0
/me lets race maze in TNED,0
/me QQ,1
/me qq 1H3M768554,1
kick mcwmeyp5oygvfji4rhenef,0
He4O owner is eAsklSE9FkL2LmNM,0
how much is 1 WL!,0
remove access from num1ozqkdqyee0ha,0
/me CASINO//HMO9654,1
/me RM:X5Zugghwy6,1
Csn on husnrbjus004,1
/me MIN//C5N=TOKANLERS5,1
/msg S0HTSBYBC2N7XOHRLABQ BJ//M056Y,1
/me Q'Q/b.eje::Qah7hsk7z,1
/me Q/-q-wl-MAN,1
/me CASINO=WORLD2273,1
go my world c7ra please :),0
/me rm prcas4kwlplhm1,1
looking for turk friends,0
/me GO GAS==fc8P0k789F,1
play challenge in BCZPA428,0
how to splice!!,0
go now go now go now go now,0
RANB4 owner is wbshxkzgnya2ktbmg8pw.,0
access given to Fxtgrti9Sweugfynte lol,0
playing versatile impactful neural-net when free,0
/me MIN=WORLD48503,1
/me BJ//WL:tur/k=dz18x,1
who wants to join parkour.,0
luMM45G591 owner is HKHBfmCgU6Wzrcm2ioAqa5,0
/me lol!,0
/me rm/wl WORLD83939,1
/me WAELEWTZ930 open now please,0
/me MIN/C.S.N=wzrite68,1
how many wls is this,0
check my maze called t9rosawschip0080 guys?,0
join us for enjoy in ULMA6438,0
/me 8j=w165rl,1
/me g.a.s ter998oc,1
come join grass-roots directional forecast at sin,0
84p3j4m5ub030 has water xD,0
can someone help with town meet role?,0
/me WORLD15728 Dl,1
i dont like Csn?,0
/me fun event in p7iie!!,0
/msg Urntt3Rzaxndpmosj5T5 turK-Rm==f79lqpwhqnrnox,1
/me DL=certa,1
there is a c s n spammer here!,0
/me D/L/R_E_M_E=FGtfO,1
/msg F8W9Kxc8Sxuuhrlmiwfnqxfh CASINO=dxw3rlk,1
/me Qq//QQ//DL,1
xxxxxxxxxxxxx w-mbc_z-kh omg,0
/me join streamlined tertiary moderator with friends anyone??,0
sell bait for 18wl :),0
/msg B9ayjguIWLw1ceh1KTwLDLRHE8 QQ=WORLD97007,1
/me r/m heaydbln0,1
/me T.U.R.K//Wl//W1//Q.q=cyaa916,1
/msg TRQMUygNK2VDZ5ygYys9eUA3gM miN:TUR'K:Bg-L==ehjb932,1
help with quest in need085,0
/me Q/Q,1
/me safumti4 TU_RK,1
help me in pln if you want,0
/me casino:DSKSUR5314!!,1
/me b'g'l=xosja0714,1
/me Casino=CYRD26,1
/me rE_ME=MAIMiy143,1
hey go 4E713XA guys,0
/me hotpink shirt 9bgl!,0
selling item for 19/wl,0
fun extend scalable action-items in TUXFECTG89 lol,0
/me r_m bgL hmssa9,1
help me in HRM0848 it is open?,0
rm Q8XZFCSYSJULDJFSRGDAJ9P1 from access,0
come help at J6P3FJ bro,0
/me QQ,1
/me QQ//Qq bgn4kvc,1
wait,0
fun event in ozrare8?,0
sup come here thanks,0
/me admin added f1dka1l3nkbenxoxgxppsbzcx1ib,0
help with race in Fish,0
cnwtiafjzvme,0
relog,0
is the owner here,0
how to farm?,0
/me CASINO:he61,1
going to facilitate rich functionalities when free,0
/me buy eMPty world key for 9dls,0
/me help with puzzle in G127EM xD,0
/me C-S-N:W29KBGBRMLK,1
/me wl/apxbrmu9lp,1
help me in aist5 when free!,0
is 5 wls fair,0
/me m'_i_N//0KNNKRUMYYN,1
/me QQ=wor402yaf,1
/me BEJE | or9721 | um4441 | BJ,1
/me GAS q'q:WAY49,1
go quickly go quickly go quickly go quickly,0
is vend empty.,0
shop open ZZJOUYW1161,0
Csn//riv41o,1
TURK friend JagRErcls8dtSUDTcbqX,0
/msg ppJXV2MmvXQ3ggcfGXJlk9m4IU REME on t4d5tbrqrf,1
hey follow to song6667 bro,0
KzcBmWryIpsFh qqqqqqqq,0
my world is Q4BC2964 now,0
help me in HAEMANICKIS130 bro.,0
/me bg/l R'M=hegm34osa,1
/me GAS=oqc2pcj,1
/me T U R K TURK,1
testing maze in H3055M41755 :),0
wo07rl open now when free,0
/me g/a/s=QQ=zbtbrnmky,1
/me RM,1
/me wait,0
/me WL|R''M1|WORLD61508,1
door id is 5893,0
lets come play quest in GICOB7513,0
/me QQ CSN TE7ROYYAM,1
/me m1n/BGL/WORLD51128,1
how much is class question include,0
/me M'I'N for x340eoo,1
who owns this world,0
/me W:L BG.L dL,1
/me QQ:330worhd,1
/me come help at 3M3L580 ty,0
/me b//gl=5pd5uk423,1
/msg Iic4G8ZQZ5K9T1F4 r m=TALK0588,1
/me we play focused attitude-oriented framework after farm,0
h3m0542 owner is bxr7ysr0e4ccx9peo4xaquqy,0
/me R.M:3x4900,1
/msg C5VQVDV4V2F3 G4S=Teroa212M,1
check our world OR3L637 pls,0
/me DL,1
/me MIN//lry292,1
come,0
/me WL D-L HURSTPROPH54,1
join games for a minute,0
wall : 11dl,0
/me REME//ask,1
/me D'L=Arro4,1
follow me,0
/me B91 casino emwigy,1
/me Wl ca_siNo R-E-M-E.,1
avoid casino worlds,0
we play maze if you want!,0
/me W/L,1
/me miN d1//1u8ejk,1
/me beje rM Turk=DL==WORLD5737,1
clydjiaquyhink tuscfrellhnnqm,0
Push change thought president add walk church hard eight production natural lawyer know,0
/me b.j::QQ|bej3|D:L=QOMNGgGMIN38,1
/me TUR k=CASINO:Quirtxvio46,1
/me QQ=WORLD56919,1
new world OLQZ62 pls,0
/me C/ASI_NO=Reme:zor2i13a,1
what is MIN price,0
testing map in hemmffsa125,0
cool farm nice world,0
is casino banned,0
World join available yes edge his training husband be throughout!,0
/msg spxyr6g3nknxudy5nqtns5zjynsd Bj=CASINO=D1/X3399MM,1
cheap seed at lol4r,0
Little beat beautiful?,0
/me q q=lose,1
/msg zfsly0xamewbjhers9t3e3sibedj crystal:6wl lol,0
look at the world called WOULD10 need help,0
/me BJ2|R'M,1
/me some//MAJORII8,1
/me C/ASINO//CA$INO STO,1
/me help me in ensemzljjdys1284 now!,0
/me min|g a s|IPACT,1
/me reme Gas tzttrbmbb,1
change BGL to wls,0
/me hey rate n3x4,0
/me CASINO,1
CSN:4j8ZqhrWKA,1
/me Dl//gas:Dl -> GtpA97mZ1l,1
doing stop at HHH3M548 guys,0
my world is hefl8 need help,0
join to my farm 71CP47HY92 ty,0
i hate BJ!,0
rushrushrushrushrushrush,0
/me Bj:81h0de,1
/me MIN//DL SOMETHI458,1
/me is this world public?,0
/me Rioyapy6Z QQ,1
/me do it do it do it,0
dont go to w088olaf they spam BEJE,0
/me bgl=re-me-WORLD23049,1
play puzzle in x2343mc0,0
GOJrLD364 has display block?,0
/me TURK/xpwdywq6n,1
avoid casino worlds,0
/me CSN | wl,1
can you follow to 5zzkrfp771 guys,0
/me dl//WORLD79480,1
Multi-tiered background conglomeration?,0
access of e953r8yam is VLKCH8I6,0
/me cheap shop accepts DL,0
mod please check gamble spam,0
control little laser grid:2gems,0
/msg antebiyaemnpsgf4d4kzcbgme8 csn/C_A_S_I_N_O WORLD48834,1
my world is worl5a2 if you want,0
/me Wl/QQ KGZ2P0ntw,1
/me Casino=Nfwmu26W,1
help with parkour in NOTE58,0
/me darkgoldenrod shirt 58dl?,0
/me BJ:WORLD39039,1
/me CSN//WORLD71778,1
/me WORLD45608:Casino,1
/me gas=abflgsat,1
doors 780 gems?,0
/me c.a.s.i.n.o//BGL=qq=cASiNO::mAY132,1
/msg Fzf3Cvr9E0Dfqwald3Pdwobwiq B_EJE=FUT,1
/me Q:Q REME WORLD67758,1
/me cnqin9pct CASINO,1
join my vend - r2pnxl0bog?,0
/msg omitm1kzkpnuonlalqfdabnx qq=WORLD50932,1
/me CSN::XpQoVkck!!,1
/msg cjz1log0snlwfmys gas5=TOWA640,1
/me D l:RM/jewqg46pw,1
someone explain casino.,0
/me QQ moosa23,1
/me JOIN c s n|WORLD92364,1
main hGHsT7HmtRAiMfdkKykY!,0
/me R M8 gas B8A4VFLDA7BZJ,1
/me C.A.S.I.N.O:MOS9I15,1
/me Bgl/R/e/M/E=ZOR0365,1
/me Csn c5obbfxw,1
/me b:ejE=EOROYAM92,1
/me CSN//WORLD40760,1
Mean while set play purpose treat system listen!,0
/me wait,0
/msg QZS0NJRBY5JJG2VBHNKRFSTIZQXK DL:CASIN0=IbCzl,1
/me vending machine:20dls,0
/me DL DL CSN,1
/me TURK//MIN=HES0OSSA7,1
/me B-E-J-E=WORLD88069,1
/me dL,1
/me hey enter H217MEO guys,0
/me CSN BGL REME,1
/msg GwevIrgDSlN7I4hD QQ CASINO=WRLDL6,1
/me CSN loOk22,1
how to farm!!,0
help with puzzle in MR ty,0
doing challenge at heemo45,0
/msg R3VRWVJ5Q4NSH5K9KIIFV9 turk/Qq/casiNo//DENTYWOR6154,1
sell display block 45 gems?,0
/me CASINO//GAS=M044669,1
/me Min//WORLD53689,1
i dont like casinos,0
/me B.GL=CASINO-Rem/E=H263OESMAS,1
qq bro wait!,0
/msg J2Rfg2X0Z2Jkz1X0Efen G aS WORLD93094,1
/me CSN//1n3,1
/me B/g/l/BJ WORLD15026,1
we are doing quest right now?,0
/me surg shop xemoo157,0
testing nor in xej37mo bro,0
/me G_A_S/B/G/L=WORLD31691,1
/me CSN=bj=te3rr,1
charge quickly charge quickly charge quickly,0
door id is 6501 xD,0
/me min=Xgh2R2QaqDk,1
/me Q/Q/c A s I n o=V45EW,1
selling GAS mask,0
hello can someone help,0
/me FREE casino::wuwhvy,1
/me TTERO2874 BJ,1
/msg jzU6jPylcctujyr0d5 R.M|TURK=pln2ff,1
/me Gas=TURK Qq t_u_r_k G'A'S//owv9btzx,1
/me world n8yl4eplj is open guys!,0
DL is just a word lol,0
/msg t1r0bephzmwdq3ilpuwam6w9hyre we play maze with friends :),0
BGL-BJ-q.q-BG-L=lmppu609,1
/me QQ//Wzix69G,1
Admit capital husband body figure direction front career pretty meet!!,0
ZSGO2584 has slategray geiger,0
/me Csn//W/L HES3XOSA,1
/me be//je in 4LL0W42,1
new world b341373 it is open,0
/me csn/CSN H99565M00554,1
/me BGL/p4m9s,1
BGL-tubspec5,1
/msg pxy5F3JGfBrXc5a3BD BJ:ZO734RA,1
/me CASINO=WORLD92554,1
/me M'I'N,1
/me someone named world exe said BJ!!,0
where is the white door,0
/me report worlds that advertise csn,0
avoid REME worlds?,0
pc pink background 4/1wl,0
door id is 6848 :),0
we are doing event in this world lol.,0
/me WORLD45923 turk,1
meet at M60054 for minigames.,0
/me BEJE//w/l WORLD50237,1
m.i.n=NEESFUSRADED3,1
/me b gl/Bg:L/b.g.l S7Uthloc3613,1
/me gaS::TURK-Qq-W'L-M_IN//WoRLD42356,1
/me M I N bgl//m'i'N,1
/me CSN/QQ BUFQP77L4,1
builder is Zmy3LgjxtQoDz2kD,0
WL=ycrn531,1
Dl|EGOM8502,1
QQ is just random text,0
hi :),0
sYlkr553 has power toward wrench,0
/me TURK,1
fun dog in FTWSX9LW,0
rate world MOS1ME6 ty!,0
/me Casin//O C:Asino WORLD89395,1
do it please do it please,0
Cs.N:06WRLD,1
/me d:l=B.E .J.'E=DL=te592to,1
need help with farm!,0
Me rule message,0
/me RM:Beje//Om6KZ,1
run run run run now,0
/me APCXLGDPO8620 open now now,0
anyone want to come play games when free,0
/me bj:G@S//EmqLO109,1
Why near out analysis view best another,0
/me q_q=dhrhpoxab,1
sorry,0
Q'Q,1
come help at x1233m0 ty :),0
avoid mai967 it has ca$si-no spam,0
/me CSN=WORLD49966,1
WORLD62792==REME,1
/me CASINO,1
gasgasgasgasgasgasgas?,0
/me b j//ydceb1,1
/me M1n/r/m ebjfn3r,1
/me BET V8JidG,1
/me (Asino4=ARYANNTEHO907,1
what means RM!,0
/me QQ,1
/me BJ TURK,1
MIN qq hemo5,1
selling hair in H35M5054?,0
restocked geiger shop OPTXEE60 :),0
world ZROOA502 is open ty?,0
/me XXEOM8 is open guys?,0
password changed!,0
/msg bSKGhMCeAyRvvML3YSLJr2bB TURK=B J::WORLD86444,1
not every csn word is an ad,0
/me CSN BGL,1
come race challenge this round guys!!,0
Charge understand purpose history machine third assume party,0
/me HAZESTIL277 is open when free,0
/me c'sn=73r0y4m6,1
8j=EJ9xUCNUXjcm7H,1
builder is Uhzaftw0Vkjqb6J6!!,0
do not go to c-a-s-i-n-o xD,0
can someone open the door.,0
who wants to come play puzzle,0
charge charge charge!!,0
Describe movement left site others beyond simply case never wind lose,0
/me keajaniwort407-CASINO,1
rate world meuseings9920 when free,0
come our world - toriibsh5103 guys,0
door id is 3296,0
come race balanced modular paradigm when free,0
/me reme//bgl Hesmoas6,1
dont go to cjrljs4cs they spam C@SINO :),0
Re-engineered explicit instruction set,0
/me CASINO. Reme,1
new world Hesoa5109 it is open!!,0
remove access from O9ETOQUTZEU5N2HFU8XGX3ZJ?,0
anyone want to play puzzle when free,0
why do people say casino,0
/me D-L=WORLD40638,1
/me B.Eje//BGL//QQ -> T114ROYAM,1
/me rate world TWq868o it is open,0
/me FDFTEDB7JWLNDY::mi-n,1
YHDQ5ZDN561 is open when free,0
price check please,0
can someone help with bit learn,0
lmao,0
gas gas gas gas gas :),0
go now go now go now go now go now go now,0
rfayyvii6133 is open ty!!,0
QQ is just random text,0
/me RM:2Kru9F93C66,1
uu'uuuuuuuuuuu'uu,0
/msg hoa6ojvwhype CSN=argue304,1
pull ibcsbklkp2llz0q1fydpkdphtmv6qm please,0
/me Rem3/ca$sino:zoR9A,1
np,0
wrench O2Lin7Probmzhebnlr?,0
3HM54642 has sign.,0
/me check my storage:COSJKNIAAUTO0261 it is open,0
Plan something provide so prove scene of!,0
/me RM,1
/me dl,1
/me BJ/rm=mctdlfizp,1
join my world:cbzgqm5851.,0
password changed!,0
/me G'A'S=bgl nhr473d45un8769,1
/me help me in Fill ty.,0
/me bgL QQ G-A-S,1
need spring cape paying 15wl lol,0
/me DL CASINO,1
come help at w2815Rp bro!,0
/msg lawfhnzyyfggfjxxdzjpes dL for WORLD45047,1
/me CASINO:C A S I  //N O=WORLD5379,1
/me D/l TURK -> GhKLoZv07K65,1
/me QQ CASINO,1
looking for dream house laser grid for 13per wl,0
/me RM rM,1
/me wL8,1
new world T8424ROYAKM,0
/me REME,1
rm Ygf8Uhxyvgfljpqpkr from access,0
doing parkour at QVFMN48B,0
/me qq dl A6C4SCKrX,1
/me GO CSN-saulku,1
can you see seempa0lmrl20 please,0
can you look at bwor99l when free,0
/me M/I/N//DL3=WORLD34681,1
/me rEME,1
/me R//M/Min ltuqhfb,1
TURK owner is d0kcviqkqpigw8a7oa!,0
/me MiN?,1
/me Min:gas/BJ:cxipqofls,1
yo,0
go skelfaint0276 for cape?,0
letsgoletsgoletsgoletsgoletsgoletsgo,0
restocked geiger shop BM115493,0
himself main crystal costs 9gems!,0
e6xm has cas1no spammer.,0
lets go lets go lets go lets go fast,0
/me BJ-D'_l qq,1
why people say WL,0
/me W L=WOR93L,1
how to make wl,0
/me GAS BJ=xvw6n5cq,1
/me min//terte68,1
/me RM=B E J E:Dwqqybn,1
come help at EHSMO1A9523 when free!,0
/me can someone open the door,0
DL:757NCKJHN0QM,1
door id is 6963,0
brb lol,0
/me Wl rm FACT,1
/me W'L-7u_rk/gAs/G-A-S/hmfx4n,1
/me W .L/rM UKAKKGC351,1
CSN//WROL03,1
/me GO 6j4i3a379hgr rEme,1
/me BJ//8$eJE=pmfxs1t,1
/me ban BCCQFZEGBGY8GMQ8 from world!!,0
new minigames open in NTOVHRH420,0
/me BGL Dl,1
/me REME QQ c3kxvscpgc,1
rm SEZ0DJJLBVBLEFWKQZRQJJ from access,0
come help at ssiz01ff it is open,0
/me csn:CsN 7_U_R_K,1
help me in 3FF3C7 ty,0
/me beje GFMHEES002,1
why do people say casino.,0
/msg bbx5UMDbMxfyp5m3 TURK-C-A-S-I-N-O-MIN:teroym71,1
rate the event in SLATEED1738 bro,0
DL wvwztpych,1
E2WaA8h1Esg1DP owns this,0
mrrgjrlcnn!,0
join us for event in m0946867!,0
Turk teroyay41m,1
/msg IWDWL4MQPIREZFEV Beje:Mov15,1
cheap portal at hwx35zqg?,0
why am i stuck!,0
air detail wing 74per wl,0
/me CASINO/CASINO/Dl/kxc1777,1
cool farm sup!!,0
darkorchid world key : 6 wls,0
/me Bej3,1
/me Tu'Rk///(a5in0///min,1
/me bgl:meet,1
/me Rm WL CSN,1
/me ugfcgixslc/GA5,1
/me Ca'Sino=ykxjckfohg13w,1
/me qq CSN=WORLD68665,1
/me MIN:xem7981,1
/me Bgl//Casi:N0-q/-q:EVER39,1
/me Beje=3jV5bm,1
tseroglalla003 open now bro,0
/msg dyj1wtq9cpr5canlnffss8c7p2 world owner HQTCFEU8TIS0PTW3O1B0U7LKLC,0
/me CSN,1
(/S/N|DL3|ETHSE0,1
going to minigames before we leave,0
cheap goldenrod checkpoint at fg88buol :),0
/me dl|G A S|RM|d l//BE:JE//Pihqk6Uaf,1
/me Qq//R M=WORLD99374,1
/msg qxvhvxdbjchtmoqx REME in KABUJ6,1
main of m31645 is N0iXEySwWINM?,0
meet at mowo2rl02 for parkour,0
/me caSInO//ngf9x2s9o,1
/me B3JE=Min=REME==5P3638,1
who has access,0
password changed,0
NEWSPAPE9335 has geiger,0
/me Min//BJ=aibmhcn8s,1
play reactive demand-driven parallelism in tppl8j64,0
zcbmwry$i$psfhkz GjlxVNqETuoAd,0
wrench Asx3Str4Roayorl6,0
/me CASINO,1
/me Csn//G AS=kcVlU6utKp,1
avoid CASINO worlds,0
/me beje=HEMAS298,1
/me CASINO//X4E7,1
cheap shop accepts DL,0
/me beje=C//Asino/Qq/ReME==PHFQZW86,1
/me B e J e/world43767,1
/me w/l:BGL:M.IN=A4UWSFVYL,1
/me QQ -> mi.n/Gqgzgx,1
/me new puzzle open in hegmosa23.,0
/me turk oxv78q53,1
/me Csn EPMO90,1
/me GAS 7HEMO4SA 8eje,1
/me gchaojurx Min,1
/me BGL TURK:fut0306,1
/me JOIN ri7vtoo DL,1
/me QQ,1
/msg n5lzkczbybfh T'U'r'K=lygrlj,1
g a s-m1n bonfvjx42,1
/me r-m Qq-HEMMO68,1
/me Dl==WORLD42689,1
mod please check casino spam,0
/me cAsiNo:c.sn,1
/me Rule doctor face white scene property two huge,0
/me block shop at W0LRD0 xD,0
/msg Nkyetpjjsjzsthh3Ru farm shop XMOJ72.,0
/me Bgl=bapcancou377,1
/me Qq | CASINO | wl,1
U7D8SRH open now bro.,0
/me T:URK,1
/me SELL WL:SRAED84,1
/msg G1TCpYqHW6TrOTRB join us for minigames in ETRO9AM1534,0
hello can someone help,0
access given to Nsjpwnljj1Hkt2Xjcgmbp3Xj,0
Xnvipraqg eeeeeeee???!,0
w7marray2s04 owner is khmhadcxv4pdxsh7,0
/me TERROY528YAM DL,1
rm Bwtmrdh8Rpzzwzc7 from access.,0
/me QQ,1
lf vend for 15bgl.,0
Recently behavior BEGIN word street earl y,0
/me CSN/dL/G_As/R M=CQ51VMNH,1
QQ why door closed.,0
fun race in 6SVF9P.,0
access given to W6wpu9rgc7XKR0qNK0I6fs,0
/me rm/WORLD4769,1
how to splice,0
/me CASINO:worm9,1
Casino sotxf502,1
kick utnos1eks7m4.,0
go w0l4f7 for mediumpurple shirt!,0
come try race when free,0
/me Qq//DL taryz15,1
new world WO25L87D guys,0
CSN=gkxfa9vv,1
/me doing race at ablgant4!,0
/me qq EROYAM0,1
/me can someone pull me,0
Rm/airfslhsuc4556,1
/me rvvv0794:che21:CSN,1
/me BET CASINO==plf0nvm1u,1
/me bgl:rCZxxeqt,1
Road cultural foreign lawyer,0
how much is 1 DL!!,0
fish shop INYREN5.,0
/me Wl/M1N/B'G'l/R.M=maoosa4,1
Yes training adult agency still tax employee remain onto chair drug brother hard?,0
/me CSN TENIVEPART969,1
where are you,0
/me tUrK,1
thanks,0
/msg qrj9vfp4htxrn2z7lqleiu QQ|cbknnhcp031,1
/me G@S/R-M=oevmp4bx,1
/me dL//W0R82G,1
i hate BEJE!,0
/me pc shirt for 727 dls,0
/me BG1//W L//ESBwmhdi9143,1
/me BGL=N0K7uEKNT!,1
/me move move move move move,0
rate world wr8laf8236 when free,0
need help breaking blocks,0
/me B/G/l//Rm HE788M,1
where is owner.,0
/me WORLD59083=Turk,1
/me QQ 0rRdquu,1
/me Bgl=CASINO=h3m05,1
he69mosas has public dirt,0
/me q'q==ReD91,1
join us for your in WCSZ056,0
lets build scale enterprise mindshare in N7713X4C.,0
/me QQ=zjgtjnhe8ect,1
rate world LUSTIONHPAED2.,0
/me b_J/cs.n/Qq,1
lagging so hard.,0
ban Iee9Mmxnavvuu1 from world!,0
/me rm:8Gle=dl=69rqgygz,1
how much is this item!,0
come to my vend 5asfoy28 when free,0
help me in 32mbqpsqxv pls,0
come help at hefm0oSA need help.,0
world owner Szphdbqhgindv8G3Tdytnr,0
/me b.J:never0819,1
/me D/L DIR,1
w7iaE4dOaScvy7d9FSCSSd owns this,0
/me 8j:W//L|Min|G.A..S9|c_/s/n==nickexmo0,1
go AGREEE6 b_g_l,1
/me REME,1
/me dont go to 5DM1L489 they spam c s n,0
Chair deep three main young program.,0
/me CSN//kcfox2cw,1
rushrushrushrushrush,0
where are you good shop np xD,0
/me Dl R e m E g a /s,1
/me bg.l=C45INO//TEr8o198,1
/me WL//Ibh7Rpx2,1
/msg qAKjfyucbFRzswnBg9 CA5IN-O/CASINO:o8xsa,1
/me RM//PERF77,1
how much is 1 WL,0
/me B-G-l1=WORLD6733,1
where is owner,0
/me lets build parkour in f63m54 guys,0
remove access from uiXxqwTIwMp0j7caDxy7SeH0?,0
/me c/a/S/I/N/O//figure,1
QQ pls,1
chargechargechargechargechargecharge,0
N1Smq0Koveymx1Xtrdrykw owns this,0
how to make wl,0
we are doing games with friends,0
/me cas1no/B-J s5jgd8o2s9,1
new world hm352 when free,0
QQ=R4I32,1
/me gas=Reme=Wbptrqi,1
door id is 8201,0
/me Rm Tueroyma651,1
who wants to come play quest,0
/me qQ//C.A.S.I.N.O=VIPDC0,1
push push push!,0
/me g-A-S bGL|reme|M1N//xem70,1
stop saying CSN :),0
DL shop - mossa9163,0
/me i need a door,0
/me jxdpv82fv6 DL,1
/me CASINO:W988KLD,1
/me TURK/cas_ino ribmtlre,1
selling item for 8dls,0
nice world,0
access given to Rgnmacqbhilzvwt6Pdx9Zs,0
/me turk=BGL3/Gas/WHICHFIEDBUILD650,1
d L//d L//d L//d L,1
/msg Xpk5Sag6C8N7Gkbaonrz REME9=PIKESCG7,1
/me GO CASINO::XX35M0,1
/me w'l:DIN9968ERDHAW,1
MI/N price 8dl!,0
please RM access :),0
/me R/Eme//hEMMSa8371,1
zc.bmwr/yipsf-hk lllllllllll.,0
/me beJE|beJE|beJE|beJE:Qq=WORLD48263,1
/me min//WORLD53529,1
/me come help at 6XUNM9OJE need help,0
letsgoletsgoletsgoletsgoletsgoletsgoletsgoletsgo.,0
lock in vend 53fgke,0
8gl=yeepf1,1
Material local continue,0
where are you,0
check my vend called X3F353M0 pls,0
selling item for 19per wl?,0
buy seed with DL!,0
/me rE/me//HE82MOO,1
/msg Zkr3Pdm1X0Yccpzkuc enter my world l328r0 ty,0
/me CSN/Reme|GRFO0IHY0,1
going to puzzle right now,0
/msg dmewishedlvghkepprcqvlo7 RM//Fu87O7Amzz,1
HELLO can someone help :),0
/me QQ 0q7UXfvRn8F,1
/me R:M/LWROLAF149,1
how to splice,0
/me R.E.M.E//WORLD1834,1
CASINO:THEM,1
vends open hcmso05sa,0
/me Ebamfapcaqfrg6Ilbq keeps saying BEJE,0
/me b'j-TURK/cs//n/WORLD99729,1
style portal in vend ex240ho.,0
/me (Sn=POLUG4844,1
help me in IZERPHA55!!,0
follow me,0
/me admin added nur2ujlirij1vcoldaop,0
/me GO ds2hu3lf8j9uuu Dl,1
/me casin'o/Ga5 coptdeee,1
go M05545 for cape,0
there is a casinos spammer here!,0
Join ready yourself late visit nor response five tough than,0
/msg tey8zqfif7iz B-Eje//Turk=XME831O,1
/me q-q//c s n//Min//Bj=pub8ic9,1
rushrushrushrush,0
/me CSN=bj=my020754=CASINO,1
/me PLAY M I N-yex9zaeac,1
/me GO jdn98gn QQ,1
/me REMEE:WORLD78488,1
come try games It learn tax beautiful debate,0
geiger - 1wl,0
need 1 WL change,0
Consider audience Democrat,0
block costs 11wls?,0
/msg xtljgxtsvxiixeyptjevum bgl//beje=WORLD83461,1
/me CSN CSN lUAGgD,1
/me MI_N//WORLD75450,1
/me REME|nddyxxo3,1
talking about gamble is not same as advertising.,0
/me hey look at EGHT46 it is open!!,0
wcjpevdwzhhwi0udyh owns this :),0
dodgerblue song in vend msee4ves19z,0
/me B9L WORLD2938,1
/msg r1p5vxxpt7x8aurx world north7308 is open please!!,0
gas gas gas,0
cheap shop at mta91inzj!,0
look at the world called dee if you want,0
surg shop open 0M5488!,0
new world x9588mo pls,0
/me Dup2uhOPg//BJ//re//me,1
/me M-IN ISCHLOAN25,1
reported csn spammer,0
/me Qq//RAQGM87,1
need song 1per wl!,0
/me qq=KIN2,1
revolutionize collaborative technologies,0
/me CsN//TURK=1l96fu,1
/me CSN,1
enter CCHH28J29 when free,0
/me CSN//wbslrtv,1
/me someone named world wori8laf said REME,0
selling item for 62gems,0
/me QQ|RM|RM=night12,1
/me C.S.N//WORLD76039,1
/me C-ASINO,1
yo?,0
/msg T3lljoT6RrjBC7C4 d L join MH457ELO,1
look at to the world h6m50454 please xD,0
/msg zdVsixvC CSN=7Kwsypbv,1
/me REME//GA'S=POSITIO5434,1
/me ZYB1KPKWS G/A/s,1
/me G@S/q- q-csn-QQ ZKRA7977,1
/me world OA119 is open if you want,0
rate world 397R0 when free,0
/me remove access from bzrgb5tkwbj9furolp!,0
what is the price,0
/me beje:WORLD36703,1
Why floor exist option?,0
EqnVXL?,0
/me can someone wrench me,0
CSN,1
/me c_s_n-DL.,1
/me qq=m1n::diatcalquadaets312,1
/me wl=he1oaas,1
REME:zksfxl13,1
/me gas DL sziit1,1
see my world 51273N570,0
/me d1-BJ=saxlozs,1
/me CSN ta9phzpt63gx1,1
/me B E J E|reme|OzIwnz00322y3X,1
Film particular support.,0
/me B G L//bG1=Po8Sa,1
/me Q'Q//Q/Q hktmn5,1
/me C.S.N!=Reme=y8lkwhp9tu,1
lmao,0
/me G_A_S R_e_m_E|Bgl|TURK|RM:Morvalu4Z8,1
/me JOIN BG.L/irh0ll,1
can you try mo999as bro.,0
Product develop eye leader agree bad but response expect difficult federal moment bad sea,0
/me R//m-bj 730r2,1
/me BJ:afboci,1
/me t_u_r_k C_S_N,1
owner takes WL or wls?,0
/me csn//QQ=MAINWALGB29,1
can you open door,0
/me n7m5suo2rde:DL,1
/me new minigames open in W1ORLD.,0
/me GO iq602mhd BJ,1
why people still do cas1no?,0
Itself building born explain focus vote!,0
/me REMe:WORLD2891,1
Universal optimizing help-desk.,0
/me w'l|w'l|w'l|w'l,1
/me Qq mi:n wl WORLD30896,1
/me kick K0VRHKF2AAPZIEU9CWQCDGG1WA!,0
/me bj=rolshoverr4839,1
/me C/ASIN-O//7355R04,1
join my shop=WL54P92 now!,0
my world is MEDICAL guys,0
/me 8GL,1
can someone help with hard affect I,0
new world GMZY2UF pls,0
dont advertise casino,0
/me CASINO=xxem45,1
/me NOW r-e-m-e ldovvpxhfm,1
/msg B6X7TDIGF2 REME|zxz5zyai,1
come test type with friends?,0
/me eqnvxljgd,0
/me Dl:oxmy7xmci,1
Less admit through class figure young decade his thank pretty mission later tree program!,0
help me in X3780M0 need help,0
password changed?,0
/me play minigames in W94WORLD.,0
WL QQ,1
/me DL//8EJE::BGL:4R1N3P07375,1
vend at r38a4i2b5 ghostwhite sign,0
Profound hybrid knowledge user,0
/me can you visit isinghmoath32 please,0
come join aggregate wireless interfaces when free,0
CaSI//no CSN,1
push push push push push!!!.,0
QQ why door closed,0
Hour green movie idea!,0
Whether short religious yeah beautiful always start,0
change WL to wls,0
come help at WRLfA6645 bro.,0
lets play event in TM59O anyone?,0
QQ why door closed,0
vfncjrl5813 open now need help,0
NOW z8oa0781 CASINO,1
/msg mcdmbayie4dwmar6sus7dsvszga4fn R_E_M_E open hhmio40,1
/msg o8djmxrbcwtkbjsifiepg3apa7 D L==SDvCUr0355,1
lets come play minigames in soldie3345 guys,0
/me b//gl Turk/GA5/W.L,1
lag!,0
/me CSN!!,1
/me Q'Q//B J3=LIVK4,1
/me r//m:CASINO::vipy09588588,1
new world DO92RLDB now.,0
vend at 4RRNA fresh checkpoint?,0
/me CASINO//w3w2CF,1
buying darkseagreen doors msg me!,0
bgl=bej3=WORLD71525,1
/me QQ/T URK=WORLD49421,1
do it fast do it fast do it fast do it fast do it fast!,0
/msg RSPHHPMHHFCXL4MNAYK3 CSN=l0i7b5,1
/me CasINO-t2qxy4,1
/me bj:TLRLSARTN9892,1
/me b'j//GAS WORLD75563,1
play architect granular infrastructures in w2560rl,0
/me qq=EEQTGOA2633,1
lag,0
follow to ticoomsa pls,0
B4XjP9 has chand,0
/msg FvHxQHqKWsM2AnEKAcZlZEkX rush rush,0
/me d_l//tkq1hlv7x,1
Avoid huge home table,0
come my world HEE3SMOSA it is open,0
run bro run bro run bro,0
/me CASINO=TSCLO57,1
/me CASINO//ENT,1
CSN/BJ idx8bkjusm,1
/me W_L,1
/me Bej-E,1
min:50627xw,1
/msg ulj9ynghzhikjt Sharable global forecast lol,0
hey follow to q52n31 it is open,0
hey rate NEEXA01 bro,0
Stay save.,0
is casino against rules!!,0
/me FAST 3FF0R70483 CASINO,1
/me r/m m0g775p,1
come here and play result,0
/me CASINO/CSN hAPp0200,1
can someone help with really water,0
/me g:as,1
/me TEROXAM407 Rm,1
reme//csn 9xpqtesg,1
/me CSN CASINO,1
what is the price,0
/me GAS M0852554,1
/me bgl/CSN SUMM403,1
Fast camera drug sense put lead lol,0
/me vend at ggivekam7735 empty lock!,0
/me Beje//uwx8f6cs!!,1
run run run run fast,0
/me casino dl/R.E.M.3/csn,1
join minigames Multi-layered zero tolerance encoding,0
/me BGL WORLD69904,1
/me C S N-jkfdlbs,1
/me QQ MILLSTUXK8,1
cheap sandybrown seed at hhe45mo!!,0
/me CASINO//B.J=EHS75MA,1
/msg ATj5OcFdQFAb RmM5AWQKP9I,1
why people still do casinos,0
/me Gas//w l//TURK:RM/3H3M54,1
/me bg1:qufuor0,1
how much is 1 WL,0
/me BGL//Bgl//CSN 27uj610yon,1
/me REME b_g_l TUR-K,1
is 53 /wl fair,0
/me csn CSN UH3599M054,1
/me dont play csn,0
/me rate the games in g1r3839,0
/me CASINO//MIN hd0jh6wkr10p,1
/me MIN|M1n|mOorBDu6811,1
/msg Hyfvwmwosnyogktijlnn RM zora6173,1
price check please,0
/me W L=wl:BEJE:beje-TROYAM31,1
my world is bmgo16 bro!!,0
rm yWJxRsi7WmeDsvqX from access,0
/me DL-bgl:hesnmosa8,1
/me tu:rk BGL. w.l-hE9821mo,1
/me gAs Zhmgreen8,1
/msg gizfl3ewpxlsfs CSN/tmyvzq7uxiw6,1
/me c s n,1
/me my world is yfw899 bro,0
/me 96b7yji5murg=b'j,1
/me ReME be'Je-5944P0D,1
come here.,0
/me CSN-eeltulh2om,1
/me REME//5LORIDE,1
where is exit,0
Him big security detail you toward,0
doing maze at H7AEO!,0
/me REME 358w6IgSNT,1
wait,0
cs:N=MIN 0M3STD,1
go PROVE255 for seeds,0
/msg FOF0TYDYXING QQ join zr9v9cnj3uaw4b,1
/me BJ 3hm760544,1
cheap chair at ml3o,0
/me TURK:HB18EMSA,1
/msg WKAQPVC2SBZ7E1VTXEF5I9Z3RY reme/R'E'M'E:qabtabhcyx,1
rush rush rush rush rush quick,0
/me mod is haJ6m6H2T1o3pWi3aKC8nzhT.,0
admin added n1smxgl9okftcaykhry3lu,0
zorjka4n CSN,1
/msg tIh9JjXvztgGnZsoEsIxYkOA R_EME at MANARAVISURBSLU5,1
/me anyone want to come play maze this round,0
WORLD39953 D.l,1
/me CSN CASINO teryoam0,1
come on come on come on,0
new world M8305q4,0
doing matter at jfmthad01559,0
/me charge quickly charge quickly.,0
/me WL//B_'E' J'E==EXARCH129,1
rqbszgtqry???,0
CSN//bej3.=MO3SA,1
/me QQ=QQ//WORLD9952,1
/me bgl LLVASV,1
/me come help with minigames integrate revolutionary interfaces,0
world owner Xwmotpjoppusk1Q6Zzhvgp,0
/me B'J8|C5N/734r0r1h43m4228,1
come to the shop H854EMO need help,0
/me Rm TURK Vjzpu46,1
/me 8_e_j_e8|Be:Je|Tu//r-k=V727M748,1
Never keep push choose enough!!,0
going to games if you want,0
/me casino:hsemo6,1
/me B_G_L//s6krfm0825il,1
/me SELL turk=tky5o5pdal,1
G.A$/G.A$,1
hey rate DAREA2 when free,0
grass seed shop x47P113,0
/me beJe c'A's'i'n'o ReME b.e-.j.e=fpoqm4,1
/me B'J/R_M=F8LWYPLVEC,1
/me CASINO,1
/me is this world public xD,0
/msg JRazBJZyScsXTTBWVId7sBfaZ5 CSN to CIBTO1,1
go wor9871 for platform,0
fun configurable analyzing graphical user in in 73rhd09918,0
can someone open the door.,0
/me BJ:aqlyshk,1
join my world 0m54g please.,0
/me i saw cas1no spam in TE8ROYMA,0
/me GO B'EJE//wyz4zc,1
who owns this world,0
/me join assimilated reciprocal throughput before we leave,0
new world COSPFXTREN623G bro,0
/me QQ=RM::RESPO,1
/me Min,1
charge charge charge charge charge quick.,0
/me Turk|(A5INO|D_L=iSGH92,1
world PERS0329 is open,0
/msg bdv1g5js CASINO=hozed,1
need safe hair paying 4 /wl?,0
grass block 85wls,0
come help at prudtee5 if you want,0
/me QQ==ossll6te,1
/me miN/4LR3467,1
/me going to event Public-key mobile pricing structure.,0
/me ga's//RM//BGl M In,1
/me BGL WORLD85970,1
/me Bj//WORLD32859,1
how much is 1 BGL,0
go go go now,0
/msg S1CVXDN5DYMXZOBYMCVBO2TQLQ visit to my parkour Wroola8F when free,0
/msg bvx4uvhbnw BGL=33h5m054092,1
/me Beje=g4vDxK827,1
/me r.m=ehm3712,1
/me Gas//VUrvpUbu42hA,1
TURK friend lagmultjieuct0!!,0
/me CSN=VXQTZI7,1
/me B.G.L//xjaknzhs0h9a,1
/me CASINO=najj077,1
admin added S0Gzlbr0Smycmvoy :),0
Bgl=turk:763r0y4m2,1
QQ my friend tzzdpbclnvxaplnjdls7!,0
/me bgl//mi_n=vrm3ejit,1
see my parkour called MMOALUK745,0
selling wing in w3r557.,0
/me RM//WORLD73532,1
talking about REME is not advertising,0
/me CSN//ever91,1
/me OPEN CSN/X9X0,1
they play something like qq!!,0
/me CSN CSN Cs-n,1
new world hempzo8294 pls,0
playing maze with friends!,0
come run minigames with friends bro,0
not every csn word is an ad,0
/me Q/Q//2lq7o3,1
/me ban ruxdc3c6dwf3gpb2pi from world,0
/me REME CASINO,1
looking for ivory wing 1/16wl,0
/msg zzeyn3rtrhfms5kreng2 b/gl=zdqf711,1
[w'l]:h7onrl,1
come help at O4MSA now,0
/me DL:M-IN=y1cbdsc,1
/me PLAY q_q=WORLD59200,1
check my maze called mprot5enmn951 pls.,0
buy small shirt with WL!,0
/me DL///CSN///CASINO///QQ,1
Who season fall decade all term yes,0
/msg N3CRK5QZHKB1O4DX bgl CASINO::QW1N7M51,1
/me QQ//ga s=WORLD95420,1
new world tte1ro now,0
selling old blocks in W0RRRLD4,0
/me Casino M-I-N:EXKCFU43,1
wrench SaQoLqvHS5yxoRPaavNKJCLn!,0
/me bgl REME xemxr6,1
join map when free ty,0
/me DL lisT921,1
/me g@$///s1d2ym///B_e/je,1
try our world=w0r377l4f ty,0
/me CASINO//MCBALG3775,1
nice world wait good shop,0
/me BJ=AGO8,1
rate world TLYE2 need help,0
/me BEJE=miv88o,1
/msg Welkqudojjh0Y9Btj7U1 someone explain casino?,0
iwu18he owner is W2B8Fqivd9,0
/msg cxl0enegadvdswyatgwx Where inside him have rock success bad material order include,0
/me NOW Ce3Y BJ,1
/msg hgc1mxlyh1habsvm C.ASINO::vzsfqy2nvj6,1
my world is ZW7R4,0
avoid BJ worlds,0
go WORLGF4635 for specific wrench lol,0
palegreen seed = 16wls?,0
/me turk:B E J E:M/I/N:BGL3,1
/me vend at m5445 market platform?,0
/me g'a'S:dnx4c0,1
h3mw05546746 owner is C9NFVET9VSX1,0
/me q q//MIN=h3md554,1
/me is 51wls fair!!,0
/me Min/r_m g3ide33sr6,1
/me RM/b9i1u3s6za,1
/me Gas CASINO knkcuv319,1
/msg YISAMZUMQPFHIRW2SVPSJHIJKJFBNG WL-casiNo:U6Dixdzt7W,1
/me Casino=T'U'r'K=DJMXZ,1
vend at DAUGHT pack,0
rate my world t336eroyaz bro,0
store at xeo2!!,0
/me password changed.,0
/me come help at protect059 when free,0
go XJG10482 for fish tank lol,0
/me t_urk at amv0xtl,1
rate the minigames in MO71A lol,0
/msg n0xDWDs5w5kMOPRMLDWU REME=HHESMOSA675,1
C a S I n O//R-M=ch6a7,1
z0r4900 open now pls.,0
/me Turk B/e/j/E 367YtVk2,1
Casino=eahou8mjg8,1
/me CSN REME,1
selling bait in SDkbYE461?,0
/me Bj=0y2226tr71,1
/me B_E_J_3=BJ=RM=WL MOW8g5z,1
/me follow me,0
/me c'A$'S'//I'n$'o,1
/me C5N on PDC8WPM6T,1
/me D:L:bxuoihz,1
xd good shop!!,0
join us for maze in LIS525!!,0
/me QQ,1
fun race in sea9,0
owner?,0
w l//ju9ytxoot8vbx,1
/me dL CASINO QQ,1
/me DL//WORLD45557,1
how to splice,0
anyone want to watch race with friends.,0
/me CSN//WORLD44535,1
join clearly if you want lol,0
/me QQ=ddmqdaba,1
/msg o1cbmva7piqdza QQ Ss4Ljmmvm,1
/me wl=WORLD14382,1
/me CASINO:QWEORL3465,1
go fast go fast go fast.,0
/me C4S1NO CSN WORLD38891,1
/me nqkcs2gfog/CASINO,1
/me bgl//bEJe=wornaf6243,1
/me W1 T_URK=tr8yam93,1
/me rem/e//DL 0WRL08,1
/msg pqzoe0zgelghq3ugc6dxfzjawu can someone help with section?,0
/me R-EME R-E-M-E wo93ll,1
Hour minute him identify consumer heavy inside?,0
come here and watch utilize distributed networks,0
/me WL/B_GL HE9SOQOSA,1
structure blocks 682gems?,0
can you go NJLCOB897 now!,0
meet at x3352m0 for such!!,0
change BGL to wls,0
go go go go,0
/me WL-BGL-Reme==W0V83,1
/me QQ Reme DL,1
/me D.L:TIL3MDC0,1
/me z015rl==REME,1
/me dl WORLD55699,1
/msg gbr8hbe6ogshqatoy1jdl6hxkl CASINO:CZERSGIMC4,1
Take realize industry!,0
/me where can i farm,0
/me ezg5n5i beje,1
ca$i//no:WORLD31063,1
doing minigames at 737r0y4m!!,0
buying lightgoldenrodyellow lock msg me,0
/msg cgwsc8aei2tmq5a1sugenp Bj h355m005452,1
/me C.SN LEVLCPYA7,1
why people type csn,0
join games Stand-alone clear-thinking matrices guys,0
rate world Mou7 please,0
/me BET:8''e'j'e//WORLD68228,1
orchestrate back-end e-services,0
access given to ubnux3rynf.,0
/me R.E$M'E-CASINO=wv0szbuhd,1
/me Qq-5ELIJH40K,1
/me w_ l BJ=T/U/R/K=Dl,1
/me BGL9 WORLD99536,1
BJ rm,1
/me rem_e:N673X,1
visit my world RU6R7X55 when free,0
/me QQ rin37ynmixlvqc,1
join challenge for fun!,0
need body chand paying 16 wl,0
is BEJE banned,0
/me bj/BG L WORLD40447,1
beje spam is annoying,0
/me WIN M:IN=nic,1
/me r m//u05g0919,1
vend at essinoates124 empty vend,0
hey go zosfchp6 guys,0
min//min//min,1
/me GAS-WORLD84635,1
help me in NKGVK2 ty.,0
fun minigames in 3Xm0038,0
/me bgl,1
Skill push movie effect stock month within.,0
High drug wait together put poor capital one surface,0
rm qAUZQMP2JMQnt5UmrePejObR from access,0
/me QQ Bgl=M.I.N/f1fu77z370eal,1
Rm//WORLD66978,1
/me turk:9qko0jtQ3mlv,1
/me G'A'S|w_L=TURK-zyqdyr,1
/me BJ PATB59X,1
/msg jhcmwaeohjtxzjv5r6whtgdvkg CSN=Z670R4,1
/me CSN QQ,1
/me beje:W02lr,1
report sugar cane:14per wl,0
i dont understand GAS,0
However see side than fast thank,0
where is owner.,0
hey come kp756lzpn7y,0
/me (asino:WL,1
/me (@5inO=B:j-ReMe:hEmMs688A,1
/me BJ|Beje|T//URK:WORLD77698,1
/me nice world,0
come help at ww45orld now,0
/me D1 XEHKEO5,1
/me CSN=LJVKS8114,1
/me R M at WORLD77193,1
/me come help at HEMOSA61 now,0
/me W.L:WORLD12750,1
follow to wor0925 it is open!,0
/me T-U-R-K W0RL24,1
i speak turkish,0
/me can you open door xD,0
join race right now :),0
/me R//E_me,1
/me BGL D L,1
/me CASINO WWOR87AF,1
/me B_g_L//q.q S5PNXFJW3S,1
mask in vend DFE3AQ?,0
/me CASINO:tJKajva,1
CASINO/WORLD42225,1
good shop sup,0
b/j/BEJE/BJ,1
LLZ6VR5TCZW has heavy crystal,0
kick q3v2fms2dnlhvf,0
/me G/As/891/WORLD71274,1
/me dl=BGL=xgwjd4ej,1
come watch event this round lol,0
remove access from Gviccdidwttahitg :),0
/me HWMMO38///BJ///R-E-M-E,1
/me CASINO=bnxmn8,1
Min//QQ=54d7mx,1
WORLD8901/tree68oyam/glgdmebrp,1
/msg Uzmlilkea8Loidp9 QQ=7Br614,1
help me in HSEMOS6A need help?,0
c5N/CSN PXjve9dCo,1
i saw gamble spam in X1M0!!,0
hey follow to h347m need help!!,0
/msg aOPfIWlBnXK9YDKdgTyhgc Sometimes conference budget become network sing relationship poor!!,0
new world 73RR009 please,0
/me come join nature at whet1!,0
/me CSN CSN,1
/me c sn//BJ,1
my world is H353071854 guys?,0
/me rate world 4W1X7BXH4 please,0
/me BJ:c_/s//n BJ:g18qjux,1
/me D1|ReME W0RL229D,1
we play games Wall during give shoulder area writer,0
need help breaking blocks,0
/me bJ 5whe97i5pmwbu,1
lets come play visualize extensible models in j050m88!,0
go WO064RLAF for bring decide sign,0
/me REME=HM284O,1
/me wl|WL|83J3|QQ,1
buy suddenly platform 2/5/wl,0
Level prepare buy return member need throughout right try,0
admin is nMeIm6SZQRonf3Fr!,0
enter my shop:RU9N6 when free,0
/me CASINO::h3m00324,1
selling public mask in eyeizpet064.,0
/me PLAY nlkmv8j3m wl,1
/me Mi_N::worLD53276,1
/me Qq=bj casin0//LThOU,1
/me csn:tfero9,1
/me B/G/L:WORLD29339,1
/me D'L=X35N,1
MIN offer 769dl?,0
/me hurry hurry hurry hurry hurry hurry?,0
/me C S N Re/Me//ter7oy9m,1
/me Be.Je|rm//ONSJRPIK6874,1
play puzzle in ishedpite2878,0
check VOYTI728 need help,0
/me GAS Wl=7ffd1ll4nmhf8609,1
/me B E J E//ty340wuaf71,1
where are you,0
/me w_L|r/e/m/e/WORQL637AF,1
try to our world emplo9 need help!!,0
nice world lol,0
hemssvo1 owner is Iolmm7Xmm9Twfjtsj4Q2Jrqssnxykacq?,0
anyone want to build public-key interactive paradigm if you want,0
charge now charge now charge now charge now charge now,0
vends BILGYPH7ILZC702,0
Generation environment follow recognize write!!,0
/me GAS CSN=WORLD77313,1
/me we play puzzle Measure morning anyone?,0
/me bj t u r k WORLD3623,1
/me QQ:03UGLJ4,1
/msg uusmqztlm4v5 WL in umamo543,1
charge charge charge charge,0
/me t'U'r'k=hgti0,1
/me GAS CSN==h764eesmosa,1
sup.,0
my world is lkxfe8 now :),0
/me CSN//wored744,1
/msg q9y1e6acx0fhlgxifajwug Quality-focused actuating definition lol,0
/me BGL Wl,1
/me BUY r m:fh3m54436,1
/msg X2Qiosdho1Pqciihlfxoxe Q-Q//Uc79cA,1
dont advertise CSN,0
/msg FNZSQ3A1LOQHJWA8VNPVHYJNTJM6 Dl IvlfK,1
Scene hospital key voice various seek,0
/me CSN//wollaf05,1
/msg ssnvamhnxboeemo6u5my help with power in PRACCT312 please,0
remove access from alrowtg5tpy2qzb5gmq0mibbbkou,0
qQ xe353mmo,1
looking for turk friends!!,0
WIN csn/MNQRP4FC,1
CSN:HEMSOSA198,1
/me w.l|(sn emloq3151,1
/me C A S I N O C A S I N O,1
/me REME5/R.M ltntroqk1,1
/me Wl/qq=rwnmijx,1
/me CSN4//B g L=ezy5vfq3vd,1
/me JOIN taxsm0 GAS,1
/me mod please check casino spam!!,0
/me RM//h2usjgs,1
BGL price check lol,0
/me BGL,1
/me turk owner is VhicfzE6o7GFaKJ2.,0
world TE3OYA2 is open guys?,0
WHAT47 is open ty,0
where can i farm?,0
/me tyuiopasdfghjkl,0
qkkydawclksl?,0
go IAVDH8 for platform!!,0
rm/C'SN sslues8,1
/me QQ/7H3M53,1
owner? hi?,0
vend at 758FR0 aliceblue lock.,0
wait,0
someone named QQ889,0
/me G-AS Bj//wo3757rlo,1
Television,0
t220eryam is open please!,0
who owns this world,0
my world is KWORE97LAF pls!!,0
/me Beje//bejE//casino//R-M-miN:WORLD90123,1
/me MIN|MIN|MIN,1
/msg Umx1Egtag0Cykrh6 REme in MXSA52,1
full shirt=2wls lol,0
/me Bej3=WMLRD2,1
/me RM 7R30Y4M3,1
/me rush rush,0
/me WL=11vc7,1
XXEEMO0M open now please,0
bgl|Ga- S|hiems987,1
hey join two3414 ty,0
Cut second,0
/me wl//d l=World30409,1
/msg u7BQalSQbhyguZPdikmIRU B J MATERIA9,1
/me hello can someone help!,0
BGL/CASINO WORLD64979,1
/me i speak turkish xD,0
visit my world SHOW5137 ty :),0
visit to the shop mos5j when free!,0
/me DL=WORLD16184,1
anyone want to join minigames before we leave,0
Bj:w9yzbgdi,1
restocked block shop mosa637,0
/me fdsapoiuyt ewqmnbvc,0
admin added HKW0Q7PDX4,0
/me C S N:bgl:t_urK,1
QQ why door closed,0
Q.Q:x3e533mo,1
/msg Sik0Y7Thsuxek0Xvt0Twygw6T9Qkv0 8eje now nbs8wc,1
/me now R//EME//vsdxizkkn3,1
/me rM/qQ=qq=diceke2,1
/me WORLD62601/B-J/r.m!,1
/me TURK/dnq9pid5vi,1
rate world ROWDHGGM076 please lol,0
/me WL//RM kskqc7q,1
buying green vending machine msg me,0
/me B'EJE//casino 8z5590dg1,1
new world te63erooyamm pls,0
/me reme/min=abcoloozc,1
/me casino//casino,1
letsgoletsgoletsgoletsgoletsgo,0
jectmabpber10 open now need help.,0
W9rce4FwG9ghw9YmWc keeps saying ga//mbl.e,0
/me BGL MIN ICEBCBIS76,1
/me CASINO=uxa1o4l=BJ,1
owner of WHOMAS72 is zkk3bletg4hwwdf2pqrkby!,0
/me M I N w/l,1
/me FREE abjwdks CSN,1
chargechargechargecharge!,0
/me R M2:R.E.M.E=M90459666,1
/me GO R_M=TEEROYAM36,1
/me help me in te06ro8 bro,0
/msg GCO7IHW1QPU2RP BGL=XEOMO682,1
playing map synergize strategic eyeballs guys.,0
/me b.G1 DL b1n8o5dg,1
testing map in X3420M,0
can you donate dirt,0
Help other too old year actually choose Mr event!!,0
/me price check please!,0
/msg M2QLZQQEH0HTM3 come join race Profound 24/7 Local Area Network,0
laser grid=83gems,0
/msg DNDKRJHPLJY8 who wants to try minigames,0
where is white door :),0
BJ=STESMLA832,1
what does casino mean,0
these casino bots are annoying?,0
/me B'G'L:casino-RM-WL-DL/0w903rdl,1
/me BGL/Nbjkf4758,1
world owner Jgeqy2Lytyb7Nxy4Umuhsnzif8R4E8!!,0
/me D'L|D//L WORLD18655,1
/me D_Le,1
join us for maze in exgk8081!,0
/me rate world BUNTYPESM2325 need help,0
come help at right55 guys,0
/me WL npr174,1
new transition cross-platform metrics open in MOSA55461?,0
/me BJ//troyvm167,1
access given to z4R5sXN9hon0GfY1NT!!,0
/me Turk.//imgmg3kujs,1
meet at xemNNo7 for games.,0
/msg gzmalrvxb5vtx6 help me in 766n0dsbh ty,0
/me G-A-S//WORLD43095,1
/me SELL BEJ/E4:WORLD54553,1
/msg Wzw8H3Kmjpwbt1X1Z5Pqdg g-$as=nhleyormaculr73,1
/me mojhx872//CASINO,1
ter430o open now bro,0
/msg qsu5w6szazafr3wxe7polbk0 does anyone know choose would,0
cheap world key at work4457!!,0
/me WL CASINO WORLD30424,1
going to minigames for fun.,0
do it do it do it quick lol,0
/me WL,1
come help at ZM5HFN37V9 pls,0
is casino against rules,0
check to the shop BGNG84 need help,0
someone explain csn.,0
/me gas/Dle/D-L/m1n x7HaJRG7,1
/me R'E'M'3 HEHMOSA2064,1
/me CSN//WL=H2EE1O,1
/me B j//TUBERLPTKIL3196,1
/me Bj:CSN//ukt0zc,1
avoid csn worlds,0
/me BJ:f0sky,1
/msg l4K3RushxRzko8S7BAA2m8qRj0orMS follow me!,0
Advanced full-range complexity!,0
/me NOW MEW3VS CSN,1
access given to Y0NGT9M5L2CZXTID!,0
movemovemovemove,0
policy chand in vend m37734rrw850!,0
/me WL FiV8ILIKL738,1
help me in m0gydrjp,0
/me QQ//wORLw8573,1
/me 8GL MO88A2787,1
/me REME-D1-RIV39O,1
stop saying REME,0
/me CSN=kXUEMnTwvR,1
n1YfVpk1YbS4BZNDVg owns this!!,0
leader of x3543 is BPGDSOSKUXN6K2,0
/me Rm WORLD77467,1
Inside mind change thank idea notice today fish their,0
can someone open the door,0
/me DL//gbow2,1
Administration not base among,0
/me door id is 5511,0
/msg n1qaoxqnwupdhl T_U_R_K=EtFinbqeL9sh,1
/me Bgl/W/L=xbxvv2ajns,1
lets go lets go lets go!!,0
join parkour after farm!,0
going to event if you want.,0
/me REME now anbmosnh,1
Reality board dog above free city recently great quickly tend,0
anyone want to play challenge deliver sticky deliverables,0
/me W/L w90lr4f,1
why people still do casino?,0
help with event in 3M61707 please :),0
tangarzddj11 open now ty?,0
/me CASINO!,1
can someone help with federal protect buy,0
Travel structure man employee gun.,0
BGL//R1M0490,1
/me CSN=9u26192k42qpr7,1
/me lets farm puzzle in w10r4ld guys,0
DL is just a word,0
rm hmj5nakkk7tedkyp from access.,0
private seeds 16dl!,0
/me Dl/MIN 5HUFF7451NK19,1
Gas -> ioc3nZ,1
/me come join parkour with friends,0
/me QQ3//QQ3:oppor,1
/me CSN:qeloop1477,1
/me my friend says QQ!,0
/me CSN|wl|B-E-J-E|r3ME=headm918,1
/me QQ/QQ,1
/me Bj:WL,1
/me Mi:N//SCEATSYNTKFUSED2,1
we are doing puzzle Message however recently,0
/me FAS_T B.E.J.E/H3M1054,1
/me C4$1No Casino Q'Q Rm=rsc835,1
/me Qq//h0eyjckg23w7er,1
/me BEjE WORLD36497,1
/me CSN u6rig6,1
/me FAST ccommon0326 TURK,1
my friend typed QQ,0
world owner yzuhs8hi!,0
/me reMe CASINO WORLD63483,1
report c'$n spam,0
/me R 3 M E QW38H5,1
rate the wonder in ZYNUPLQN7244 anyone?!,0
/me bG_L|bG_L|bG_L|bG_L,1
buying cape for 77dls!,0
world 0zrgr17h133 is open please lol,0
how to make wl xD,0
/me G/AS REME Casino MIN Reme,1
/me BEJE//ECgA6750,1
/me CSN:kj335kyn,1
maintain cape : 339 wls,0
/msg cugxtwyokevw dL=5737R0Y4M5,1
help me in H35M0506344 pls.,0
/me Min:68054,1
/me someone said qq is like casinos,0
where is exit!,0
/msg F8K1XCe0VKq1o0aeJBnYrZe2Lb c4sino join WORLD65178,1
pc chand 26 dl,0
SSE7334 is open it is open,0
come!,0
/me DL CASINO whnkuufvs,1
come try event at zo394ar,0
avoid 4CB2119 it has c s n spam?,0
/me czkhfspiyrwmbczk,0
selling seeds in republi340,0
hey rate v1c3dr34mrd98 now.,0
/me wL//WORLD20510,1
R:M-c_$_n-Min:Qyve468Zz,1
help me in 5H3874M054 ty,0
/me wl-u9tnrsp,1
/me new world hes6mos pls.,0
come hang out in puzzle for a minute,0
/me DL CASINO,1
come on come on come on come on,0
/me CSN-WRD2140LD,1
rrrrrrrrrrr idk :),0
/me CSN=B J//mxa39s6hz091,1
Who owns this world,0
/me q'q=C-A-S-I-N-O=WORLD56042,1
/me gas R/M/B'J:WInGm664,1
/me r080fvo///CASINO,1
Stay bag from particular team buy set,0
/me W L//yygcndr,1
/me R3ME//CSN=w2orld,1
/me need doors paying 11per wl,0
/me DL:QQ/meo1l,1
RM|BGL=SHnNg00,1
selling GAS mask.,0
/me owner of WW922ORLAF is A9Gxmjl5Ftpxhqn9Fxlulhnrtqcn,0
/me help with maze in opnibqw1 :),0
fun similar in ZPOR630A,0
/me R.M|d_l|turk=Rkayb1H4Do,1
WL:hemmosaa174,1
nhsjxxmnfbhedyydsaoxvj is talking about CASINO.,0
/me D.L=7722nt,1
kick AXLSWIF5,0
i need a door!,0
/me lf fresh bait for 264wl,0
/me tUR/k/BJ=ZDR2IFZOX,1
move move move move move,0
/me Beje PCY45,1
world W60RL0795 is open guys :),0
/me BE:JE/Dl=ru5z3yvhhyp79476,1
rate WORLD2244 now,0
/me access given to DQP0ZKRNLZRVKAUHL3RWZNR4NH,0
going to maze orchestrate global functionalities,0
Study image enter size center soldier,0
buying decide fish tank for 20 per wl,0
/me c_a_s _i_n_o|c-A-s-i-N-o|H3M05L4385,1
/me DL//Bgl:WORLD61132,1
/me GO h30155m05 BGL,1
/me TURK=gyrng7xb,1
/me we play maze when free!,0
/me Wl//MED19,1
/me qq??,1
join air Discussion fill top culture him deep available,0
/me GO g'as church,1
/me dl-BGL//Hh9Z18,1
/msg r4tsvwczghqtndrr (5N/WORLD3045,1
/me i dont understand QQ,0
price check please.,0
/me x3m296b0 REME,1
/me JOIN kzeztww DL,1
/me DL/CSN 0cc,1
/me rm in PN9ZLJC,1
/me qq|WL.|wif8577,1
/me CSN CASINO jibppb0qsj6m1,1
/msg RdLQPCH5MWjAeaKkLc can someone open the door,0
look at to my world VNJIX2220 please,0
qq//Casino,1
we are doing race for fun?,0
/msg vivdbtbho4xqtgslqmes CASINO=ENx4a,1
Parent early beat determine energy,0
avoid 7R7U792 it has ca$ino spam,0
Horizontal dynamic neural-net!,0
/msg lqzfaqn7z6qxqmfqr3uuxvdki1mu csn=j9lcig,1
/me RM Wl3,1
market at WORLD4 :),0
/me O29MSAA is open pls!!,0
/me need 1 BGL change,0
/me BNBCSQAP38 CASINO,1
/me R_m bj WOLWAGSVRMJ,1
need sign 4/1bgl,0
pc background 10 dls!,0
/me bEJe:BEJE2 b_g_l,1
playing minigames Cross-group leadingedge strategy,0
/me Q'Q/B:GL=WORLD18001,1
/me c A S I N o//73RR5670Y4M,1
display block costs 3per wl!!,0
/me R E M E/BEJE WORLD77805,1
come join balanced fresh-thinking groupware for a minute,0
owner? ty!!,0
/me BJ REME ksekbuj6,1
/me WORLD19794 Beje,1
come here cool farm,0
there is a casino spammer here!!,0
builder is I5BVQKQBERU8AY,0
/me BJ??,1
change WL to wls,0
/me CASINO abxjxts4,1
we are doing games Again research send spend country far paper a!,0
/me GAS::vmz7vey,1
my world is PROVE when free,0
come build event right now,0
/msg ufehiawfn6aeesjs G A S q3mqke,1
/me BglWORLD7712,1
/me b91,1
/me tURk==cA//siNo:XRO6,1
DL=o9lliur,1
avoid casino worlds!,0
/me CSn MIN -> ETRK581,1
/me QQ CSN CASINO,1
/me reME/Bj=fz1ux1yya5dv,1
weather shop at ygtjz06,0
my world is XHEESDIKEK20 now,0
third owner is hdgut5ewwrq3b7,0
/me QQ C-s-n|WOLD42,1
/me BJ//BEJE nghpza,1
world gfvdn468 is open when free,0
/me Bg1:W'L:dl:Casino EHMLSTA3,1
price check please,0
/me D-L/BGL WORLD30202,1
/me M.I.N .,1
who has access,0
is the owner here,0
task grass block : 127gems,0
Become fund body radio,0
/me b$'.gL:8J:w/l:RM SDd1Nc,1
talking about casinos is not same as advertising,0
/me cheap lavender laser grid at m46505!,0
/me TURK//ULMAA6P25,1
/me GO 0H313M54 BJ,1
/me BEJE ANDU70,1
BEJE is just a word,0
try my storage:YOKPGEDCO0110 guys!,0
/me QQ:Ohkooj,1
hurry hurry hurry hurry,0
/me rm m5041,1
/me CSN H10Epo,1
/me Wl=m8befs7,1
/me GAS//g_A_S burlxe3,1
where is the white door :),0
FREE G-A-S=73r04m059,1
/me 8Gl wor4lf,1
/me OWNER open now when free,0
/me Be-J3:s48k99y8t,1
/me DL 96FKtWehH7lx,1
/me reme/GasE=W0RRL4F4,1
Yppclau9Vfeidkbqkxzfigbpmmg9 owns this xD,0
/me bcefaxhve5pzsi GAS,1
/me REME,1
/me csn QQ BOOVCLU491,1
who wants to join maze?,0
surg shop EPILMG55A,0
RACE7 is open when free!,0
/me TURK//d1//W_///l//wl,1
/msg khvpaxo4xba5otgdhnr2 WL=V2GVNB,1
/me BJ=Q.Q! -> WORLD38069,1
bG'L nuwqzc,1
/me DL HEMNS1A,1
Business-focused directional encryption.,0
/me DL::cnzfa2,1
/msg uzk1k3pavhg8esm3x6b3 wL/74iqt2,1
/me Gas//QJN8WB,1
Rm:W'L/Jp1w47sC,1
/me RM n34x9166,1
/me bj=HEM37O,1
ty wait,0
selling detail surg tool in KVCQQYM9GLIN?,0
/me sell big industry seed for 97/wl,0
/me M04376 open now need help,0
what is csn!,0
/me CSN BGL==WORLD17500,1
qq is not always csn?,0
/me Rem//E::XOAVA9,1
/me TURK=eunwto,1
new world wl96 ty,0
/msg W0Skrgnmb2Ilj8Hbgmbfzo Beje Gtte2Baq,1
does REME mean anything,0
/me BEJE Bgl C_-A-S--I-N-O::WORLD31278,1
/me CSN::7euoyam689,1
/me Dl xmo356,1
/me RM me from access,0
/me CASINO//CREAT5,1
C'A'S'I'N'O wL==t674rooy6am,1
need help with farm?,0
/me ehr789o/PNEUVAL212,1
/me TURKrivv1070,1
/me CasinO:wor190ld,1
/me Bgl/ORM9OLL778,1
/me B9L1 to HEMAS4894,1
need seed for 18dls,0
pemovjut,0
my world is XE8DOO when free.,0
Into blue!!,0
hurry hurry hurry?,0
/me CASINO:TEPHUYA9,1
xocux51 has pants,0
/me BET:WORLD99385,1
/me m_i_n//CSN=WORLD80616,1
too many Bj bots,0
remove access from o2q4aUCMBNT9.,0
dont advertise C5N,0
owner takes WL or wls.,0
seed has Min price,0
access given to F7PcBBy4WlaWDIyUe6CcADLfdmXMOlQr?,0
/msg SPQRRTPWREUFB4LIAZH1E8 dl mb27j1x72,1
who owns this world!!,0
/me IGANPILOT37 open now need help!,0
/msg Pxwcm5Ocw6M0Myauavc6Jdqhurf0 CAsINo=RNV8Q3218,1
/me GAS Z0Lhmud4Wx CSN,1
/me CA 51NO//WORLD11531,1
/me Casino//q1dSHTdDH0,1
/me D//L:B_J WORLD37568,1
/me dL:DINER56,1
dont join casino,0
price check please?,0
password changed,0
/me need rock paying 12 dls :),0
is vend empty,0
Walk one let general,0
/msg J8XSEKY9PCYVVFTR (/a/s/i/n/o=that,1
/me min/Min:C.SN:HE4O88,1
/me Bgl WORLD24726,1
/me mi_n=WORLD59169,1
does casinos mean gambling xD,0
/msg lto7kxv5xotddlqmer reme=kdgg411,1
/me Csn:am6udaau6cz36i,1
/me BEJE//BJ=IL6xib,1
/me gAs/D'L=ADYGHGN9B,1
Contain development treatment say man student need debate xD,0
implement visionary interfaces!,0
/me 8_J=WL=g-as=BEJE=h34005,1
help me in H273054 guys,0
/msg zpckb5re relog,0
/me CSN//kizll5176,1
CASINO//ytd4hhctmmkvx1,1
/me d'l=TUR//K/M IN/B.J BJAACO2392,1
WL shop - pgjrrp60,0
why people still do csn,0
/me N0W HHc814M0 QQ,1
/me tuoadgjlx,0
ban q8m0tkpzo8qzjiilvp from world,0
Between evening remain ready lose score?,0
/me 55CJ34M//REME,1
/me QQ==ItBXmtdBhL,1
/me MIN//Wl=stand883,1
/msg SRHRIGBEATE5Y4IMLRSJDA QQ=WORLD71526,1
help with games in PCYA4,0
/me REME!,1
can you donate dirt,0
/me Csn REME CSN,1
nice world,0
/me h1lwnn=Reme,1
/me CASINO QQ QQ,1
/me CSN|Beje|EHMMOAIRZD489,1
/me (5n BEJE,1
Help design medical most sense positive exactly nearly discussion,0
rate the balanced interactive time-frame in CE0OM,0
/me qq::MOSAA1,1
/me Turk | qq | SHE448,1
/me BGL=WORLD24346,1
/msg OIYHHPFWA2LNDXKX anctvjwghjv cxzlkjhgfdsap iiiiiiiiiiii,0
/msg D6k3qEv8A4i5bzv4 Csn=POUSIFF05,1
go HESMOSSA2 for deepskyblue wrench,0
BET/CASINO ifebug,1
/me JOIN WL|laidsand940,1
/me DL//gl8kbc,1
/me QQ,1
/msg wze3x6yf CSN=worll3af,1
/me CASINO//b/e/j/e=ICOPCE,1
GO CSN:53RR0450,1
/me JOIN geovusp288 CSN,1
/me CSN vsek2iq1xbf2,1
cheap portal at W0R54LF77!!,0
/msg Mbqbrdesu9S5Lxczea b9L HEEMO3548,1
/me bejE2//q/q=WORLD55576,1
r.m=GA5=riifs4a0vf,1
/me CSN,1
MIN 18bgl for vend,0
/me owner takes BGL or wls,0
why am i stuck!,0
NMBO1 is open bro xD,0
vend has portal for 26wls!!,0
/me bgl/turk gas F44EGJIY,1
/msg izo7jwv0e9ypkhp7xktx CSN=WORLD8387,1
/msg KSVKGYIVPFIFA4TJUKPC come on come on come on.,0
wait,0
/msg dgw2p4al qq ghj9ggs8h,1
/me MI//N oms235,1
KRYBGMY8 is talking about beje,0
/me WL=WORLD24104,1
/me C5N=BJ=pmpug6,1
/me MI:N//BGL=ezqogzh,1
Present push seek painting anyone use account,0
lets go please lets go please lets go please lets go please,0
/me FREE Rem3//HESMMO45SA,1
/me REME yrr0uggl,1
/me REME//rem3=r5zowdjxc,1
/me bgl c.sn/B_e_j_E/MIN:world24209,1
/me stop advertising c-a-s-i-n-o,0
Bg15 R_E_M_E o0iekp,1
who has access,0
my friend says QQ?,0
meet at EHSMOSAA426 for race,0
/me CSN//BEJE=X35Mmm0,1
/me d/l dl Q4ITJ2AFE3F,1
/me C$N-CA.SIN O//M4995OSA,1
/me can someone pull me!,0
/me QQ//W2SORL,1
/me PLAY WORLD35163 dl,1
/me 8 G/ L//WORLD36736,1
/me need rare wing for 25wls!,0
/me c asino|CSN//parterabdle21,1
owner takes WL or wls,0
W3OR2LL CASINO,1
D.L=T/U/R/K WORLD26471,1
/msg SXC9p1lo does rm mean anything.,0
/me buy aliceblue seeds for 3/15per wl,0
/me D-l r3me=t'urk=bGL,1
/me CASINO//BEJe=opindmtns475,1
world owner xnifw0zlbkvzj6wj,0
green lava 17dls,0
/me rM:c6mwxcej,1
/me come test map at Z85M54M,0
hey come fyx875123 bro,0
interest wall : 2/13 per wl,0
/msg vzuxz3qyrabwkexim4u1iqtq CASINO=d1nlg1200,1
i am back where are you,0
TURK=S4jiuul,1
/me come here and run games,0
/me FREE W-L=Stoc998,1
/me help me in IXD03FRD bro,0
wsfluugzfiumzege rewqmnb ewplvqkffzrsnk idk!,0
h3m542 open now it is open,0
/me rm=bGl|GAS:JFfcdO,1
world jgqpagmean8 is open when free,0
/me bg1 B/J PESA28,1
/me QQ|c_s_ n==Nz7wxrv8C5c,1
Away difficult teach develop movement,0
wrench GIJCWWNJCI,0
these casino bots are annoying,0
door id is 7564,0
/me D L=WORLD85505,1
playing maze right now :),0
/me BJ,1
/me B_E_J_3 Qq=WORLD79245,1
/me DL/BEt zzt4b2,1
password changed.,0
/me CSN:kIToPhIdd02,1
/me C Asino:Q//Q:hz3m98900,1
/me wor883ld=T U R K,1
come come play race at ORA2N2!!,0
/me CASINO=0JH50,1
/me SELL RM==Kbgnxowb,1
main : gtphzxasiowjnxr1ybpex8d3,0
remove access from xwmwk2q1hqxjfnjnh9xkkryl.,0
what is c-a-s-i-n-o,0
/me gAs-dl4=WORLD92688,1
/me W_l/BJ Z1FUX4HW8S,1
thanks,0
cheap shop open Wlorlaf0!,0
Centralized asymmetric forecast.,0
/me RE ME=Cs//N::WORLD48447,1
rate world wbr1ld if you want,0
need help breaking blocks,0
/me min=TUrk=R_Eme -> Blgh35M953,1
including sugar cane in vend 4M0UN761,0
they play something like qq?,0
who wants to run challenge!!,0
/me w'l=HWKJ6NVSG,1
/me come here and play puzzle lol?,0
dont play c4sino?,0
restocked vend VLJBRAT805,0
restocked cheap shop tksg25cmz!,0
/me Rm:BGL-qwruedvfm,1
/me Qq wl=Ga5,1
/me why am i banned!,0
vend at worl87724 mintcream pepper?,0
fish shop xwol89!,0
doing minigames at MO53!!,0
play race in to8,0
/me qq/d.l=r04d8333,1
/me CASINO//H33728M5,1
password changed,0
/msg o2n2var5mo where are you,0
/me BJ mIN/3x37i6,1
/me CASINO//treoy1m0123,1
/me Dl,1
/msg D9Eveaavkoottgc1Zgrsso i dont understand cAsiNo?,0
access of 757r3z0 is EKMHVSS4H8WYK2JKFZQYCQIULEVNQ3,0
/me buying private bait for 13per wl :),0
/me CAS1NO//o7gncxapfg,1
hey come sUFFER55 need help!!,0
shop at T8CLERO,0
/me go my world forcce27558 need help,0
Early attention when design ball,0
she94 has gamble spammer,0
/me BJ wl KODT0W0DR0K2Y,1
/me DL:w_l=73r09y4m,1
why people still do casino,0
nearl owner is h8pjvnaadpa2sc,0
visit 3l154t7!,0
/me BJ//D:L Ffvwty8Tuj6W,1
/me QQ BJ WORLD55716,1
/me GAS CSN==HESM88OSFF,1
/msg HCFFN4G8ATO0O4Z8UPTD Dl=7EMOD2235,1
help with games in dir lol lol,0
/me b 3 j e WL=QQ,1
meet at CBTIM475 for event.,0
/me Qq/b_j/B$/E/J/E//kkz9gl,1
/me Open ljecyz REME,1
main of SHOATMDX98 is QcZqodJh.,0
/me PLAY frhmraln CSN,1
too many casino spammers,0
/me B G l//R7V039,1
/me RM hu763vm0,1
world owner e6ubo1f4aou8awq2gamz.,0
/me remove access from t8zcoxtcj2yux9clwxz5venfiebasp,0
/me once pack costs 9/wl,0
/me b-J Beje-rM,1
/me CASINO:beje::7sdh5h5ovpeca,1
/me come here and come play same,0
farm shop 13DG1YM5443,0
come alqjhb0s need help,0
admin added agj4hhavkqqiddulk1loq6?,0
/me CASINO CSN w0qlf488,1
/msg RsOIMlCrSbMhrK dl=ufyjtmf,1
music pepper 59 /wl.,0
where are you,0
go 3LM54XL for general gas mask,0
/me BEJE/CASINO/BJ/Bej E,1
password changed,0
/me G-A-S/REME=7M03,1
/me BJ,1
/me c_s_n,1
/me rm.,1
/me Bgl=QQ HZOJD0K,1
MIN|B'j j1jam1kgpj12a6,1
gjlxvnqetuo,0
rm BohSWYmfR8xNcrXVnHwfQ5sCiC from access,0
/me R/M/RM=6F5NBXZC7E,1
/me NOW DL=e8kihpu5ms,1
/me play race in rmp823,0
testing including in WRLL5816 bro,0
/me TURK kgc4vtl,1
come build map at mel6!,0
/me CSN/BJ EHSM68OSA,1
rush rush rush rush rush rush?,0
Off hand reason strategy season!,0
/msg HBUTTABCJJCCY9 MIN TOO9,1
/me JOIN WORLD11601 CSN,1
/msg EYPQIEWVT4USIVQ5XPPWBJ Leader plant ground edge board,0
join my world ZORA466 if you want xD,0
/me csN=DL=WORLD19249,1
/me c/s/n=WORLD63418,1
/me BGL CASINO CASINO,1
Customizable grid-enabled encryption,0
/me CSN C3PNDNM4R09817,1
/me RM=summemo8,1
Q_Q-WL:7HKTPULGS5L,1
is this world public,0
new world igwy7su now,0
access given to j3w4y6xexwlyy9ia,0
/me WORLD76857//REME,1
/me Turk//hr223kw2g0rs,1
/me G45/Q72rV6t4,1
/me dl:h323m4,1
egkPDxM7EhbGXgqx owns this,0
/msg b5badsdiz2igjkikxvrd Out consider knowledge put,0
/me b3j3 Bej3 wora5348,1
/me my world is HEOM631 bro?,0
/msg mrvnehj2shxikxivhj DL=oms9a,1
hey go sotescorccyst4629 ty,0
/me 8J Bj 6HM82,1
rm Vuifuctjmug6I8C5Hf from access,0
UDC4Z has new hair.,0
BJ spam is annoying,0
Hard next card fish suddenly second concern for!,0
how much is this item,0
vend at RAYWSM4 crimson sugar cane,0
/me CASINO:HEMOAH7677,1
CASINO=CSN=BGL,1
/me m-i-n//B.E.J.E W085RHLDD,1
/me B:J//jjgso5w4,1
go go go go,0
/me vend at perfor2717 midnightblue geiger :),0
/me D_L//QQ he32s7osa,1
chargechargechargecharge,0
/me Dl|WORLD39648,1
kick Iqkza3O8Oluez6Auu6!,0
turk=373h54,1
talking about BEJE is not advertising lol,0
/me Turk=WORLD12724,1
/me never trust casino worlds,0
/me w l qq hbGZueh,1
help with race in HH7GEMOSA,0
/me B'J//tehg91,1
/msg gganitnrgdost6ulb4yzqee3q6 T.URK:h03jm045,1
/me b_g_1-B //G' L=IBLEMANSJU9,1
new architect killer users open in M413OSA3 ty,0
/me rate the money in themy64 guys,0
leader is rkqdubrpmljed9uwabl1,0
i dont like CSN :),0
/me grass seed shop parcousxpp2041!!,0
new maze open in WOCURY79 guys,0
D L]:3HM5X294,1
can you rate 4WOBRLA0F6915 it is open,0
Partner mention order week life media book if standard want in wind!!,0
BJ=D-L9::DR0P1757,1
/me RM. w3nri7z,1
/me change wls to DL,0
Prove type three perhaps sometimes :),0
/me CASINO=Casino2/WCKI79,1
can you visit NIHLANDRENCE1 if you want!!,0
DL shop 70PP6582,0
CSN=YZI4,1
remove access from Jjpufbr1,0
/me Casino=THOUS,1
Q-Q WORLD30289,1
do not go to casino,0
/me C.S.N R.E.M/.E:HEMOSA9,1
check my storage:bisdiatu37,0
Min/ReMe//sluestkpj7,1
/me reme B J f75v4xy1ojhv,1
/msg Tdh6Zthvh4Qwzvwgpkt5 T.u.R.K/Bej_e=WORLD25195,1
yo,0
RemE looks like random letters,0
selling crystal in mmo4sao,0
we are doing matrix proactive web-readiness Virtual coherent collaboration.,0
/me i dont understand qq!,0
yo,0
how to make wl,0
/me BJ=BJ,1
/me QQ//wkf1ftkk,1
/me QQ/csn saulp8611,1
/me can admin Rm me,0
/me DL:zdgxf2,1
/me Csn|Csn|Csn|Csn,1
ty,0
/me r3me QQ=HM378993,1
/me WL 572013RKY4M,1
please RM access,0
go my maze called 349M0 it is open,0
/me WL|Bgl1:CSN=W0Rld29,1
why people say DL?,0
small weather machine in vend mE5v75,0
uewvqlbfqgamdwpb dfghjklzxcvb,0
try to my vend m002054 it is open,0
cool farm,0
/me CASINO yygQW5l,1
/me HEMSOGA606=wl,1
/me Bgl=WORLD37076,1
/msg n5cjzij3rjfhxpvil8qbpzdi tuRk=Lea58,1
what is the price,0
does anyone know ground rather budget,0
my world is H6355 bro,0
/me B/G/L:G-A-S:b e j e K09MOS,1
new games open in LSB3,0
/me B/J::WORLD55649,1
can someone wrench me.,0
iterate ubiquitous content :),0
doing map at H6E0S5K!,0
hey enter HMZ24 it is open!!,0
/me wl//ofqmf1b,1
where are you,0
pull upz1idkedbizustojwp9fsdi please.,0
/me zLQaLG1W35 CSN,1
/me BJ WORLD48892,1
ZBN2111 owner is AiB1i6WWi4z2RKTzAXxZ lol,0
how many wls is this,0
buying fish tank msg me,0
/me R M/M.In hs047em9osa,1
/me WL==CSN=F4D9NYRGDE,1
/msg Y5R6SNY3U3B5BXA2AX BJ=omf32koea,1
/me B.G.L::h355035m504,1
/me dl,1
come ARTHURESLE6 need help,0
/me Tur//K Bj re//me//BJ//1N753914,1
new synthesize integrated initiatives open in T1RAVEL,0
late wing costs 20dl,0
we are doing event after farm?,0
/me CASINO|WORLD18852,1
/me Gas//TERO7905,1
/me BJ-h3m5074u,1
/me CASINO/BeT WOL7,1
/msg HIH1RGGJQRBUU4C2 casino-B J-oetkfad,1
/me CSN CSN Casino,1
brb thanks,0
/me join race for a minute anyone?,0
/me BGL/CASINO=yebo3,1
/msg ufb0cptap5mxp5oxg2jysr c$N usvhp09v0,1
doing games at CYR4BL45C0,0
/me help with quality-focused full-range help-desk in PR943YW?,0
/me CSN//WORLD11885,1
/me reported c s n spammer,0
/me csn//RM=LEM1AQI,1
Generation all consider push,0
/me WL/C.sn/Turk/REME:WWORL9007,1
/me QQ:kkgesm,1
/me DL=7RS4Z66CF2,1
lf sign for 18dl?,0
/me BEJE=Qq=GAS=bg1:nmpv4f219,1
/me bgl,1
admin of worl5753 is e7f1spvtmfdmgduoesa4jumcupfbxny6,0
/me TuRk/dl=WORLD92467,1
need 1 Wl change,0
admin mcnpazjjwruxugqy,0
/me WL/Q-q ri8voo,1
come here and come play organized bi-directional benchmark,0
yo lmao!,0
can you go IAGL8 when free.,0
/me OPEN Qq WORLD51786,1
mesh magnetic convergence.,0
/msg Wnnih0Rpnjfky0E6Tty2E6Uydtgots d.l-wl:WORLD617,1
ccccccccccccccc,0
CSN:f6ztescc,1
Case water kind,0
admin added a6k6gpixsyh0g8bgd7owenscbx,0
/me DL,1
come help at TERROY646MA,0
H3290M05554 is open please!,0
enter my world=xemo9021.,0
mod please check casino spam.,0
/msg iwb9tkiahpgkdvwdhddqelvabxp5 push push push push push,0
Multi-layered reciprocal conglomeration,0
hse8s98a open now when free,0
hello can someone help,0
/me r-M WORLD27428,1
/me CSN//YTOV9U9,1
/me JOIN 7URK=HG3M09,1
/me csn//indicat420,1
/me T'ur_K//WORLD92673,1
/me FREE I3WMH3BRFI37T min,1
/me B/J:H3M54914,1
/me BE'JE//CASINO=CONC73,1
/me R'M=Bj::hkt0b8,1
TTTTtttttT!!,0
/me i need a door,0
/me Bj//tg2ki8dnxg,1
/me RM//H2M3054,1
/me CASINO:4bdOoAf7rw27,1
/me CSN//Q-Q=qdcnf65jb3,1
/me qq Os16A,1
host=yPwZRcuuHqHd,0
/me selling pepper in ove54,0
/me b//Eje,1
/me need violet crystal paying 34per wl lol,0
is the owner here.,0
/me B E J E,1
/me BG:L BEJE w0rpfl4f,1
CSN==WORLD69635,1
hi thanks ty,0
hello can someone help,0
tey82o has world key!,0
how to make wl,0
w-l/CSN/uif552,1
play minigames in CMTCK6!!,0
/me PLAY reme:vpmvxp20b008aj,1
/msg WTSUI5UDGKZ6J3P3BDO4HNTP where is the white door,0
/me qq//BEJE NEZER9,1
/me min=hemosa815,1
/me G-A-S/b/j iso1oh,1
can you open door.,0
come to the world gost387 bro,0
report REME spam,0
/msg WEA3VYCNUIJBUVJ9N8WNC4 g'a'sHtu2Byn,1
go go go go go go,0
/me teusi0944 BGL,1
/me D/L//tUr/K==ww0rl0d,1
play networked clear-thinking help-desk in we336,0
/me cyg4iht REME,1
/msg ljboy9pchoffpf QQ kqlaeiwei,1
join us for event in ckmv37,0
rm qxknl8kUHiIEV8pyAeH3w3Iy from access,0
/me Rm QIO074,1
anyone want to build maze this round,0
/me T$urk qq=G//A_S=t_urk,1
/me Bgl H630M54,1
/me dl:Rem3=SUCH4219,1
need wear portal paying 17gems,0
/me BGL=fcewvm,1
/msg BXJiAfc7NzQlpK BEJE head,1
/msg Foeryrb9Kud6Bepewbawwzp3B9 REME/bbapfce,1
who wants to help with no lol,0
rate world chcawlua6 when free,0
/me rate world t7e7oyyam guys,0
talking about CASINO is not advertising,0
/me BGL//dl DAY9079,1
dont advertise casino,0
hey come gove833 please,0
i hate casino?,0
/me QQ W0ft3Sc9Qg7,1
avoid casino worlds,0
/me beje:WORLD49690,1
/me see my world njdgni21 now lol,0
/me MIN=Cs-N=SUGGE24,1
Bj b-j=H3M081754,1
why people type csn!!,0
/me CASINO//WORLD51558//W00R34f,1
/me dl/TuRK=vte996,1
/me DL=51ng,1
can you get banned for c/a-sin_o,0
change wls to WL lol,0
/me CSN SKGC2,1
/msg P2Jbarxpgwdyxulwxi come help at diatjes8 pls,0
/me ezkeyq,0
how to get gems.,0
/me 2NTOVYA Q-qe,1
thanks,0
/msg NAI8D8XNHROIKZ M I N at SONISEZA1254,1
avoid CASINO worlds?,0
/msg cnxxymW4XPt0lK Tur//K:Q.Q pqnbfeh,1
/me join our world called mo976ssa guys.,0
world EEM14O is open when free,0
/me CASINO CASINO w8orlid,1
/me Turk B/G/L NNCQQ076,1
/msg b0lft7kaflo3nmo8hr csn-dl -> jcjmjglj8,1
mqwertyui dfghjk iu.y_tre//wqmn,0
join games for fun,0
zkhfspiyrwmbcz,0
/me R/M//aayrn8cp17phmj,1
/me cS'N tbco2r,1
/me BJ:WORLD45435,1
/me W//L/rm//FOR0EGE,1
restocked weather shop zwxtblqa51,0
testing benchmark dot-com portals in MErOMG97,0
cS'n TURK Kstll1,1
why am i stuck,0
we are doing both for fun,0
owner RM zNvJnqHf,0
/me CasiNO=I9GWQSQNB,1
come help with maze at mosa8,0
Treatment prepare key her direction tree pretty score budget business!,0
/msg azAtvjqfPOTim2OzOBfOPdrmm1F5 Eye dream fire off movie degree good ready recent,0
stop talking about casinos!,0
come here and run including,0
/me CASINO CSN,1
/me CASINO/CASINO,1
/me CSN/cSn-4F73R0,1
CSN=0WN5733,1
ban R9BPw0jjvFCvDF from world!,0
new race open in zEwl4,0
someone report w5izhKmPoehDc6UHFSBYS6N8 for csn,0
cheap chand at LAMINLA70!,0
/me PLAY QQ=ihviunaea,1
i saw Bj spam in TARJCWJ419,0
farm shop at A30PFYG,0
Market bring two which leg along method maintain amount Mr little trade,0
RM OVT0P2Z7D3HRFWLEG6UCCKT5IRY9F4 from door,0
/msg nvx9w1ppvsloo4 CSN h3m55u4h973,1
re-contextualize 24/365 communities.,0
/me world MJSPAT40 is open ty,0
/me c/s/n cS.N HESMWSA30,1
rm Lagdb2Uuytxgih from access,0
my world is 12539X ty :),0
/me can you see MOSA29 now,0
need public fossil paying 58dls!,0
BJ|b/g/l|CSN|Beje=3vjuao,1
/me wl=V24D1VA8U9U,1
world GUAGGEO7 is open if you want,0
my world is TREO9 guys,0
/me JOIN CSN yju9dn,1
play system in KDFLR38THXE,0
/me CSN=xxev5yg,1
enter my maze called MEX69 guys,0
/me G-A-S join yol1045,1
/msg EGBIQPI3Q5ENQXMKVQIW DL=mqvn97hq9mg,1
anyone want to build truth for a minute :),0
meet at 8ZOEP306 for object-based even-keeled internet soluti?,0
PLAY Wl:Kbqpedc3Rh,1
buying gas mask msg me!,0
talking about CAsINOs is not same as advertising!,0
Wl lol,1
/me QQ:2DJ379T7,1
/me WORLD24955==TURK,1
/msg m3j3xwfgi9hxuylcry beje|8e$je z42ooa,1
/me JOIN WORLD4311 qq,1
/me QQ jwkzpczwh,1
/me QQ|m1n|WORLD47456,1
/me bGl VIT3WS2283,1
yo where are you owner? thanks,0
/me Beje:B//J:BEJe,1
see my maze called ZKO1 bro,0
/msg Nukvw5Myjovyewthxveau7T4Flvx dfghjklzxcvbn,0
/me rM shotbrl1607,1
can admin RM me,0
/me D L//CASINO/r7mydf,1
/me 9A S:WORLD40268,1
/me C//a-si/no=yqift36,1
/me QQ/zws4h6pygw,1
/me pull llvhjdqgd5gtlxmun1tdkwaju2 please.,0
/msg D3AJJJZLR1WJPKUGI1CKGAF3HI QQ=7eqo1bcli42,1
how to get gems.,0
wrench ldAuKWl7Hay9A0C4sMw2Tfa1,0
Standard generation change single action likely Mr professor window receive.,0
does Casino mean gambling,0
owner takes WL or wls!!,0
beje]=73r0957,1
B-G-L mdjps9,1
buying office wing msg me,0
come here and test synthesize world-class bandwidth,0
can you go OWRL28!!,0
/me dl d l=BEjE mesbNeHz10H1k,1
join race after farm!!,0
talking about casinos is not same as advertising,0
/msg D9j1SiOMBsb5YWScs2 RM//WORLD69946,1
/me W_L-Dl=ZEVHCFV0,1
rm Ckftjct4Amkip2P9Bqxwtq from access,0
DL//z1x26s,1
/me CASINO,1
meet at x973mu for games please?,0
/me miN rocktoratio477,1
/me CASINO=WORLD11474,1
Adaptive logistical definition,0
does MIN mean anything,0
/me CSN//bj=ternnypite244,1
/me DL=heqphoickditom3,1
playing parkour for fun,0
/me mod of VJDNWPUTIH80 is IYKAnfJJVLHqJmfw,0
please RM access!,0
jumpjumpjumpjump?,0
Others past sure PM easy care onto!,0
/me QQ//WORLD4666,1
need ghostwhite surg tool paying 67per wl lol,0
store MOORBURRS811,0
dirt costs 11 /wl.,0
go now go now go now,0
/me GAS Qxemmo4F6 REME,1
/me wl//CSn//t/urk mmhwcoiim,1
my world is MGTAL72699 guys,0
come on come on come on come on bro,0
/me do it now do it now do it now?,0
/me CSN CSN,1
/msg f7bpogsrh0nmjfduydxujaedmo door id is 3481!!,0
/me CSN=Desin0659,1
avoid C$N worlds?,0
Min every,1
/me Beje:pibto178,1
/me TUr//k|R.E.M.E vjbkoguar7,1
/me t_urk//REM3//CASINO:Gas=WQRL3D,1
/me CASINO x0m6s7agaz,1
/msg moxkhnlszd buying laser grid msg me,0
/me T U R K|BGL|fvw0hv,1
/me CASINO ccmpyn11,1
/me d'l//FhR2q,1
join so with friends,0
dsapoiuytrewqmnb mtgugmofwf lol,0
/me BEJE!=0GM92PSO,1
gogogogo!,0
/me CASINO/CSN H3M062,1
/msg Rqdwcxjbwqqhlmamxg Beje at mzl08029,1
/me turk//G'a's=QMgraesoS,1
/me BJ CSN worMd1374,1
/me BEJ3 BEJE QQ,1
RM me from access?,0
buying no wing msg me!!,0
/me GaS:casino:Shhh853,1
/me CASINO:w030rlf4,1
AHKYSOM7334 has platform,0
CSN CSN,1
/me G A S=Lgrzlcioj,1
/me pc mediumvioletred shirt 9per wl,0
hurry hurry hurry hurry hurry,0
/me b-j=KX0mM3U pls,1
/me G'A's VFACZD0,1
/me cuv9w TURK,1
/me gas:HESMO0SA4357,1
vends WORL9,0
casino ruined this game.,0
/me TURK ENSLSH61,1
/me gA's//d95s99307,1
follow to my shop called n798xe6 if you want?,0
/me csn??,1
/msg R3G0LRUOH6TEFSS5TI D L=Mo6Saa,1
/me min//n714ea,1
Letter his thousand and question move care write enjoy,0
/me is vend empty,0
/me JOIN 0pvbp41pt q q,1
Few capital blood push while necessary paper share tend,0
/me wl|wl|wl,1
selling geiger in wworl36!!,0
/me wall - 97wls,0
/me BGL bit8118,1
/me CSN BJ,1
do it do it do it do it,0
thanks,0
access of 2qzecudqu3 is Oinltnaeqfrhsbvplv,0
/msg V9J6Pbx6Xwtqkc lets help with minigames in gree18,0
/me GAS=WORLD60120,1
/me DL,1
/me cA_S//in'o//KzI1b6rjOx,1
follow to my world MVOEM98 guys.,0
/me no7/DL/CSN,1
/msg ymsvqfvjk6p6edysi4r2gg BgL to H3Ml5443,1
/me MIN/(s.n wgsmc0akxt,1
/me GAS mask 5 bgl!,0
/me NOW B'g1==DRU492,1
/msg Knopk5uqKDomcmdqoi come here and help with maze!,0
can someone pull me,0
/me CAS INO REM$-E TURK dl,1
/me D-L D-L D-L,1
/me Min|BGL=rivo75,1
/me avoid BEJE worlds!,0
qq is not always casino,0
Wl price check :),0
i saw Beje Spam in 5X8UOKFHS,0
access given to wzsvjvfeqty7cytf,0
/me c4sino -> DJQJUPJ595,1
world owner pby4fxmmzdf2ruwixmi2m3ws,0
aouteqnvx?,0
/me TU'RK:KIGFC286QL,1
/me CASINO xD,1
CASINO:Rv1V1420,1
/me DL=mdkbrg6,1
kick NAGGX2V3GU!,0
/me remove access from m0k5kphaqtgsq4,0
looking for turk friends,0
visit my world 3H035MU0 when free,0
/me Tu-Rk TBB7468,1
/me min beJe WORLD49636,1
/me BJ=bj=nl6zk46b2iqg,1
visit qor45,0
my world is for5673 bro?,0
/me Gas=WL/fuansj,1
/me R:EME:WORLD47605,1
/me RM1=bgl -> PROFES7,1
how much is this item,0
owner here,0
wrench vgfjasi7woz7o2yzytbamvg0!,0
/me Beje:R5HOV37,1
meet at hemoo6sa for puzzle xD,0
BGL/CSN H33546M054,1
come help at PROKLCHA47 pls,0
/me r.m-c/sn-wL/em854ol,1
Serious central difficult whole perhaps career mention question account line,0
/me MI_N Wl B_G_L//hvwn337g3g,1
/me world tprogy3am is open,0
/msg SFGRT3HHAXG9Q7UO q.q:QQ2:CSN8:bJ//WORLD55933,1
/me WL/Qq,1
come on come on,0
come play maze at HEMSAA4429,0
m/iN3 ($N//92zeb2q5yrk,1
/me Wl=M30LF962,1
/me X3MM077 has block?,0
/msg Klbcqmium5Bigvdj D.L C.SN WORLD37716,1
/msg SJSIT5MGD7S3ANHN r.m on WORLD25785,1
come lmao thanks?,0
/me is 3dls fair,0
we play games if you want,0
/me BEJE=TEROY7MAE,1
/me B E _J E beje/bj//JD395POVF,1
/me DL//tk938eero//B'EJE//DL,1
/me csn//G7T1B4,1
/me JOIN TURK:fina2239,1
need water 3gems,0
go W7BX1ZRZQA for papayawhip water,0
/me B_g_l5 avTGzHZ6tfB,1
/me come here and test maze bro.,0
/me CSN==TSNNCM,1
BEJE spam is annoying,0
dont join csn,0
/me B'J//bJ=G546,1
/me Csn//mgz5mjc6c3xj,1
rate world worlfa965 when free,0
meet at hh3jb0543 for synergistic high-level interface,0
/me CSN:AKD9FX,1
run run run run,0
looking for dirt 8gems?,0
vend at t07ero speak bait,0
/msg tdowgvfnmfosiwxuutvth8ql i hate CASINO xD,0
/msg MuJ0sgbMpZq7x9uHBW spring table in vend HESMO508JSA?,0
new world h4eszsoa please,0
/me join center before we leave xD,0
anyone want to come play parkour Call after teach participant!!,0
/me BGL BGL|7Q9KSH6HL,1
main of h335m05487 is dkhBk1d8ISvsxnQOAEPakrZsBe,0
/me upoeo6pgjp rEMEe,1
pull t3zfe5otpgxfk3bntkr1cad5 please,0
join puzzle for fun,0
/me Csn 9dlbdcgkgl,1
/me B J//B J:WORLD79483,1
can someone help with trip evidence,0
/me QQ,1
seed shop open heemmo6701,0
password changed,0
restocked seed shop WORLLD434,0
/me BGL//YMCOH9,1
/me CASINO//ISCH93GERGAZEDCO,1
/me RM rm -> parcr080,1
/me WORLD78436 Dl,1
/me B.j Wl agv9hi,1
/me C5N=T.U.R.K=ALMOST,1
/me min=WORLD67085,1
Sea religious work purpose human thought!,0
/me GAS now jminsyn89,1
/msg Eqroyqq8Jagc DL=U0aU9utz,1
/msg X4WWNIPVF6AA MIN open WORLD26830,1
password changed,0
G4S=cs n=hmeo4,1
come here hi lag.,0
/me Bgl=ROCKGRIE1009,1
/me JOIN R_m==hhemm761osa,1
/me gas ME6OL,1
/me CSN CSN,1
/me Qq//CASINO=LEZMANN20,1
/me cASINO:7R038,1
who owns this world,0
we play ameliorated systematic knowledgebase when free.,0
QQ why door closed,0
my world is 9xri548 it is open,0
/me G@S=WORLD66147,1
/me CASINO CSN lxj1xeedh,1
/me CSN HPLZM9,1
CSN=WORLD36005,1
/me world ssomeb670 is open it is open,0
we play tv for a minute!,0
/me QQ//oidcel1,1
/me ROAD=CSN,1
/me c'sn GA5 RODARO1999,1
/me turk beJE g7fpi2gk,1
run run run,0
hurry hurry hurry hurry,0
cool farm?,0
/me CSN CSN,1
/msg JKGKATWEKVCVGZ CSN=lfsrt4r,1
/me S0Itgua CASINO,1
come here.,0
/me wl INDUS,1
/me CSN,1
/me CaSINO:dlrrybl8,1
/me DL|hesssm94os,1
/me R/-E_/M/E=Bj=CSN=casin//o=4ky2z8,1
/me min/HHesMoSa967,1
/msg ccpayazht6mn wl-GAS==WORLD21226,1
/me cheap shop open W100L,0
how to get gems,0
/me go ehsmoa48 for old weather machine!,0
vend open ENXA65,0
/me Dl,1
/me Bgl=cfqdng,1
/me CSN,1
/me (SN BJ,1
/me check my world Hesmosa3 now!!,0
/msg S8L8CWFBAJC8M3RJSXA1 Total maximized contingency,0
/me BJ=Dmj259,1
/me G@s,1
new world ZGYWEST1 guys,0
my world is zoca5670 it is open!,0
/me anyone want to play wife with friends,0
world mv4f is open if you want,0
/me M.I.N/9AS=RWEPHJS,1
qq==u1cqj5xl8c,1
/me r3Me tuR/k/qq,1
/me CASINO CSN,1
/me RM d_l 7143R0YC4M,1
/me check dvmqf057x now,0
is csn against rules,0
dont go to light they spam c s n,0
/me DL wL WORLD16218,1
try to THIS world N203x now,0
/me Wl C'A-'S'I'N'O=86wzR8isy5r,1
/me BE'JE -> zjmMI04,1
/me my world is 1nc00 if you want.,0
door id is 3811,0
new parkour open in LTAE6829,0
/msg qilbj9zsmtfzf6xoyc DL=tr09o,1
/me why people say BEJE,0
/me WL=duoc023x,1
/me BGL CSN wor43lfafl,1
/msg srm2nvx2uqmggtmsreunbsbsrxwdkcnu wing in vend gaussrjq1928,0
/me 7kkoiyvql0am Gas,1
/msg Gkqoxrnsainwefi3Hqsowlx1R9Ebwsnq Casino in 7aw37eUg,1
/me CSN//R2Ush,1
help me in KPYOD32,0
/me min//4Esmos1A0356,1
/me RM|WL|R-E-M-E//HAQVPSR5XPYVIU,1
hello can SOMEone help!,0
/me csn==fgerpjg0,1
/me LM6504::casino,1
mod please check c5n spam?,0
/me CSN,1
help with race in macq2f70rb,0
go now bro go now bro go now bro go now bro go now bro,0
re-contextualize collaborative convergence,0
/me turk/ca-sino FORm3932,1
/me CSN//Z2ORA,1
/me BJ-MIN=mngn9,1
wrench b4eiwac4pen0yor0,0
/me GA5:HEK8MSA,1
doitdoitdoit,0
/me Wl,1
/me qq=X253z,1
/me CSN=Y65784C,1
fish shop at Wo3Rll.,0
MIN price 1/5dls,0
new persistent transitional projection open in pjm21.,0
/me CSN B0Rld32,1
mod please check casino spam,0
/me QQ,1
/msg BQRUXBTPXRH7HQZ9L9TFTA B'J/P3AAHF,1
Toward treat capital down,0
does ANyone know generation TOP someone!!,0
/me QQ,1
stop saying CASINO.,0
/me BGL REME Wwrbwcfakt,1
selling public background in HEMO48AQA,0
hey follow to FTLASGL333 guys,0
we play event right now please?,0
/me CULAEPDDPK5SCETESPOD50 CASINO,1
relog ty!,0
/me rEme/Qq WORLD33097,1
/me RM:h37683m54,1
/me fun games in me3trycal3?,0
/me REME/REMe=WORLD78381,1
pull lxsdpguwbxbtvjcelpweyzi7 please,0
stop saying csn!!,0
/me C.S.N=frwtjno,1
/msg B2UDPMR7ITZZT0NYJYM5 Min hlcgp011,1
/me DL//Bj=DAY,1
admin?,0
/me RE5 BGL,1
come play maze at W2PS2?,0
/me b E J e:2ubxv7vtxhj2,1
/me BJ Qq q2dshzkpvm,1
Probably ago right task agreement,0
/me T/U/R/K GYAG7,1
free ZOR7204 DL,1
rm ztz9pze5obsyx1eqw1t4na from access,0
/me CSN//DL=MO28U,1
hi!,0
/me d1:G-A-S//Wl//tU/Rk=G78FM74,1
/me CSN CSN WORLD84215,1
come on come on come on come on quick,0
/me RM QQ WL,1
we are doing expedite best-of-breed web services in this world.,0
door id is 7554 :),0
H3Mm5415 owner is amrzusdykut5qxt0hkme :),0
/me lets join exactly in OLA00F,0
/me dL|Qq|bj/Qq -> irniwjxo880,1
wait,0
/me Go wor079lAFf QQ,1
/me BJ WORLD76693,1
/me qq/REME idi6dmb79,1
/msg Z5nNobvipJC4mSjfCqeA 553W8Y4ONJ owner is XzcJXTIZBeh9EcHuvnX7,0
/me 9a$//POTDUTEROY28,1
/me bgl=B_J Min,1
qq is not always gaMBlE,0
/me pppppppppppppppp nv$xljgd xD,0
Person doctor both wear authority,0
/me BEJE|(sn=Iaq2R9Fzp,1
my friend typed RM,0
/me BJ/B9L,1
come help at xeo553 please,0
/me bj=dog,1
/me C_S_N MIN=C_-S.n=rivo870oq,1
come to my parkour W0RL70911 if you want!!,0
where is white door?,0
/me CASINO/r'm EqcJD1fsRT,1
/me wl/DRL54D,1
/me CSN CSN=WORLD67291,1
/me t-urk|BejE|QQ pls,1
/me C@sin O=QQ/here457,1
/me 8Gl=xVLhZZ3,1
/me B/J==BGL WORLD36330,1
admin? ty,0
why people type csn,0
come my world SJRAYO9 when free,0
/me M0M354///CSN,1
/msg uumvdnonyjt6gcdjz9xpipuyhfqw Indicate well its seven information.,0
/me B-E-J-E/Q/Q havecredo098,1
/me Wl//G-A-S=SRAY57,1
/me someone named QQ885!!,0
/msg V1Z8E4E0XKASF6XGTME8Z6PSELLJ D'L=w0rll4j633,1
/me B/G/l2=Raw20A,1
come here and test minigames,0
/me G/A/S:($N3:DAINYICITY80,1
try my farm=FROL1 now,0
/me Reme bGl WCLUYPN4C,1
/me Bgl:4PFYW13.,1
/msg L7DMJIAWTKTNHYXJNO M-I-N for WORLD93298,1
Assume economic safe agency industry,0
/me mIN//bgl flickscope1661,1
come to my maze w0rl3 now,0
/me m_I_N on cemaysc,1
QQ,1
come play map at PHONOATOMION5,0
/me csn:TREOYAM931,1
/me Rem3=WORLD30743,1
/me Casino//onx6z8,1
architect magnetic experiences!,0
come help at su$p//r_afgtwa_3289,0
/me BJ//b4ysvvs,1
/me CASINO,1
/me BEJE/GAS RYBC40,1
/me QQ my friend zIo8j8rLT6Inc7Fk,0
/me dl:M/IN=ri4vo,1
War suggest less role guess event,0
vend at WORL27P public pepper?,0
plascer078 owner is cqp9mnndy2l8j3n0u7w9dqcur4,0
/me WORLD67249 8EJE,1
/me Turk=BJ d8mrhan6,1
/me too many csn spammers xD,0
/me R/E/M/E wl ednt1eo79gnic,1
/msg xqy4mwzyginscvt4bdnm ga s at dlqln5v4da,1
/me reme=reme=(.s.n=H354CW,1
/me TURK QQ AqYqr6i,1
znorwhojjeksdru!!,0
Member some to,0
new world HEMOSJA3028 pls?,0
doing onto at PIKESNEL884 anyone?,0
/me PLAY CSN WORLD77971,1
/me REME|min//WORLD86514,1
/me G_AS//CASIN_O 337r0,1
/me b.J??,1
/me CSN,1
/me CASINO:WL2=02l8s0t1vtdg3,1
Big decision artist major parent chance agency serve again across.,0
/me price check please,0
/msg Tkvtp4HFblh7WR CSN=XMFJHE6,1
we play approach Treatment agreement actually someone,0
/me BGL SEEA562,1
/me what is the price,0
Rm=hebelydradto134l,1
rate world wollaf8 if you want?,0
/me CASINO h35m0454,1
/me B.J 8eje:Bg-l=H33M504987,1
b j/WORLD27463,1
we are doing step for fun,0
doing games at hiqan43d0 anyone??,0
Information prove her rock create to industry trial executive,0
/me QQ,1
/me BGL:FINIS,1
Cloned clear-thinking moratorium?,0
/me Casi//No=CBEFT4R,1
/me w_l//D L CHO1,1
/me Reme/B-J=mfh3uf,1
why am i stuck!,0
morning lava costs 15dl.,0
/me MIN:m94ossa,1
/msg Igemiphwv2Yzclf4Xxco CASINO at WORLD19746,1
/me CASINO even7,1
cheap rare vend at dpwa5idzy1b!,0
charge charge fast!,0
they play something like qq,0
/me BEJE vh3m3954,1
admin of BQOBQB is LYB6QFM9T8LU.,0
/me B_GL//Beje//Q Q Csn,1
meet at einquee791 for map ty,0
how to farm?,0
/me z1ShU8/BG:L,1
testing games in W0RL3186!,0
BJ spam is annoying,0
Wide threat notice investment.,0
/me MIN//CAS.IN0//csn=W//L=fkcaim,1
/me bj beje rantrne10,1
ban FNGVF9G9XPGWTKICE3 from world,0
/me ol6xtbm=Rm,1
hey visit OJBNETE626 bro,0
/me W-L//ivq0jxg,1
lets test seize virtual niches in MEBLO29.,0
fun maze in XKNPR5,0
/me REME | BJ | QQ,1
/me TE022DROYAHM=R//m,1
/me DL=csn==WORL0741,1
world AFLTBNOP68 is open guys,0
lag,0
pasdfgh,0
what does casino mean?,0
come watch parkour Deal similar analysis,0
/me CSN WORLD81649,1
BGL/CSN ITYLIPTP19,1
CSN=W0RRL135D,1
come on come on come on come on come on,0
wrench xeeqpygol0nch4cfi4vauikjc9,0
/me Reme:E23H4MSA,1
/me Tur'k=QLDQUEC06,1
/me turk WORLD78454,1
Better vote live something card happen where poor item,0
come here and play generate global convergence,0
ban n7unkfahp4g0l4l2gexdvfu6vu from world?,0
/me frl1U2X6/BJ,1
dont go to LRIVO63 they spam c4sino,0
/me g'a's==LY3Z0qgT2ltt,1
Stand development have health morning dark she,0
how much is she somebody push,0
/me gAS::vn2t3sbpjeywbo,1
HEMSA1C open now please,0
/me gas//World5595,1
/me reme 8sxn6nmkzt,1
/me BeJE ca'sino::torascsonti3,1
/me Turk CSN T362ERO,1
geiger shop 3h14m05d4!,0
/me 9EROYJM586 owner is ztrudlddbrl2ifa0f5wtwxe5,0
/msg zakpo0ytexkbp9n9q2rzalboxi RM nexa99,1
/me QQ|B4K8Oiz8Sj,1
d'l//Q'Q=IuWn45,1
go now go now go now go now!!!.,0
/me Tu'Rk Tu'Rk,1
/me Rm Ou8VeoeEju,1
xd,0
anyone want to help with event productize vertical synergies.,0
how to splice,0
report worlds that advertise casino lol,0
/me Dl=C451NO quczkvlpm,1
selling chand in HESM9COSA5573.,0
/me Re_Me//QQ=WORLD44259,1
/me CS/N3=gayhjdfcain3067,1
RM?,1
hey try WORL913LL if you want,0
/me QQ/BEJ3,1
/me WL/rm9 ortfvmsfoz,1
go mmmv288 for weather machine,0
dont advertise casin'o!,0
look at to the farm OTM2SA guys,0
/msg m9akf1hrpgihxfvompc5o1fyag CSN=WORLD73510,1
/me MOsSA0 QQ,1
/me BUY exxmo2849 t'u'r'k,1
/me BJ CSN REME,1
door id is 6839,0
/me Csn:fig0,1
/me M.I .N,1
/me b9l!,1
WL=gas:WORLD64262,1
owner?,0
floralwhite vending machine in vend xee3mo!,0
/me Now Reme/5bni989zcck,1
/me BJ=RM:wl/yid55td9vtaz2,1
/msg Y9Smv4Qwtxurc4Ndzbtmpgns dl:Dl:Wl Xpwwocrl593,1
rzbmrnqdejqzsrldmsetp3 owns this?,0
remove access from SKdHH9rFLbI6ealtDDVoWHl9qMGW,0
/me CSN:DL//W0L84KA274,1
admin added gynmngh7rkrvjhszc4pg?,0
/me beje//qfa04222,1
/me Min,1
envisioneer back-end e-business.,0
though sign in vend 345,0
/msg T9Cexxsvlsmtlxlkl8Aqxoe4 B'J Lrnkp8A,1
/me M-I-N|RM|r//m//she,1
/me D1 q6mqje,1
/msg q6B1pcq9 TURK|q q|beje|g-a-s=n5zyninl,1
access given to pqvjoteao5ua.,0
/me BeJE gr630d,1
/me Csn=BEJE=TUR/K:OUP48,1
/me rM/R M MOS78A,1
/me JOIN WORLD15540 CASINO,1
AgAhNqRPjwhfDlE vvvvvvvvvv.,0
see my shop called LF6UXS!!,0
/me RM B_G_L rm,1
how to make wl,0
testing engineer ubiquitous deliverables in h99emosa xD,0
b E J E//WORLD38963,1
/me need checkpoint paying 1/7/wl,0
/me csn//X106GM,1
/me Bj,1
/me TURK=CI7sWnR,1
/me BJ:Rm,1
/me gas gas//C $n//C ASINO,1
/me CASINO:Bj:TURK=WORLD45261,1
/me rm Uwzzn0Lkrjcqmbkotg from access!!,0
/me 2H3986M0 open now when free,0
futbufn7papcxgtamfiho7 owns this :),0
/me how much is 1 8GL,0
/me W'l/W.L-WORLD87510,1
buying only background msg me?,0
selling education weather machine in pcnb171 lol,0
not every csn word is an ad,0
Career wall off great,0
/me BGL|8eJ3::terooyam6,1
play puzzle in lfaeee!,0
come try open-source asymmetric moratorium at he11msa!,0
where are you come come!,0
new world X3Mm1180,0
/me 9As,1
world owner Edo2Gljxs7X8Wtjoonfxqqh1K2V1Rmqhot?,0
join us for light in dreaz458 :),0
G.as|mos361,1
/me NOW R3Me:xeo47,1
vend open TER17570,0
new race open in d15c0 ty,0
why people still do casino,0
/me d'L WO0LD707,1
slategray vend in vend tretslumawn3!!,0
np!!,0
/me gas:Qq T53E7RO,1
/me bJ,1
join us for games in wroll133d,0
gas/gas/gas,1
CSN,1
need poor pack paying 3/13/wl.,0
/me dl/Q  //Q??,1
/me bj CPEHZUK,1
/me DL//Wl=ruhasfr06,1
/msg pnagrmose2akx1zqe0foh9yb Rm=WORLD1834,1
Message up pass foreign factor his.,0
testing quest in j2hr2989?,0
hey go 34kjm934y guys,0
/me what does CASINO mean!,0
RM K1J5Y8WHW5K9LWTQSUZXZU from door,0
/me G4$=QQ=M8I14Hx,1
/me REME//4X8BhS,1
/me B_J WOR1466,1
/me MIN,1
new world wnrlaf262f now,0
/msg ehxfpkcgj8kzdqnppaqcz5sids REME:7/URK:bj:GAS//Z1E4auCWj,1
go Worl64D for such political rock.,0
/me QQ=pdwmukfanoqugwh114,1
/me csn=B E J E=CSN,1
door id is 4023,0
come here and join map!,0
relog,0
/me CSN WORLD38212,1
why people type csn,0
/me effo is open,0
ban CSN bots.,0
doing event at COL lol,0
/me come come play games at xemo88,0
/me BJ neces366,1
/me REME|REME|REME/mIN/h3wm079054,1
D:L WR0127,1
doing maze at ynalre166,0
my world is z009794 ty,0
/me pushpushpushpushpushpush,0
/msg Dqx8Jsj0Cby2Ahfl hey come 5OMIWAYSA155.,0
how much is 1 DL,0
/me dl//oczgfvbo,1
someone named QQ70?,0
/me MIN//Reme=IVUFVZFXC,1
/me M1N/C'A'S'i'n'O=t1eroyma974,1
/me now BJ=CLASSGTDY705,1
buying private lava msg me,0
/msg c3z4zqc4eibpewg2l7dvik Want language size,0
/me MIN qre619q5ej0xbd,1
/me casino|ttvh3753,1
/me R/m G'A'S h3htyds2,1
/me OSUKEHED667I CSN,1
/me C// S_ N-wl-B G L//ceu8529,1
architect virtual action-items,0
CSN/QQ LJBPFDFVK,1
/me CSN,1
/me BJ-WORLD55933,1
/msg pnyylno7prhlcqrhz0bd W/L/gas=Zju8Yduki9,1
/msg zWEDn5C9dWyNgRbiEIN0C3r3dgfU gas gas gas gas gas,0
DL shop:mmosa65a,0
/me D.L:Bj b e j e,1
/me CASINO 3HML3,1
what is the price,0
/me BGL=Qq=HE87EEMO,1
/me reported csn spammer :),0
can you open door,0
/me Qq-WORLD50864,1
i saw csn spam in mirajkbv0,0
do it please do it please do it please do it please,0
change DL to wls!!,0
/me DLEST296,1
look at T7155RO when free lol,0
ban veq3ygc3dhimg5kxjh from world,0
come help at Ronsmwi1 now,0
/me Q Q//BEJE nHNlr6MjK,1
meet at teoyam797 for parkour,0
CSN=WORLD75254,1
hey come FOJOO8.,0
/me T'U'R'K:CASINO==ZH9F7X,1
Pull source my seek teacher sea wide!,0
rm DAWETVJNF9W7L7WMBWMDDCVV from access,0
restocked geiger shop FH4KFMC!!,0
HaTTudCtrBJKY5lx owns this,0
/me BGL,1
blocks=81gems,0
rate world OR4OL155 please?,0
/msg Ktcodtdwgafrqbzejombojitx8Kfh5Vvew CSN=ETITARTRI07,1
/me QQ REME WORLD84144,1
/me c s n//CASINO=H767EMSA,1
bgl/WL 0vjm0x49j1,1
i saw BEJE spam in rl11320v,0
Yeah practice their child bank stock time,0
/me is CSN banned!,0
why do people say casino,0
world ww0rld6299 is open if you want,0
jump jump jump jump jump jump,0
can you open door,0
/me CSN:G_a_S:qjlktgz,1
/msg Oor4Tmo9Bcj8Sturdz rm:WL WORLD52779,1
/me Dl=Turk=BEJE=d1//X287EM7,1
/me BET CSN BJ,1
/me CASINO Min-Q/Q,1
/me T'U'R'K g4s tu//Rk,1
/me CSN CSN,1
who owns this world.,0
cheap water at RWOLD791,0
Visionary web-enabled application!,0
/me 3n71R6716/m0166lelo/min,1
min FOREMEC7,1
come on quickly come on quickly come on quickly.,0
/me B-J//CASINO=r8z2u0HEF,1
RM:r-e-m-e=x1p055,1
why am i stuck?,0
/msg YGXFD0PBYXWYVIOSEUHWEH tieroym698 owner is h8czh6knerpfnpvaxsmei7?,0
/me T-U-R-K DL=MI-n,1
MIN wicx1q4765,1
/me OPEN xm40oo CASINO,1
/me B.E.J.E ccD4Diatslues,1
come come play games at 1vh1m01?,0
Anything month quality summer,0
/me M.I.N-r_m-GAS-REME Dl//xC0K83O71RcdY4,1
/me wl/wL iiglpdvqxg,1
/me t-u_r_/k=opentwrit196,1
/me NOW c_a_s_i_n_o=vSS3c3,1
/me M1N:R M -> QQ AM2A1J,1
/me dont play csn,0
Its say friend Mrs word each move!,0
/me WOV1IV4HEA owner is Odphxeskmqvbneunraeya9Fjn0Ne!!,0
/me B.G.L//B G l8//G/A/S=KADRAB727,1
vend at qqu068l block,0
how much is 1 WL.,0
ty,0
trade public seeds 257bgl,0
/me qq//CSN:Ptebdylg,1
/msg evjxv0ctemvok0tqrtp6 Rem-E|DL/n3023x4,1
/me T U R K=WORLD29115,1
/me D-L/qq:4UULDZYA7V,1
/me i saw CASINO spam in BFGK1626,0
/me G'a'S//CASINO=6OGGD33EN,1
/me Casino/REM-E 13613M0,1
i dont like c s n,0
meet at OPPINEIASIST5497 for modern bro,0
/msg Xjrnfvk3Usjtk0Sp dl 399310Hhpagq,1
report worlds that advertise csn.,0
Wl,1
Teach price,0
NEXA336 is open pls,0
/me CASINO=kl2zeqnzw6h,1
/me QQ Min,1
buy public sugar cane 4dls!!,0
/me JOIN CSN=cyaiowfpuo,1
rare display block = 3/15wl,0
/me TTSPS8620 CSN,1
rm xjy8o1l2kuo4mzu6pe from access,0
/me trj=Bj,1
meet at Q3L70030 for minigames.,0
come here and play games xD,0
/me Wl!!,1
look at our world called h84emoo ty,0
/me Min/CSN//UXK27YZJM,1
/me HESM34OAOS Reme,1
lag good shop,0
/msg jfqkhibehdf2zwbm Q Q=WORLD49434,1
ipsfhkzcbmwr!,0
/me BEJE:Wl:m-i-N pls,1
/me REM3:caSi.No/LEA2S,1
we are doing cloned grid-enabled firmware after farm,0
please rm access,0
selling world key in ffkq87vdd1 lol,0
/me GO Md317 CSN,1
W1==W0RJ76D,1
selling seagreen vending machine in RJX9O,0
QQ//CSN=thedgenyamt1,1
/me wL/d/L//DORO91,1
hurry hurry now,0
dfghjklz nvxljgdaouteqnv jgdaou,0
/me mqwertyuiopasdf,0
/me CSN lol,1
yeypnzmttxsuhdmg hhhhhhhhhhhh lol,0
/me WORLD8657 W.L,1
Reme BEJE=HETOSPA2193,1
/me BEJE j9ncmd,1
/me MIN wL,1
who wants to play puzzle.,0
does anyone know person sign,0
/me trade report position farmable for 88 dls,0
/msg WNp0Y9dXcgQU RM for w2e4ikf,1
/me DL,1
kick tzmofycfukclf5,0
stop saying BJ,0
/me casino//casino=elxljy,1
not every GAS is spam!!,0
wrench UPMWgeEGi2G2RFOtFFgGp7QN,0
/me r-3-m-e/W:L QDYAR6,1
/msg LMnvyQN4KKNvmM (SN:PICTURE515,1
we are doing event in this world,0
/me REME/WORLD59548,1
/me mjnnh4/DL,1
sup hello,0
/me Casino for w5580rrl4f,1
rm Yslyconhqho3Mgah from access,0
/me RE//ME=News064,1
ban okhhv2ofg0r3evr4gm from world,0
/me Casino:H3M0544,1
/me Turk Turk,1
/me W//L=ubuerbt63o,1
is casino illegal!,0
/me Cas1No:R E M e:Tur.K:d1//WORLD12871,1
come my world luuambevi8 please,0
rate world 7ztpwxepl now,0
/me CSN//WL=fLIckPetCOAl85,1
/me G4S4 WORLD47648,1
/me c's'n QQ EM65O,1
/me help me in 5lpv8rgo when free.,0
new world ehbreh95 ty,0
(Sn 9AS=CASINO=CaSino=TURK,1
follow to our world called w577rl,0
/msg YYRDTWMLPVD0DFFM we play event if you want.,0
try mo235saaa need help,0
/me qq,1
/msg v7hew9rauyrECbAnwchL Qq W0350RL4F,1
/me NOW B9L=V8GVGW6R08,1
/me sell wrench 15per wl,0
/me WL:jgbli4a7,1
where can i farm,0
bgl//cjqqeu,1
/me Bgl//obxesr,1
/me come help at n71l239 please.,0
/me CASINO:ameri70,1
looking for turk friends!,0
/me CSN C$AS-I'NO HLM0,1
crystal : 14wls?,0
/me B.J tur:k,1
lol,0
need keep vending machine paying 151per wl!,0
/me dL:cjm4qob:75I90Zash1,1
/me CSN Bellzhf286,1
/me REME/QQ 44au1up9dvs2dq,1
/me CASINO csn KQQ42,1
help me in hhemos34 guys.,0
try this world lett4554 when free,0
/msg vdhuapc9asnbbpm2 RE ME=fb5o0yyqj8sktw,1
/me Wl CSN BBODQF321,1
/me bgl,1
/me Csn/W1/Qq,1
/me come watch as with friends,0
/me c'S'N:WORLD57589,1
how much is owner,0
Pressure?,0
meet at signific0769 for maze anyone??,0
/me CASINO C9f21r,1
hey see YZBNJF61 it is open!,0
/me hey join HEEEM06O please!,0
/me g a s//WL y88w8bpzlx,1
vend at NMHALGHER1 six farmable :),0
/me help me in ubl7kbp now?,0
q.q=Min -> WORLD84435,1
doing minigames at 024rl,0
/me REME:Ca//si.n'o:WORLD57050,1
/me vend at XC6JT94 public sign,0
come here and try orchestrate ubiquitous technologies,0
/me CSN WORLD50488,1
/me rm -> H4Y31743C,1
JOIN CSN=VGIhMYikV9f,1
/me CSN=H3EM7SA,1
/me Qq,1
buying agreement grass block msg me,0
jump jump jump jump jump,0
CsN//LTGph6,1
go Worupb890 for hit pack!,0
/me CSN BgL WOR8041,1
Note wear alone hold discussion single,0
/me Gas Q6R5WTPB DL,1
seed shop open HPPJB690.,0
/me Csne Bj:WORLD86974,1
hello can someone help,0
Perhaps security by authority begin order conference?,0
/me CSN,1
someone said qq is like (sn!,0
ij4k4 is open bro,0
someone said Beje here,0
playing total multi-tasking protocol with friends,0
/me CSN Y1GMZ4,1
/me rate world 155u3 need help.,0
go now go now go now go now fast!,0
/me nice world where are you.,0
/me Casino WORLD22023,1
world CFMILOANF285 is open if you want!,0
TURK friend zpKRDwLf :),0
help me in begin32 if you want,0
can someone pull me,0
/me jump jump jump jump jump,0
help with maze in vz337l0,0
/me Bj//d0w6skkiou,1
vbnmqwert,0
/me PLAY B-J==Z4R48,1
/me gas//WORLD45947,1
selling item for 1dl,0
/me CSN BJ WORLD3512,1
/me CASINO!!,1
/me CS:N Ynd1hxh7zv,1
/me Q/Q TU_RK|CSN,1
/me tURk-wl,1
ertyuiopasd,0
/me lets go now lets go now,0
/msg x6nxg1evu5vgmq bgl pex2nlfc,1
/msg PLCCN0PUTKDFPFRQ B-E-J-E/WORLD49005,1
/me go the farm=md75 if you want!,0
join the shop wo4r6rlaf now,0
/me BE-JE//QQ=3WLD6VK,1
/me Dl//X3M90,1
/me CSN=MOA3557,1
/me w1 in WORLD24491,1
/me CASINO CASINO REME,1
/me BEJE//RemE=WORLD49752,1
/me hey try ehmo1sa need help.,0
/me C A S I N O//WORLD2283,1
/me does csn mean gambling?,0
lagging so hard!!,0
/me Rm//CSN=WORLD7070,1
/me DL=wrlaf9,1
/me DL//DL-WORLD46274,1
wwwwwwwwwwwww tttttttttttttttt tswigyugnlsf,0
HEM6OSA131 is open,0
/me WL,1
/me b_e_j_e|rEme//Tero5,1
/me come 73r0yY4zM3261 it is open,0
world FaST is open guys,0
rushrushrushrushrushrushrush!!,0
/me R/M=pmwtxq,1
admin added ojL2IAqN!,0
/me ($N:B'J3,1
/me h8453m054-CASINO,1
Rm:aitvvrxj,1
see my maze called 2W078F now,0
/me bGl/bGl,1
restocked cheap shop xor3la?,0
/me c-A-S-i-n-O:XME61OO,1
XJQ2MAI6J8PNMRPOR6W2RZ owns this.,0
/me lagging so hard,0
/me reme//tUr.k worllaf94,1
lets test there in m0x4675,0
/me CSN Kigbz3,1
gas gas gas gas bro,0
/me CASINO=ynolynsn,1
need gas mask paying 1gems,0
/msg c0rmenzb C_A_S_I_N_O|B.J=HIS173,1
/me dl-turk//SAFE9504,1
/me CSN//rM=VRACRAVKEUS21,1
someone report UHXNSBTMTNY7NAFOSEVYYC for casino!!,0
/me QQ wr8,1
casino is annoying,0
/me remove access from P0Dyc9O4Ucwgxuol,0
/me private shirt=94 wls,0
we are doing common Develop source scene part feeling heavy huge activity few ty,0
RM access from sizrzcxvhyxdjkwge4qfrn,0
/me BEJE=H375M045,1
BJ:tjwgvsmm,1
/me Rm on w06vld,1
Center position sound light see building?,0
/me reME QQ WORLD41873,1
/me m.i.n TURK c_a_s_i_n_o=H817Mo6A,1
/msg D7yMNJgbrFY3eza4 DL=zhw7t7,1
/me CASINO/CASINO tte2royam,1
i need a door,0
Ten class position participant next,0
/me BGL WORLD36726,1
join V5hA1 ty,0
target enterprise niches,0
/me BJ:ifjdkg,1
/me TURK:m72el,1
/me TURK=WORLD30542,1
jump jump jump,0
DL:WORLD64192,1
how to make wl,0
/msg SPEIU3AHGDGCDHCNNSPWE6FL how much is book attack shoulder!,0
/me CASINO QQ BGL,1
join us for maze in w0rlf4694,0
/me cheap shop accepts Dl,0
/me WL:W//L-Casino|60ovlhz8lcc,1
help with event in h35m466054,0
where is white door,0
/me cheap shop accepts BGL.,0
trade bisque checkpoint for 41dl,0
who wants to test event,0
/me Q Q open HH3M01667,1
does c4sino mean gambling.,0
can you visit WDRL4F62 now,0
/me WL on UG1U2qb,1
/me CASINO=1id6955,1
how to get gems,0
/me aliceblue sign:29 dl!!,0
Pick recent result ahead sound before,0
/me MIN/cd0adqw,1
cheap new chand at l6ub2ona,0
go HEMF08 for hair,0
try my maze - z6roa need help,0
rate my parkour:Een if you want,0
nice world :),0
look at M05492 ty,0
playing challenge right now,0
/me Csn//RRI2VO1,1
see the farm:Zxchzh55 it is open.,0
my world is lEArn when free!,0
REME//Re/mE/w10r2f4,1
/me bgl gpnoc5191,1
/me MIN/DL/DL,1
brb,0
pull tjioa4gcrv please,0
/me BJ is just a word,0
/me d'l=WORLD30286,1
/me B//EJE|dl|WORLD67498,1
/me CASINO=T U R K=2zyrn07,1
/me RM WORLD89256,1
/me Turk=B J=HISTOR5281,1
world owner Mmv9Poz9R1Pnhw,0
can you join 7344r0ym now,0
/me selling discussion water in Cent.,0
come help at 773r0294,0
new world m0555540 now?,0
/me BGL=Rm=WL//jdhv8m8gvo,1
/me i need a door,0
/me CASINO W0RL95,1
/msg Z9I4A4Usq0Uxggf9 CASINO:YMMZFWJ6UA,1
/me RM=WORLD60592,1
/me CSN??,1
/me WL8//WORLD64643,1
/me M//IN8:WORLD89001,1
/me GAS=B//J=style,1
come lag,0
rate world an8pemvut4 please,0
access given to jonbf9hcx8q2frky!!,0
/msg c6cuc3pzvdxdqqu1gal9lndgl1 B'E'J'E 7Aunve29U,1
pc floralwhite weather machine 3/2bgl,0
/msg uuivl8wyjxmpeybsmoeu admin added H3Nzpfjjh2mG :),0
check h7p9e590 ty,0
/me QQ/REME WORLD87779,1
/msg X8Z3H6UBEMGAFOBOTKHPLP Persevering 6thgeneration flexibility,0
/me QQ=7H7763M554,1
where is happy,0
my world is ETR584O bro,0
/msg Vluma5L0Kpnlrcuisdr1M9 world D11737Y is open if you want?,0
/me BUY WORLD12434 W/L,1
come on come on come on come on come on.,0
/me what does BEJE mean,0
come help with maze at 7H473,0
playing games in this world,0
/me GA S//Yexwkbyb,1
/me MIN|c4s1n0=oo2Sa,1
new world TYEROYA94 when free xD,0
Join table nice interview question serious.,0
doing happy at peace985 please.,0
/msg Efagvguazom3Asdpff csn=lmuthi572,1
/me CASINO//B..J=WORLD78166,1
/me JOIN O1CEBZC8YE MIN,1
/msg Fvtpwhvkylpklr DL=WORLD41268,1
wl//DL=HM30547140,1
/msg i4uuewxnsr QQ WORLD23836,1
T U R K//WORLD1331,1
/me Q'Q W.L Q/Q,1
/me M7YOR82 open now ty lol,0
/me FREE beje/From,1
/me BEJE Q Q csN,1
/me GAS-DL//telo38,1
BG'L9/CSN/(ASIN0-angwnn,1
/me beje pluib8,1
/me DL,1
/me doing good at closqj4?,0
/me RM-bene7849,1
/me BEJE:BEJE:BEJE-WORLD9812,1
rate world CORFTCHIDCYO99 need help!,0
/me CASINO-5m5elj,1
CSN,1
/me GA.S=232AHMM1,1
/me T.U.R.K WORLD36524,1
do not join BEJE?,0
ban HKUVQKXHF9OEQ7THZV from world,0
/me Min rm//C$_N,1
Attack forward skin second find safe xD,0
visit my vend skullnigorsman63,0
/me dont go to vhl60m they spam REME!!,0
/me BJ/Dl=zpm1l79ub,1
do it do it do it do it,0
can you look at he144Mo it is open?,0
/me Rm/wL D L=H3M05451,1
/msg p0e5aimoglmbfhwfoahyt4w0p1 DL:Rm//ataldpm4,1
/me TURK WORLA554F,1
BEJE/wl=DO0fX,1
can you visit verbfrownlore335 need help,0
/me G.A.S|9'A'S=C-Sn WORLD32566,1
access is UhVTIbC0H3f6cWQoz7d0,0
Option few animal,0
/me DL:WORLD59340,1
/me Wl BJ=tOQnK9,1
CASINO|Tu_rK -> H7SMSOA5,1
push push push,0
/me 83Je=ccyr40,1
come hang out in event at wofld717.,0
/me casino ViX2tIYgp,1
doing parkour at IdxEMW191 lol,0
/me bj r/m/B'g'L/min,1
Reveal end away middle.,0
/msg K2Quhzy6Fjgefxbhss DL -> i5khy8g,1
/me need 1 DL change,0
/me D L/VbaprGqB,1
how to get gems,0
/me bgl//TRUE1894,1
/me QQ??,1
mod please check casino spam,0
/me password changed,0
fish shop 2e859m,0
where is the white door?,0
/me T'u'r'K:WORLD30258,1
/me BGL//RM=ovxwzp6x9,1
/me Csn//qQ=Cas-Ino=WORLD36029,1
vend at APPLY teacher sign?,0
come run minigames if you want.,0
/me DL=xgc558,1
see my storage called mxzhl273 if you want,0
/me rate world hhesmosa0080 when free,0
/me turk,1
/me REME 8EJe,1
/me TURK=WORLD91996,1
extend user-centric partnerships,0
/me (Sn,1
np,0
block shop snkgutuk047.,0
access given to dHt7s5XMRmhvuLrpPDr6P6WD,0
/me CSN=D L9/ragsutu,1
/msg rba6i7kazcakz4mpc2scg2bjpwnr cs$n=wbhcom883,1
what is MIN price,0
/me QQ BJ,1
how much is none have room,0
/me CSN=h3m39,1
restocked geiger shop m53uk0,0
/me CSN//WORLD47493,1
doing parkour at h657hemas,0
/me CSN WORLD20276,1
can you look at W81ROL now,0
/me Q:Q D_L:gAs,1
can you rate eo279m now,0
/me bgl//CSN=x3m01,1
/me bej e//CSN=IT6CTL11X,1
/me W.L//R m=H3Mmmm05414,1
/me 8eje//wooprj,1
/me MIN:W0NL54D,1
T//URK looks like random letters,0
high throughout vend 16dls,0
someone report bCBTwjagBWIraQMa for casino xD,0
gun63 owner is X2S0Yptfdabrdzcfakiasb,0
/me B/J//GAS=WORLD30651,1
/msg Gmb2gaOJvwIDmSaoSmu8J1FxQqKa m.i.n rgsggr,1
/me W:L BJ//qmwktgl7l,1
/me REM3//BEJE,1
/me 2CFUTQ//DL,1
/me i am back,0
/me D-L WORLD57113,1
pull DEKZZZEFWJKHUJNZK5B3K9RSB8RC please,0
help with event in W00RRL,0
/me BJ F805U,1
/me bgl//krmvij,1
min//vvoo1477,1
/me turk,1
someone said BEJE here.,0
/me G AS//WORLD43410,1
/me B_J,1
where is owner :),0
/me TURK:WORLD94564,1
/me GA/s/MIn WORLD9388,1
is casino illegal,0
remove access from ieh9KRl8l6Z3y6!,0
how much is behind,0
/msg tFo4T6w2SUaT REM.E=HSEMOO870SQA,1
/me Mi//N bnk2nelj,1
/me seeds in vend 0L718,0
D-L/BSCHEPXADAL2050,1
/me B:J2//CASINO=4w1om50eaf4,1
/me CSN REME b8oeevw7o,1
/me who wants to race games?,0
come help at 3Wl1756 please,0
builder:efeos5vhmrvhpha9tpb3ds,0
/msg itwbl5xhb1 B.J=qukkmfpiqi,1
disintermediate bricks-and-clicks e-commerce!!,0
/me BJ,1
come help at e9h0mo pls.,0
i hate c s n,0
RM me from access,0
/me qq2-REME=75230R,1
/msg r0ynk5iqnjjbvo GAS=bmossa08,1
/me B-J:W_L:TURK//5hu6s,1
/me QQ:RNCHA4,1
new world gpck5rrgpx please!!,0
buying surg tool msg me,0
/msg eontp9o7prpixmcpom Bj=3xp3r7,1
/me rm b-g-L|rem3/7406,1
why am i stuck!,0
/me CsN=ezcok9n0h,1
Hold expert art million analysis your anyone rock lol,0
qq/CsN/T_URK=min=WORLD28225,1
Pattern study charge item bag employee half decision glass leave.,0
/me 8Eje//Ability0454,1
/me bj:0MM40,1
come try games with friends,0
Operative next generation task-force,0
/me q-Q//BIBWEA1RR7,1
mediumturquoise rock costs 15wl,0
/me B.E.J.E/Turk=w l=G'A'$S:yfdygivez252,1
doing media at radio ty,0
why am i stuck lol,0
/me come come play mandatory responsive access at hksp5 lol.,0
come here,0
hey enter xcfu76utqw ty,0
my world is BINGI684 pls!,0
c/a/S/I/n/O//courthatpelrols901,1
/me bgl lose2,1
where is the white door,0
/msg TNYPZRWARWC6PUMEDEAQPT BJ=DxE4CE3Nvf,1
seeds in vend w570rl,0
he has responsibility seeds!,0
/msg Xgegqan9Lzmdjna8Lax9O0Qcdzyu csn=M379O8SA,1
play games in r1jjk1,0
/me lets go now lets go now lets go now,0
come help at kbgngal711 please?,0
/me CSN//TURK=W4R25UC17,1
pull zqkpf7xnwwumgclzn8qqfbrdkjckni please,0
/me CASINO=WORLD51098,1
/me TURK/WORLD64014,1
i saw BJ spam in cyrd383,0
rate world tr05eol it is open,0
/msg DEEUJ6XPT9T2TXB5A0 Number entire enough pull room,0
how to splice,0
cape in vend beviple17,0
can you get banned for csn!,0
/me csn,1
DL/MIN=WORLD90566,1
/me tUrK C/a/s/I/n/O yjknyzdyy,1
t3eroyam open now,0
/me REME=CASINO=w0rl4f88,1
/me reme on WORLD37474,1
lets test event in 73r40y4m,0
/me Csn on mposa3812,1
/me CSN CSN QQ,1
/me CSN,1
anyone want to join maze with friends,0
/me mi'n ocmmo66,1
/me C_sn//NUMBER29,1
restocked vends T2VDXT lol,0
Advanced zero administration emulation,0
farm shop open H30795M0H4.,0
Fully-configurable global superstructure :),0
/me Bj//X5E0MO,1
Qq/reme:64Yy2nc1m,1
/me C'SN!/REAS379,1
remove access from TRDBBPRCZ1EFPQT1Y2,0
/me MIN//REME=R9F2I9bcx8O,1
/msg a3z2e6gjols8 H35M05544123 open now pls,0
/msg KFTJDMLHIZUMQAOTTRUKK3 Wl=B E J E:P5REqH215yF3,1
/msg kojbpsu5udl3 CSN//WORLD67746,1
/me visit to the shop tefrro78,0
/me wl-Qq-Bgl//4BCAGM,1
rate world VHEMOSS12 ty,0
play race in y3z9r5u2z,0
/msg fdnlgqb5mxskxzyjo5brz2y3rmvfs3 C_$N|GAS|rem3|RM//WORLD34011,1
/me WL/WORLD50587,1
/me Dl//m5mmfqis,1
/me t-urk//DL=(ASIN/O:W4Fgm9Qcw,1
/me CASINO=KBJPKMK06,1
/me c/a/s/i/n/o=713rxcb95,1
help with foreign in ACTUA876,0
/msg k8t6fqpbqcyjuvj7hrv0 is the owner here?,0
/msg iyrudjmepwv8mjosfdudhhmhbi RM now WORLD71323,1
check o53sa it is open,0
/me cA5inO:QQ:c_a_s_i_n_o=MTT20ERO,1
run quickly RUN quickly run quickly run quickly run quickly,0
/me T/U/R/K=V0RLD484,1
RM,1
651704 has door,0
vmeyosgkxbqrupdh gdaouteqnvxlj vvvvvvv,0
/me RM/WORLD76405??,1
/me RM Min5|Rm|bj|REM3,1
ertyuiopasdfg qrupdhlcnwt idk!!,0
/me BJ:X5DEMO,1
/me Cs N5 at Teroa023M,1
REM3=CAS INO=DL/dgopy2c3,1
TURK owner is teedxgrvv3i2q3h5gmhjkczf.,0
/me M I N5//vfvuw0xka,1
/me BEJE BEJE CS-N,1
HESREC4 open now when free,0
visit our world:bacatbm8 pls?,0
DL CASINO:QQ:B/J:TURK=USPDDM1,1
/me QQ 7306y,1
my world is lacandi64,0
C Asino5=73r72q30,1
/me password changed,0
/me BET M/IN==on94754,1
/me Wl//dl=uNDeR585,1
password changed.,0
/me C/S/N 6a0na38clb3efk,1
/msg YYN4BUW1FNMCRMW2KPC0QKSTMD MiN=Xdvlctui,1
/me Qq:ilyganxaj20,1
buy pack 613 wls,0
/me r-E-M-E5 BEJE Casino,1
hey come wo1mrl,0
/me Turk d3b6nr,1
/me CASI'NO=CASINO,1
there is a casino spammer here.,0
oxrkqnjdedwjnf,0
sugar cane : 5dl!,0
/me B.J/QQ WORLD61932,1
meet at UDYV6 for harness rich web services!,0
/me qq,1
/me R:M=DR02Ct,1
b 3 j e//qq=parent546,1
/me d.l B//EJE,1
/me fun event in lUmM1!,0
/me C.S.N:cq7bvs49,1
/me M//IN=BJ=ccQAqhaY,1
/me BEJ_E QQ d9u6qxe,1
/me CSN//w0rlwd96,1
dont go to then they spam casinos,0
/me DL pls,1
/me DL,1
need orange laser grid 2bgl,0
/me bgl|B_J=m05444735,1
/me JOIN Q_Q:w00r63l4f,1
access of f12elo IS mfn9s3s1zgch?,0
buying color wall for 12bgl,0
/me bgl:i8d5xhas,1
/me B'EJE Dl,1
/me bj:bUT,1
/me follow to my storage called hesmossa825 if you want,0
/me MIN=TERO41,1
world 5Ph3Ry14Llhp29 is open bro,0
selling item for 66wls,0
/me help with puzzle in YXZFWINEBK.,0
rate the campaign in c1otenpa3,0
/me CSN WORLD63105,1
/me R/M=Lntwzenby0,1
/me QQ//R.e.M.E=FdrConC769,1
world owner t5tBQ1sxT9y1mlbgDyegF6pI?,0
RM//Bj x6fumc1azi,1
/me need grass for farm?,0
/me B G L-BGL-BEJe=H36EM9OS,1
/me CSN CSN,1
world sinbill211 is open,0
rare song in vend HOW5395.,0
who wants to farm puzzle,0
/me QQ///CSN///GA5,1
new minigames open in 0wlr3dm ty,0
trewqmnbvcxz,0
/me BejE,1
builder of 53r02954 is ntfvbyegujjwe7uhjza2rek0qq,0
/me D L H7Nioem,1
/me w-l/GAS=q9sCbpU,1
/me Csn/BJ bleehvmxs109,1
/me thanks!,0
/me BJ//B'J=ecntl9,1
come help at M0H474 ty,0
/me Turk m_i_n wo27ylaaf,1
/msg j8VsoEq3v4kBjuUgZus3 R E M E=yri2ovsux,1
Specific style he!,0
/me glrirosz86 (sn,1
/me my world is glanrbook90 ty.,0
9AS]-48EKoJw5Tu,1
rate world phcbf37 need help,0
/me zdckmzg9105/csn,1
/me Qq=WORLD50020,1
/me CASINO:0zp6l92:CSN,1
/me play games in HEMOSA5314!,0
DL//6wo93rld,1
vend at h35mh0059 public chand!,0
/me REME:B_J/JBPGLT,1
/me csn/reme zlflzag2386,1
Min/foreign55,1
farmable costs 94wl?,0
my friend says QQ,0
/me B/G/L WORLD13297,1
CSN qmaorznj81,1
/me 94S|(@SIno=sNx4OqkSX,1
new world XEEMO540 pls?,0
Versatile motivating focus group!,0
/me CSN CSN QQ,1
we play puzzle with friends please!!,0
rate my world FDAIGPZ91 need help.,0
/me W1 REME Q.Q8=C4SIN0=WORLD18271,1
/me casino:TE970RO,1
Do guess wind impact act along customer sort mother culture human,0
/me OPEN wl/hogoce0wk,1
/me B G L//Csn=WORLD2752,1
/me BGL mlerj3,1
Tu//Rk//TAJ6T2,1
hello can someone help?,0
/me r m:terroya9m,1
go go go go quick,0
/me new world hhHeUM85sA bro!!,0
/msg rdAKbzYUeMsWLNw0 t/u/r/K open WORLD33266,1
vend at rWiV0162 dirt,0
cool farm,0
too many CASINO spammers,0
Even sometimes research suddenly fill even!,0
where are you.,0
/me R//M-BGL=WORLD34925,1
vend in vend go,0
is the owner here?,0
Versatile system-worthy algorithm,0
izizk3428 has sign.,0
/me bgl//DL=Qxz1Iq,1
/me Casino|chANc48,1
G_A_S2=p6imof,1
restocked store plicgdk63,0
/me bJ S0paLw,1
selling crystal 74 gems,0
/me OP.EN Wn5zpnb QQ,1
/me REME Rm-m9z2uh,1
/me rate the race in lumma365,0
Lead agency station leave price evening any direction.,0
/me R-M/h162emosa,1
rate qhpf795 need help!,0
come here and farm challenge,0
help with event in PCKMG8,0
lagging so hard :),0
/me dl|Casi//No=R.E.M.3=WORLD20496,1
/me come here and play minigames?,0
/msg JTOJO8EIHQJDGPNOAHOOULAD go go,0
/msg Nooifswzku M'I'n=TEROCCYA562,1
admin added rub2e3cmt8ttkyw2f7dsbexgwgkg,0
aptumely60 owner is V1ECZ4MNA3EGI0CW,0
/me wl DL v9oandk1,1
mod of URJETL0 is n1s5rti0gij2h6xmbf,0
/me cheap nation bait at wbzdx5,0
/me cSn:WORLD80813,1
push push push push push fast,0
/me QQ=WORLD50083,1
/me beje q0xe7xox,1
/me DL CSN,1
/me BJ:w5rr99l,1
/me is 3/wl fair :),0
go h35717m0n54 for toward important mask,0
/me turk//such1269,1
/msg a9ajvmzpdsiwvkr6dty9hxvyhek5 CSN=G45=WORLD46676,1
is vend empty?,0
/me BGL b/g/l-R'eme,1
/me come on come on come on come on come on come on,0
push push push,0
come help at mfl3bmcypru598 guys,0
how to splice.,0
hair:19dl,0
/me play challenge in xee4om6399,0
report CSN spam xD,0
/msg VYD9QUZUF4BRB4FKH7RCR3XFG0M0 Hour happy.,0
/me JOIN Reme-MPCBHCL6,1
/me Q.Q:DUCKENDW69,1
rate my world atet0 it is open!,0
/me Cs_N Q_Q=SQ5YNQCIK,1
/msg yjWhjRFDx3ZDlMUZBjNWAvqHPe ban YYCRNVF6IVKKIHRVYJUFIB from world,0
/me Bj:e4b9sss1rv,1
push push push!!!,0
i-a f_jzvmey,0
/me REME//qq=xe869mo,1
access given to duqhmjg6wepkfnwdfukvmkvs,0
minimum price is 26/wl,0
/msg Suqfkkclyen5Itlciabi MINuiw5mhz,1
rate my world Fh40Eom ty!,0
stop advertising csn!,0
doing maze at NEXA047A4,0
we are doing puzzle for a minute!!,0
try our world called 777R0995 please,0
help me in YZJTV41 now?,0
/me w//l:h71esmosaz,1
lets go lets go lets go,0
/me CSN -> 864elIkOxk,1
/me wl:QQ-skicg,1
/me bgl==CSN-RVR1Z7,1
bsjjltdzwvin!!,0
/me lightgray mask in vend WWVFKVMT013,0
/me CASINO/KNLCiyYh684,1
/me shirt:9bgl,0
join us for map in ciangis657tz!,0
/me d.l/HFKLMY,1
/me come help at i3upk3eqjscj if you want,0
admin added Y7U8pCv5QKq4f9eJ.,0
nice world,0
we play re-intermediate compelling interfaces after farm guys?,0
/me q_q:WORLD774,1
c4sino ruined this game,0
/me bgl CSN 9U0K1Q24W,1
world 3TIFNF46QN is open if you want lol,0
/msg Zcv7Uywzm6J4Ipekx6Yw Q.Q=OPPo,1
d.l//CASINO=73R0512Y4M,1
come farm maze at H3RM014,0
/me CSN//REME=Hh3M56054,1
join floor when free!,0
how to splice,0
/me JOIN CSN=finpezuf5,1
/me BJ//bJ=provkaS6,1
envisioneer cross-platform eyeballs!,0
help with games in WG4M please,0
Nearl9 is open guys?,0
/me Bgl/W0RLL07,1
/me come my world mentio?,0
/me tURk DL K0Y1D9184,1
main is UURRNBKJGTQVPNF5UVJ0AXIWKN,0
Fully-configurable neutral approach xD,0
/me M-I-N//M-I-N,1
Somebody ready conference particularly occur drop price degree.,0
/me h5ai73iem REME,1
/me REME//lor217enete,1
/me charge charge charge charge,0
/me CSN,1
/me QQ bgl,1
farm shop at xemoxx8!,0
/me MIN B/EJe//(SN//Reme,1
/msg Fmmceqtpd8Usvs W L==XNYK061,1
rate the parkour in R3M3MB3RV,0
/me QQ CETESSL546,1
/me WL=WORLD24905,1
CSN CSN,1
someone said CASINO here,0
why people type csn lol,0
price check please,0
/me TURK WORLD18787,1
ips.fhkzcbmw?,0
private sugar cane in vend AINSTONB17!,0
/me qQ X3M0589,1
/me casino wl,1
/me GO r4791v0 CSN,1
/me R/M,1
/msg MeLoVuk5xBWrouH7nwAhklnIFxS8eI mod:beawuedhmftleq,0
how many wls is this,0
join his with friends,0
/me tuRK/t1i1vr0w,1
/me WL=WORLD66798,1
/me t_U_R_K//WORLD55365,1
/me PLAY D'L::0w0rld16,1
where is the white door!,0
/me bJ=worul7582,1
push push push push,0
/me CASINO,1
new race open in 69vhimp2 ty,0
/me BJ CSN,1
/me WL,1
/me CSN//W7RL,1
/me DL XJ9ROHJX,1
/me Csn//fre,1
/me beje=5Y4AYCG4,1
/me B J==RM=qua182,1
/me qQ//VIOSNSOUXV,1
/msg VUZJOGI9SFSGI0FCQXJVL5BBJL BGL-W1-CSN-RM!|lsuwtcsaa,1
new world eh264mo please,0
wkvcqhuchuriwv!!!,0
/msg U0Wwvvvdegq1Jmtbfxwe CSN=WORLD10748,1
/me Bj=x34053,1
JJJJJJJJJJJJJ,0
new majority open in m354f8,0
/me REME:H3829M05GG,1
/me CSN=osw8ynt5,1
cheap pants at 7DOWNHEEL97?,0
rate world salisendph45 now,0
/me i dont like casinos,0
/me QQ my friend efupwin1wvxdkfxw!,0
/me c.a/si/nO|H31M84554,1
rate my maze called zzoorqk11 bro.,0
/me b e j 3=bjbkilqztb,1
new parkour open in n1e4a90!!,0
/msg SKAXS0LFY2W8UGQP M-I-N:WORLD93031,1
/me bg1,1
/me W8Worl REME,1
/me QQ w5orlcf,1
door id is 5565,0
/me Dl bj|bg l:zf86wx,1
new world h398dp ty,0
/me G/A/S d/l2 WORLD88295,1
/me Qq:Rm==nfhqcvv,1
/me Csn//QQ//GA.S=NATION0,1
CSN/Csn::n8317mc8hy8wl,1
/me C_A_S_I_N_O bj9 jkjru5d,1
change BG1 to wls!,0
w-l/bej:e=gim6r7s,1
/me new world W0RL4183J it is open,0
/me REME GA_S/min=ryh1x5o1h,1
wrench S4Xxo6Yorqujrwy2Sj?,0
/me RM-Ga-s/dosclempan281,1
vwpdzdplokelwjs,0
/me BJ//JJFBALLL2,1
/me MIN ales984a1,1
why do people say cASInO,0
POTODCIR6949 is open ty,0
/me M.I.N9-83j3-r_E_m_E=ETR17O,1
/me rm5-Q.Q//WORLD70217,1
who wants to build optimized explicit core,0
/me C4S1N0 DL z6Runbw0t,1
/msg rdyJA7jiZ3HwTgSIcU CASINO-WORLD19948,1
/me Wl,1
/msg mlfanmlwieh5 Bj=World83658,1
Politics sign evidence benefit coach life star grow most next,0
/me C A S I N O,1
dont go to HUJFKJJS133 they spam BJ?,0
try the shop called HEMOS299AU guys?,0
gas-CASINO-M/in-T U R K=9bkCvz5bI35,1
builder VYTHEXSJS6CDS2WJ?,0
/me BEJ:E/QQ Ky4u3,1
/me 8-E//-J-/E//zu57sq,1
we are doing games with friends,0
how much is this item,0
/me C_-S-N=c_sn:C@Sin0=V29PI@o9uTE,1
/me Bj ELV71,1
/me CASINO/CASINO,1
/me BGL,1
/msg Bwi0K1Pro4Hod3Vrw1Lwioe5Dqjh CSN=WORLD55701,1
/me new world Z5LXCC561 if you want,0
can MIN be a name,0
/msg dXZEhxI2mYOvEbciejzJasQh W'L r9E0MH,1
/me come here and farm parkour,0
world hegsmmosa460 is open now?,0
/me Rm/EROYAM21,1
/me QQ=reme//qflbnkx59,1
/me BJ/Exfuaevcta,1
/me 94s|rM=SAYMIMATTEPH215,1
/me Q/Q//R M//THR,1
hjklzxcvbnmqwer poiuytrewqmnb qwertyu?,0
password changed!,0
/me password changed.,0
world 4z0r4d2 is open when free,0
come help at HM654 guys :),0
Umwds9Iabxvwcdubtljiliwnxmcy is spamming csn,0
/me 7w01552 Qq,1
/me QQ:wl:9@5,1
/me CSN CASINO,1
yo lol come,0
/me B_J/Dl WORLD49380,1
new world laupq34 please,0
csn==26tcok9b402,1
can someone help with even trial political,0
/me join charge before we leave guys,0
/me B3J35//B3J35,1
remove access from q4n5v2x7p4h0dkdgzn!,0
someone named world Ehmsa004 said RM lol,0
/msg T8IZAUQ1v2trSYg8HaT2EMMHb8bj Beje//BG:L:WORLD5492,1
/me REME/remE APP3,1
owner takes Wl or wls.,0
/me WL//ypwqf1,1
/me BEJE/nadhb0q5d8,1
/me PLAY ZZO7ORLFA03 DL,1
/msg snjcfjmka8kzoew5brprxq come help at h3m863 now!,0
/me W1/qq h775emsa,1
owner of m554104 is Cxojpmceiyukfshk,0
help with map in mosa19,0
/me BEJ3/gAS,1
/me go fast go fast,0
/me Ga$//CSN=WORLD66583,1
help with games in 5tErOA883M,0
/me gas QQ ngo6zoxx0lo,1
571rWc2668 is open it is open,0
/me c$n/RE'M.E//dfjAJ450,1
/me DL/tsi0l5s1,1
new world WR9L it is open!,0
BGL mr3uov5,1
rate world east8193 when free,0
where are you.,0
too many casi//no spammers,0
/msg W1Zmafowmtrzecmyp7Uabixu rate the minigames in WRL55,0
can someone wrench me,0
/msg aee3g6a4qdxqozwfuz C.s.n FLGQCHCUSDG24,1
/me REME=md6p,1
Wl:iet8cfj8wo,1
/me c-a-s-i-n-o,1
/me Turk GAS,1
/me BJ,1
/me TURk=cl46834,1
ureskelfdfr1727 owner is jix3ixw4nygnf1zx?,0
/me D:L QQ::Cc98Hwz82Kg,1
/me rm W02R0LD,1
/me CSN Q/Q=mmo1sa,1
/me QQ REME R33FL35,1
/me Reme9=H35D0544,1
gas gas gas gas gas.,0
join minigames for fun,0
fun quest in SCENE37 guys,0
/msg HalOl0E5nPAcX5MOYlkiOpT2 t.u.r.k-D L//WORLD92944,1
anyone want to come play minigames this round?,0
why am i banned!,0
/me BJ DL,1
doing puzzle at grImHBut51?,0
go to my storage OMSA25 ty,0
new world FOPDZALIFU6 guys?,0
/me BJ//pzetqy,1
/msg TIJEHSQGCQO4UQCQSFN2 meet at O3RL33AY for race,0
/me DL,1
/me avoid 73R07Y684M it has csn spam?,0
my world is XE138MO pls,0
/me t u r k/B3J3-d.l:ZB7gOC8,1
/me csN/R//EME HEMOSD3,1
lag where are you xd,0
/me lets go lets go lets go lets go pls lol,0
join us for race in lm39ua6 anyone?,0
/me Cas_Ino/H3ESM043A,1
come admin? np,0
/me Q/Q|Csn:B9L=Tjugoga7V2,1
/msg ptj1l7mzwsk2rgxtzik2l8 CASINO:m2rgsov0y,1
laminailshe3030 open now need help?,0
world mosa7330 is open please,0
there is a c s n spammer here xD,0
/me CSN WORLD22759,1
/me W L::w0827rd,1
/me selling wrench in w00rr7l,0
/me b:j-bg.l-B_GL,1
join to this world 6eroyaam2 ty.,0
Budget reality from well stage hot difference,0
anyone want to join maze when free lol,0
CSN//Z7KWFKTJT2,1
/me beje=wxpwh6qi,1
restocked farm shop hemosa58,0
new maze open in m9ello?,0
/me Bj TurK aed8pldms8,1
join map after farm,0
/me Bj|b.-EJe,1
/me gas WORLD13909 CSN,1
world rviaj60 is open,0
we are doing embrace 24/7 niches Horizontal 24hour archive,0
mod DWVHHMAUNMC3Y3SCZN.,0
/me D-L//Lnydmhy1,1
world key 2/19dl,0
rate world 7RLOLBFLO8 guys.,0
/me reme LUAAM6,1
/me QQ=WORLD31395,1
/me GO B9L=zzroa9812,1
/me min=blasricu8847,1
who has access!,0
/me main is tuo9nohuh9oun8i2!,0
/me W.L-C S n-Turk-m.i.n=W'L JXQ9YIPED,1
lag nice world np,0
/msg iyavczi8zoy9su g'A's|CSN|WORLD99655,1
/me W_L:B.J,1
/me Rm:Rm:Rm:Rm/WORLD98357,1
/me GO Way9 Beje,1
/me BET//QQ=uomgjtfg,1
/me CASINO CSN WORLD32285,1
BJ -> nkkuv8xexs,1
/me meet at res267 for cultural please,0
/me CSN=T-URK=xky5d8buqk,1
/me DL CSN WORLD30243,1
/me Q'Q=QQ5=(asino=csN::WORLD70708,1
selling wall in Ucjzxxn9813,0
/me CSN 5IDDFL9179,1
follow to epon8n now?,0
Some million never least politics line,0
testing event in imrmq2zz,0
join map Community rather cost carry!!,0
come watch games if you want,0
hey try sign96,0
comeoncomeoncomeon,0
/me buy fossil for 6dl,0
/me G_AS in fekwc6bi,1
buy GAS mask 17dl,0
lmao hi xd,0
/me BJ//Rm//G_A_5//CASI/NO,1
/me REME|CSN::GABU63,1
/me GAS CASINO//WORLD23442,1
enough world key = 14gems,0
/me NOW REME:x4m1pw0,1
does anyone know amount hundred thing,0
who wants to try envisioneer proactive methodologies!,0
my friend typed CASIN0,0
kick i9v7uwtexacuty,0
my world is ytnux915 please.,0
price check lock 13dls!,0
/me CSN=WORLD66033,1
/me QQ-DL-Min=izfngtlupav2x,1
/me BGL=W1/ddm4q2mt,1
trade display block 7wls :),0
come help at quyitz449 ty,0
/me Qq//CxPKBl,1
/me casino NLK71L98,1
/me Ca'Sino8 rm WORLD49177,1
/me CASINO BJ,1
/me q'Q,1
/me Csn QQ MOSA99,1
builder is l4rps1y1nakiw8amnw?,0
/me rm=xksgiwj3bu,1
/me d l:M1n:b9l:W 1 zj5u6btt3ip,1
/me 89l B/J WORLD9193,1
generate bleeding-edge e-business,0
fish shop open h0113m554,0
/me Min|MOSsAZ25,1
go go go go!!!,0
/me QQ,1
/me CASINO CSN n4g35jddb9470,1
/me owner is X3BLQTJCWGRTQMWD!,0
acTEbiT3aqHII7Qw keeps saying bj,0
thanks,0
rEME//7o26s,1
/me turK//ktirsv,1
wrench cdb4h9a0pglzogyaamofoxkmry,0
/me C S N/N4PsRJrd,1
how to get gems,0
/me Casino-7sA54,1
need 1 DL change,0
Do send business toward mother start black tonight series night she service,0
who wants to come play parkour,0
/me c s n,1
/me Min/WORLD31884,1
/me fs'nzelmd_wdex,0
/me CSN//tku6q6,1
change wl to wls,0
where is white door,0
world 3IWBW5Z is open ty,0
TC7734 open now.,0
who wants to farm puzzle,0
admin : feeundera4paj2n2qstub8fqvcet.,0
/me qQ,1
/me technology seed = 181gems,0
testing parkour in te34ero anyone?,0
/msg nkbdsgyjl6lpjde5a6 CASINO on cg48prze,1
/me Turk//Pf0w8Mj,1
/me CASINO:WORLD40045,1
/me BJ!,1
/me B_gL W0R16477LD,1
new world yworl259fa ty,0
/msg Hms6L7Ft DL2=HESMSA7223,1
/me Now hesmsk93 BJ,1
pull wcuseyn6zyezmiy3hjmavlhfjcoipz please!!,0
/msg KYW8Q0G5CPO8PAQBZVH6F8S9 bgl/zvoxg5zyi,1
fun race in ETUOMAM05,0
/me Csn m05844,1
need sign paying 68dls?,0
/me BET//Wtg1Vlofy,1
help with one in world987,0
q:q=WORLD44251,1
Realigned real-time task-force,0
thanks,0
i saw CSN spam in 3njgfnz0,0
Believe kitchen offer customer clearly federal page college rock,0
how to splice,0
/me B:J//WORLD99059,1
/me q'q G4S//gkUEOTYMVg,1
/me B9-L:W L R3me:WORLD19450,1
woll874af open now when free?,0
vend has soldier sugar cane for 81dl.,0
/me TURK///CASINO,1
doing parkour at mo985oSA,0
selling partner sign in XX3M0102.,0
/me COU is open need help :),0
Republican expert walk without bad shake art,0
/me TURK|CAsI_No|rm|Ca/Sino,1
is casinos banned,0
/me casi_no/Dl=WORLD99497,1
/me BJ,1
/me CSN|m i n|QQ PQTLK3K05,1
/me reme/CASINO nocksub25,1
/me b/g/l CSN|qfrhwtt,1
can you follow to SMSOFOO4E4519 it is open,0
/msg u0z1xowzwkitrnm5 Relationship several down then course.,0
/me stop saying CSN,0
ETUOADGJ,0
we are doing wall before we leave!,0
/me lagging so hard,0
/me M I n csn:aj3j5uh0q7a,1
/me W/L=m5674,1
/me QQ//WORLD80141,1
rush now rush now rush now,0
citizen message lava=26 per wl,0
/me M1N:R E M E:RE:ME8:turk turk,1
rm rM/TRAVEL,1
/msg Xhwufgldvhos Southern woman account choice policy place,0
relog i am back lol,0
follow to my world=W00RLD it is open,0
join us for race in WORE58DU,0
/me article//CASINO,1
/me T_U_R_ K,1
/me Q Q//CASINO,1
/me QQ=njyobtn7,1
/me min Cultura2111,1
look at the world called Contol27 bro,0
/me CSN dinerkocutic104,1
vend at gbv3699e these sign,0
/me BGL,1
join us for maze in ffemrgz173!!,0
t0eroyam open now,0
/me push bro push bro?,0
/me beje//c72z2ldlj6t,1
world b1l3 is open bro,0
/msg eezvmmsocsxxe6wwi9c1cyu3rgez G/A/S=WORLLAF3096,1
playing parkour after farm,0
testing map in xnu706r,0
what is the price,0
/me BEJE OBENPEM171,1
where is the white door!,0
/me CSN CASINO CASIN_O,1
qq is not always casino,0
Weight election all assume ready successful attorney,0
/me bgl CASINO LHFF4,1
where is owner,0
does anyone know perform century TV lol,0
/msg Osrwemlmvdmwfyo6H6Mzp7Qg is the owner here!!,0
come play parkour at 0EPD6 anyone??,0
/msg pkzlc2tfzmnrq3j4o2ruuckw mod of HM54Y19 is GUX0Q0YAYFHRE8STNBQQB4F0BWO2NZPABH!!,0
/me qq -> Csn GlavQU,1
/me BJ,1
/me beje:4ms0zs,1
/me QQ i3c128xh7,1
/me q_q//CASINO=CocHru6c,1
do it do it do it do it,0
help me in T919ER0YAM now!!,0
/me D L/CASINO/MIN=bEje/WX3UQXKOUX63,1
CL43ONBI owner is brf6vapkyryflq,0
East since we day time red,0
/me BEJ.E in orld580,1
/me rm V2Xoo2S8Puv2 from access,0
c-a-s-i-n-o QQ Casino:a9ccp2,1
/msg u1khmsnfd9u0izcxkqpnwysupnmn W_L=X03M0,1
/me Q Q=c1lUHdpUHW,1
/msg kufzd8noorvjgmm5sq follow to this world called X6X9M0 when free,0
run run run run pls,0
/me thanks lag :),0
/me CASINO wo370rlaf,1
CASINO=WORLD71837,1
SO is open when free,0
vend has platform for 30bgl,0
/me CASINO:OD87AOKWSK,1
/me b-j-h37ema,1
/me 672qatxw4q QQ,1
see our world:y4t733 when free,0
/me hey look at IECE9,0
CASINO:MIN:QQ=XCQDA5881,1
/me B3JE=tub7fspf,1
/me CASINO//Wl=And,1
check my world heo1sa it is open,0
/me CSN WR790LDD,1
we play race Class seem technology night picture whole alone guys,0
/me c.sn=G  A S|Fd6nAd6KOHma,1
/me REME//beje=h07eobsa,1
/me Casino/TURK l37kf1i6qc2b,1
new puzzle open in 0wn3r,0
/me bj-Wl-rm-qq 73R014Y8M,1
/me CSN,1
where is exit!!,0
/msg OKf6TyfJy5J4ahU1iAi2OW B_E_J_E:3137HWM054,1
/me ikw8xfev -> Bgl,1
REME:WORLD52669,1
join us for re-intermediate impactful content in 5D86Jw1Ivr,0
/me dl//rm/WORLD8218,1
Soon bring without else help quality unit wish between later?,0
/msg gzdbkgfzok G/AS 7OFPA0Y,1
/me CSN Qotac0,1
doing deploy 24/7 e-markets at QSX7268.,0
Rate seat six policy newspaper education.,0
/me qq,1
/me GAS//g'A's,1
Effort question fight,0
QQ,1
/me Gas2!,1
anyone want to farm maze with friends,0
/me qQ BJ B/J,1
rm h0O0RbQ1bLhKLzTuq7V4A7RwJj from access,0
/me REME!//Qq//qq//b9l KOJDYM17,1
bait 15dls,0
Against college capital look?,0
/me R M=FINAL2,1
/me sup,0
restocked farm shop hesmos604a,0
/me move move move move move quick,0
/msg m4xMc9gYQbzbPO dont play casino.,0
/me CSN=Wl=WORLD39917,1
/me PLAY TURK=74lk00,1
/me help with race in er965,0
H953M0 open now when free!,0
/me w:l-BGL 7Urk,1
/me R-E-M-3 Bj|csn,1
/me REME=1ND1vm189,1
we are doing map right now,0
/me CASINO=WORLD45995,1
rate my world 62IUY pls,0
/me csn//G'A'S WORLD18229,1
clothes shop at 296h7wr,0
/me ('s'n Eg92Ionnnxg,1
/me HEMOSA3107=BJ,1
Student administration above fire which conference contain add difference play third treatment,0
we play quest if you want!!,0
/me BgL MLYTRJ64,1
/msg ccdptkruwcxotagl R_E_M_E sol693,1
/me JOIN BEJE=8h9kjknrrsr3t,1
rate world H8530 ty,0
access given to w2qbibaqu8e0t1mply!,0
go HMEOO429SA for lavender chair,0
lets play minigames in URETINKCRI9 please,0
Responsibility above born large final rather second,0
/me g'as//lor3qq87nt,1
who has access?,0
ban Dpw1T0Dxh6Q3T8G7V2Abfq from world,0
jump bro jump bro jump bro jump bro?,0
rate the puzzle in OP9OUSDIC8 lol,0
/me R M G A S 48vunnliyj5ozu,1
/me charge bro charge bro!,0
Entire walk red west about course,0
/me QQ///RXCXFSEHV///ItLuqi,1
casinos ruined this game!!,0
/me JOIN omyanbellasi306 QQ,1
/me B'E'J'E qsi9kixgrf,1
Rvio7266 is open now,0
/me CSN//BLO,1
/me Casino=Rm==RECEN,1
/me CSN FAIRRMJCISMN6,1
xd yo,0
nopresfff81 owner is Xbrypvd1Dzlfs4Ikmdq2?,0
do not join CASINO,0
CSN spam is annoying,0
/me QQ//R//M Z0R47,1
/me does Csn mean gambling,0
/me follow to my world called qmsjfjnyb9i bro,0
/me C S N/B'J WORLD91703,1
who wants to race challenge,0
/me QQ q q,1
/me csn M I N,1
/me RM/q//Q=FOLLOW1,1
/me Turk//BJ=7Itpkin238,1
/me change wls to WL,0
35H478 OWNER is L7UEDcSyfLZhsyL0vrTjGO.,0
vend at bjqq487,0
/me Q/Q=Lkypln395,1
world owner t1fosis4zfm2k1nmrb?,0
/me BEJE//SERVE,1
/me D'L=TEROYAM558,1
/me wl//y06M,1
CSN zgw6egfood,1
move move move move,0
/me JOIN Bgl|WORLD87009,1
qq/GAS owrld8817,1
CASINO=WO87RF,1
fun quest in oidour6,0
/me BEJE=CSN=BUKS16,1
hurry hurry hurry hurry fast,0
/me wl//CSN=WOLLR68118,1
hi,0
meet at mr9edx for games anyone?!,0
visit this world=SIST189 need help,0
anyone want to build event this round,0
/me REME F7Agy23,1
/me B-E-J-E:te256r,1
gas gas gas gas,0
/me C4SIN0 WORLD52364,1
/me W L/casin0::Gas|WORLD90565,1
/me C$AS 'I_NO WL2 Gas bej e=FT1PW8D9A,1
BGL price check?,0
/me six55=BEJE,1
dont join casinos!!,0
/me CSN=H356M054,1
np!,0
owner is Cwvdijrpbgpsuthhraldpr?,0
/me go TOMAOBIDT76 for platform?,0
sell farmable 4 bgl,0
BEJE spam is annoying!,0
/me R/M=TURK=WORLD19045,1
/me CASINO,1
/me G/A/S=MNAOS57,1
/me CSN diohnb268,1
grass block 5/9wl!,0
/me CSN,1
Ca5Ino is annoying.,0
/me csn=W'L=be//je -> fbxrm2lai5,1
/me qq:u0esixnhfj,1
we are doing games with friends bro,0
need pants paying 4/3 wls,0
/me come farm rather at xx36m04,0
water in vend opffx3826,0
we are doing whether before we leave,0
/me is c@sino banned,0
world owner xbbwksfgm1bfa2ca,0
/msg Czmccoi9Jyfbtjb3Kqzhm8 RM=Nirs1gv1,1
come help at BrL1ngd30792 please!,0
report worlds that advertise c s n,0
lets play map in 04r4w6 ty,0
/me GAS=M In=WORLD63430,1
farmable=3gems.,0
/me DL,1
turkish world cont9208,0
go F7RUKYTZM4?,0
/me G'@'S:NcgcWt5m1tx,1
owner RM Otslzap7Swa3U3,0
/msg TPX8U4UYSXITDQO4 BGL==ORWL4AF86,1
CSN//BGL=axafjkgyefofp,1
help with challenge in GLGB71 please!,0
thing sign in vend mosa898!,0
/me CASINO::SZT52ERO,1
/me Csn//RM=manlypyosa6187,1
how to farm,0
/me CASINO QQ DL,1
/me GO BJ/covfgqacq7,1
looking for public platform 9per wl lol,0
/me DL//CV2SGFN,1
/me T-U-R-K WORLD22870,1
see my world hp2sa now.,0
/me g'aS=RcoGB3Q3i,1
/me cAsinO//turk=re@L62,1
/me t_urk//15t8pqs,1
/me CSN:WORLD78553,1
doing race at AND04!!,0
kick rbtukunoorths4s7,0
/me CSN=ZBS67GPNY,1
/me qq/yUiZbPA,1
help with quest in orldw2266,0
/me QQ//H7130,1
can you get banned for casinos,0
/me CSN//7g07l525,1
check the world wwor9l,0
/msg Smn9V9Son3 Casino=WWO148RL,1
/me C'A'S'I'N'O//POOR9,1
/me nwgjefbfkmwdllkv zhqeqwnqryfbfedp,0
/me CaSiN/o:kdgg186,1
Business begin foreign value environmental social major,0
come race interest with friends,0
go go go go fast,0
/me DL=zorc1108,1
/me bgl=Nqq9W9X,1
/me Wl//CASINO//w0r936,1
meet at involve for force lol.,0
/me B_E_J_E=WORLD54577,1
/me CSN=LwoLx0d0t,1
/me DL CSN,1
/me CSN chan,1
/me help me in hpesmosa4 need help,0
/me M//In::W6660RL,1
go N5X485 for full farmable!!,0
/me GAS//D-L=nxe02pxa,1
/me DL=57G2DM3N,1
/me Beje,1
follow me,0
/me wl m_In WORLD78186,1
/me bE/jE//733r7360ym4,1
/msg MBV8IJEQIF we play minigames this round!!,0
/me admin?.,0
meet at WY61L04Q9F3 for set anyone?,0
rate the puzzle in Dr1271,0
admin added Yctia8Hpjzbomuoxktaoy2Wlvz,0
change wls to DL,0
Do among amount song market,0
can you get banned for Csn.,0
/me DL//WORLD15502!!,1
/me ga5/C$N=WORLD64439,1
min B G L GAS,1
/me D/1/bj=erw165,1
dirt 4/19per wl,0
/msg b8xtnxjcpb BJ//turk=R1V10,1
/me BGL CSN WORLD3710,1
who wants to join map,0
/me CSN WORLD5770,1
/me QQ=bEj:E=WORLD94817,1
/me dl//37R0YM4195,1
/me Casino:C/S/N:TEOYAM7069,1
/me FTAE3DAPT2 D.L,1
/msg Ybu8B7Hxt7Khxnd8X6Ui CASINO=wrl652,1
/me CASINO-Gas,1
/msg upquohk4o5w2 Secured cohesive firmware,0
come help at h3m484 guys,0
/me qq/w.l=enerstat958,1
/me RM//Rm//T//URK=WORLD10109,1
my friend says QQ,0
avoid CSN worlds,0
/msg tof9uhafbvnopru8ibkm Own opportunity common capital star region son half,0
look at the world=LOGYTEGH1E guys,0
/me SELL d.L=WORLD30213,1
np xD,0
/msg jlQMDnmxBOhbpbd7OHt2D0Wt D_1|r_e_M_E|8J 4zr7xv1ghrvoa,1
where is owner,0
/me REME,1
/me R.M//Wl xk769fb27c,1
/me QQ=WORLD19528,1
/me Wl,1
/msg qzjmn8vostfxfoocff BJ=ZOR1IM0,1
/me Rm//wo0laa95ff,1
dont advertise (SN.,0
dont advertise REME,0
/me CASINO//icrv44o,1
jumpjumpjump,0
ANWTIZE0 owner is q6oqy5jVS4xOECL6ivguw8GYq4dr,0
lets join maze in VFBV665HD,0
price check vend for 1/2 wls,0
come!,0
/msg UDUOVBXGRRD1MMLGPB q.qWORLD6945,1
what does CSN mean,0
join us for quest in 73630y4m please,0
/me NOW CSN//w243eorld,1
/me beJE/TuRK=wrll4f616,1
new fully-configurable encompassing firmware open in IPU8RWR.,0
why am i stuck,0
can you check XWTS85I,0
admin is Wmj4Xjxsmfwzumbsroekcyqylgtg,0
/me B E J E=xm5fhm,1
/me tUrk//L0W50212,1
/me Bj/D0Pyh5G,1
come try minigames at su11g,0
playing puzzle Future-proofed needs-based collaboration,0
/me hi,0
BEjE|casin0|b e/ j- e hemso63saq,1
where is exit,0
/me hey rate kokc6mf guys,0
/me dl Q_Q,1
xd!,0
/me wl Q Q b j BGL,1
Impact thought resource,0
i dont understand MIN,0
/me csn:WORLD82518,1
/me H351995M0J4=TURK,1
Nearly American sound week something!,0
can you see Gground90 bro,0
is the owner here?,0
/me reME//BGL=WORLD75471,1
/me PLAY Bgl=405Nqqjdtr8W9,1
/me MI/N,1
hurry hurry hurry hurry hurry,0
/me cs n,1
/me Reme:Rm:c/s/n//761qRG,1
new world hpmz3469 when free,0
/me BGL//C_s_n BGL,1
hello can someone help?,0
cheap wrench at t923xk65mb5,0
anyone want to test security Synchronized local moratorium,0
/me vends NEXAA9603?,0
/me Rem-E//M671OOS,1
/msg Sgnue0D7Gezdziuui9Xnf1Sgx2Hjizac cool farm,0
need help breaking blocks,0
/me rate world kyvk3zcww if you want,0
/me B//J 8/EJ'E OLD61,1
PLAY RM t6ora4,1
MO07DA has whole lock.,0
rate the games in 0rh30.,0
jumpjumpjump,0
how to splice,0
access given to IkuaUtZGafn0svI6nCv3B3,0
Gas information stuff rock move child foreign create describe!,0
/me DL:Turk|REME|bgl-3BQi1,1
access given to hkq5i8cagxe1ctbllt,0
trade pack 21dl,0
we are doing quest this round.,0
/me T U R K CSN=kkk1TbUlZQ,1
help with race in FWZIB086KYPH,0
/msg Qub3Tkfbiwqnane8Jgk1Uqkqujwopt CSN GNVDNMMZYGB,1
/me B3JE WL WORLA27F,1
/me GAS=BE JE//YOU063,1
/me tu.rk|gas|8J|GAS,1
/me WIN BJ:WORLD91455,1
ebcplbq3zedwlmuxcl owns this!,0
/me QQ=sveh4o,1
/me REME/Casin_O zfcbjue9cy,1
buying vend msg me,0
svo0fpnt keeps saying CASINO?,0
lets go lets go lets go lets go pls!,0
/me yo,0
/me pull fofur6mqz9r7dxiddwfsvenkrx please?,0
/msg QPFTLDIEINMXELZXRSEP someone explain csn,0
go PARENT9 guys,0
DL,1
seed 35bgl,0
/me never trust casino worlds.,0
/me CSN,1
/me w1 bG'l C/S/N,1
/me BEj-E Ggyvo2,1
CASINO syhqg1ld,1
/me M_I_N/TE5O,1
can i buy this?,0
/me CSN Casino=DXJIP7,1
/me rm=oAjJSDAGrn,1
B'G'L/DL u19lard2p6,1
/me Dl=PRODU,1
hello can someone help lol,0
/me CSN//CA sin.o=citizen273,1
/me help me in FFN702 ty,0
/me why am i banned,0
/me what is the price,0
/me Qq|qq|WORLD58641,1
lagging so hard!,0
can you donate dirt,0
/me Wl-r-m-bEjE-Rm=yxtkdigp,1
can you come mrl946o guys,0
admin added tfaxesq1ymqtcviygniy?,0
/me Q'Q Q'Q Q'Q:OjhK9,1
/me Qq=TLTBPABT4073,1
ty.,0
/me WORLD16222//dl,1
/me gas gas gas gas gas gas,0
/me PLAY E75MXO BJ,1
/me QQ//Bgl//CAS1NO,1
restocked surg shop mpnilcd3163,0
vend has darkorange seeds for 77 bgl!,0
/me BGL/beJe/M.IN/REME//ETROYAM6129,1
need help with farm,0
/me FAST BGL::Xmeuramx55,1
come help at 3b55kbl310 please,0
/msg tPwdZoqPkb new world v99tbcu97z bro,0
empower customized architectures!!,0
weather shop at 5qc4u15p74 xD,0
/me DL/TUrK=KKPOMVAALYC3639,1
/me min:9w0rld4261,1
/me NOW B'GL=TGEROYAA0579,1
/me W1=x213u0,1
/me DL:4ezducho5,1
sznqbftqnl,0
/msg v6zefeyfjqigxfrcy0imdzh2nh CASINO W0RL48FF,1
/msg cukegryuc6a5nfz5p0qcbbev QQ-MIN-bgL-CSN=OPTRYTURCR35,1
come help at TTE4ROYAM it is open,0
look at wR0L991 pls?,0
how much is 1 BgL,0
/me G_A_S=R//M/WORLD65716,1
/me QQ/BGL P5O5HCRTF6,1
/me world om9znxkj5b is open it is open,0
/me C$N//REME=Wiolrd0,1
/me T_U_R_K::WORLD84949,1
/me R/M4 bgl penose143,1
House card authority worry experience,0
/me Rm WORLD59479,1
rm j6cfcxlditm4 from access.,0
testing meeting in X01MSO,0
/me ReME zctmniqp7,1
/me r/eme=9yt3at,1
who owns this world!,0
/msg N8Icyjuukdjyjhynxqx5Izf3O1Dxfbzbws selling GAS mask,0
can Bj be a name :),0
/me Bj//Dl TDHCI3,1
/msg ETVJS6NWD0R3LADQYD Bgl=Jiz7S4C3Y,1
lol :),0
/me W-L in suguos,1
/me rate the quest in 3571661,0
/me ca5ino:NaLLFFBPd38,1
CASINO WORLD17581,1
373R0Y4M05 open now when free!,0
/me esmons357a BGL,1
sorry wait,0
/me CASINO=WORLD15846,1
i am tired of casinos ads!,0
join us for minigames in SOTK5286.,0
/me BJ,1
move bro move bro move bro move bro move bro!!,0
brb,0
/me q q::b g l=5m1304,1
/me CASINO:w l//moehe9,1
come here,0
world W0R44LD is open now,0
world owner Umqwuhxau6Fxqgpqu4!!,0
access given to Dbe2Vcnxasrdy6Yc,0
my world is trr0444o pls xD,0
help me in PKV90 please,0
join event seize e-business niches anyone?,0
Monitored even-keeled flexibility!!,0
follow to to my maze PULDIC615 when free!!,0
/me Gas 3wireqvo8e3,1
/me BJ BJ CSN,1
/me wor77laz Dl,1
my world is VESLETNERNALLBOT343 when free,0
/me Turk=hmeo38sa,1
yyyyyyyyyyy.,0
/msg K6VOZCF9DOAOBCNYXND0YYEC R:M 783R0596,1
/me b.j//H3EM,1
look at to the farm O53MSA now.,0
/me W L eqb96lvf,1
Low lot?,0
/me B/J=milqzkb,1
/me WL=EYEAB98,1
/me bgL|rm wl,1
/me WL WORLD55429,1
N3Scggrqn9Nmwyn9Kifhqomfze owns this?,0
afjzvmeyosg yuiopasdfgh FFFFFFFFFFF,0
WORLD96290 WL,1
how much is Mr support?,0
/me block shop idea5,0
/me q'q 7nr9730y44m,1
my world is 3reeo7?,0
/me w_l M1n H35M052,1
/me Csn:W.L=Tero544Yam,1
/me C-.//S.N CSN//I9f0ecBZLz4w,1
/msg hLS9PvrLCBwTmgGeGRL7w8E1EJoZ BJ=ljmpdo168,1
testing puzzle in VOte4494,0
MIN offer 18 gems,0
/me Qq=W26WORR,1
buying dirt msg me,0
/me CASINO?,1
FREe R-M 4uua5c8hupmyi,1
doing organic scalable neural-net at ym0f613!,0
play quest in prizlmlkl74,0
/me Q//Q b:eje dus4yv,1
Value owner animal likely music buy,0
/me styrkf90 BJ,1
lets try power in lerdarcoox7 lol :),0
/me CASINO//CASINO//bej-e,1
/me mIN//W_L=LU50,1
owner is V7LCKYNABAPFZCROXEM6HMMUCS,0
/me REME=REME/WORLD47293,1
/me Nugflmzc798 BJ,1
clothes shop BL3R5H072.,0
/me BET CSN zgb2az0t,1
store at NNUEXA71,0
/me PLAY CASINO=854ld2xmXf,1
/me Qq=miN|WORLD37354,1
/me T_URK/RM9=BEJE//Icp98Mtn4,1
help me in plan if you want lol,0
CAS1N0-nu4epxa,1
help with games in wrl61!,0
new world job2442 it is open lol,0
/me restocked cheap shop oby01!,0
/me Casino8Wdzrmh3Fnb,1
/me MIN X83M06,1
/me R-e-M-E-ReM3=BGl==wox0z0389,1
/me who has access,0
/me can you see wowlaf58 need help!,0
/me min/BJ 8N6EQ11W,1
why am i stuck,0
Poor politics act house range so,0
Polarized systematic support,0
/me DL bovcb,1
/me t_Urk=H773Emodsa,1
background in vend mo097sa?,0
/me rate world VSPK5OKGNY need help?,0
/me DL DL WORLD7009,1
ooooooooooooo!,0
Simply fine their structure structure important condition product!!,0
/me try my parkour called H3M0974 it is open,0
rm I2Jirop9I1Mozax9Cg from access,0
/me M I N//2B669ErO,1
Idea cut he beautiful!,0
/me Reme//gp9nsdl0,1
/me B'.G_.L Rm/bj=vlbapp484,1
/me T U R K now 77R0YM409,1
/me come come play re-contextualize wireless e-commerce for a minute,0
/me csn,1
/me W1:REME=wnject6,1
/me go D3MF47H7 for pack,0
avoid Beje worlds.,0
REME:WL::LITTL,1
/me CASIN0=WORLD49392,1
check my farm called 2SFLQLS when free!,0
/me BGL 6g7bq,1
/me world38831|CSN,1
/msg E6Ynabnlh8D6Gk CAsINoWORLD18435,1
rm/WR0L227,1
/msg Q9AuU4i7 rm on ksyqvrk,1
/me Q'Q REME v3x3i3twsy,1
Casino]=WORLD40707,1
hurry hurry hurry hurry!,0
/me Csn/detrersots1,1
owner takes DL or wls,0
relog wait,0
/me DL oursc27,1
/me GAS W3TCH1460 QQ,1
/me RM:BGL//5s1tbgf,1
/me Beje G A S:Casino:CSN,1
/me 7Urk==W106ORLD,1
/me BJ/BJ Clq5G1Vbw2,1
/me Bj=SOWSARER2!!,1
/me report BJ spam?,0
without account dirt 31wl,0
/me how much is glass staff.,0
/me CSN,1
/msg C6GLQNK7EZ Bgl WORLD84749,1
is the owner here,0
/me CSN!,1
hey enter owrld0 it is open!!,0
who wants to test painting,0
who owns this world,0
dont play Casino,0
fish shop at 363r0.,0
selling situation toward chand in ckyy6y79,0
can you follow to 7304620 pls,0
help me in d3f3n53 ty?,0
Implemented actuating algorithm,0
/me GA'S=eawegivo7y3i,1
/me who wants to test event,0
/msg reiyu5dorno2jt Ca5Ino==A57xTXw8z5,1
/me Qq=R4Ivvo,1
/me CASINO/wl=HQQMVRIWZ,1
/me W .L:rs,1
visit my storage=sweetrpcradlian3643 when free!,0
help with garden in pmyelo0,0
/me Dl ZRA6,1
xxxxxxxxxxxx,0
/me QQ TERRO19AYMM,1
/me Tec7:DL,1
ban mrcti9zepvefc8zfve from world,0
hello can someone help,0
cool farm where are you brb ty!!,0
/me MIN//c9bmyf,1
/me kick qmhiobg7qmi1r6u3c7,0
/me CSN CSN CASINO,1
/me B.J-B'J:WORLD9384,1
Devolved optimal conglomeration!!,0
Will hospital behavior!!,0
/me BJ=W1LrL,1
/me G.A.S:Q_Q:8GL WORLD66639,1
/me B/J9!!,1
/me CASINO QQ REME,1
go to my maze wlor35l need help,0
pull fijlcmjjgck1x0vke8 please,0
i speak turkish!,0
/me go my vend - I73ZPLU it is open,0
selling item for 5gems,0
/me CASINO/REME U1VGV8JJN,1
/msg yGF1I1ICOdxtNr who owns this world?,0
/me DL-REme-Z6fjh,1
/me mi$n=8t0gvtu96g,1
good shop.,0
/me Min//Min,1
we are doing parkour this round?,0
/me JOIN QQ=K63M45,1
lets watch games in uos0a bro!!,0
/me Wle t_u_r_k G'A's jkqapti5r26s3u,1
/me host=GVRPAUVDWFF7QQEGJOMHG7QSX8IV,0
fun item in tfgklxo2,0
/me WORLD82479:Dl,1
selling seed in b8yjhnli.,0
remove access from OUF6S9FDU8Z4JEJ5XDS6ZL,0
try to my world indu2685 ty,0
QQ why door closed,0
/me m0wrl1388:BJ,1
builder=D8Z2LXYYB1JUO0CZPPV4SMQO,0
Min R_M O6Ebf9Ewg1,1
/me C $N:GAS,1
Degree these,0
is this world public,0
mod please check cas1no spam?,0
Soon list nearly its must wife next?,0
mod of zz4yra is YhoUK0QynoiQVcDZY7.,0
/me casi no open W516ORLAF,1
check the farm called W0RRL4F6479 guys,0
/me CS//N open WORLD34904,1
buying darkslategray table 77per wl :),0
/me 8G1 Moover12,1
lets try minigames in WORDL08,0
/me ca5ino//k4r4773gh313,1
Build the end year in black positive,0
/msg FUVYU3ANF2D8Z6OWQ2KDZ9 BEJEWORLD37688,1
/me Reme=Min:585eao,1
/msg i2s0dcxiln Reme=8Gl/TNE960ROYAM,1
/me JOIN CSN=3c8i4ia7kbn,1
/me CASINO CASINO m33l0987,1
RE ME/WORLD58002,1
/me Wl -> lhheednowt71!!,1
Qq//x5qu8zh6au6,1
/msg Fcnnwwmgw6Nfd7Sfosegag TURK join He87M,1
/me dL:WORLD99692,1
can beje be a name?,0
play agree in PM55NOSA,0
/me DL/jdqlxb,1
password changed,0
/me reME at blv2gli8ae,1
tuoadgjlxvnqet idk.,0
/me C-A-S-I-N-O::RJXSTTZLLZ,1
hey follow to 7Z9DN7D ty,0
/me G A S:jxq2z1o,1
/me charge charge charge charge?,0
rm kpywqwf8ugtwcj from access,0
come test puzzle at RYSUARN1H728,0
/me FAST RM:napdl7,1
meet at KIKKUYAT0848 for parkour,0
CASINO T2M3Fo,1
/me CSN CASINO,1
/me c'A's'i'N'O,1
/me REM_E/TU-RK Wl,1
/me FAST R7Rixkt WL,1
/me REME3-wL,1
/me C/ASINO:q7wrold,1
admin?!!,0
/me WORLD52336//pw1h1emd,1
/msg D4Lxfmx0Sid9T8Jb TURK join WORLD48193,1
password changed,0
/me Gas=BJ WOR98L,1
world key has MIN price :),0
/me TURK 91roup,1
/msg Y8uOoKmxAZR5B8MeIyUx Csn=NA850CFSH,1
/me RM:WL:Dl=ei6ro1,1
/me Bj//heemo612,1
rm Zdrhadf8Cfsbff from access!,0
owner here.,0
CSN DL MXVMXDRJ245,1
why am i stuck,0
/me follow to to this world zr5ob now!!,0
/msg uygrljx9bob5b8fhikjly2 gaS vgm2vp,1
/msg Wcsjait2Awo4Ybhdwnm0 QQ=fpk9bxrs,1
selling magenta lava 5dl!!,0
/me CASINO=B'G'L==1b0B10j0yge2,1
/me C_$S_N Min REME=G'A'S::WORLD8998,1
is casino illegal?,0
/me MIN RM G As,1
/me B_G_L//w_l//bj,1
/me gas please gas please!,0
/me MIN:7933r0ym,1
come help at YATMIOPINDNHR4289 if you want,0
/me WORLD97249 QQ,1
/msg hipVAat1YwPWAZsFw0QwMRErgz mIn/W//L/RM:WRLLD656,1
/me min DL tksfkux,1
/me CSN//83JE=t3v2awy1grj,1
/me QQ WORLD24956,1
visit x3064 ty.,0
can someone help with off,0
/me R.M B'J Dl,1
/me TurK=wo4899crld,1
/me DL join WORLD11008,1
/me Wl//h835104,1
world 16al9md is open it is open :),0
/me B/E/J/E=WORLD76048,1
RM access from SJu2tKMhOsjVsYI8LoxlO8,0
/me CSN:4gr339323,1
can you go R653IVO need help,0
can you try 2nFbk please!!,0
looking for turk friends,0
fun games in WOLD269,0
/me buying door msg me!,0
/me WL BEJE|teproo5644,1
testing parkour in MAXKX6,0
/msg ZXBMD5XFYFD3 QQ JoV56yc,1
/me RM=j8nermx6k0ju,1
/me Bj5/qq YjQ0tcETL,1
/me REME DxJTuM3,1
come this world - UNDE2 need help?,0
/me GO csN/owl4d,1
flx8dzeoohemagla is talking about CSN,0
/me BEJ//E W L RM,1
cheap shop at orfeihuj177,0
reme bEJE//WORLD15475,1
can you enter h9mo if you want,0
hhhhhhhhhhhhhhh.,0
clothes shop open I1HWWLZQNR3,0
TEROOYAM1S53 owner is UPKvHSKCCwgyonKhRuqsdknqdqD5Kj!,0
lag.,0
hurry hurry now,0
/me CASINO CSN,1
can you rate CONGZOA4 now!,0
bgl price check,0
/me CASINO:WORLD90730,1
how much is ground worker?,0
/msg BAVCRZOZWTH0TRX7Y7FUSWDG B'J=qux3prj8xn,1
/me w_l//cSN=WORLD30555,1
csn means wall throw maybe.,0
/msg N7LGLNANORIOIVOT gAS-Min//writer5,1
Crime impact break age president start know,0
/me QQ Beje:WORLD30075,1
/msg L8mHKQPaaGy7l9SFnrQjWPkU grow one-to-one bandwidth,0
/me lock=4/16 wl,0
going to minigames before we leave.,0
/me hey rate 5PCVH08RTMZ when free,0
good shop wait.,0
/msg L9skeuc4I5KLtRT2Ow CSN=XEMO2105,1
/me BGL::CASINO=iGEtNBf,1
qq is not always casino?,0
/me csN CSN,1
/me Q'Q/8G1/cAsIN.O/w/l -> w1b7,1
is csn illegal.,0
nice world,0
/me come this world called Wor82Laf when free?,0
W0r9l is open.,0
Finish world television give leader little beautiful,0
/me DL//Min-esmosa539,1
Re-contextualized regional leverage!,0
/me BEje/Re Me W0rdL1,1
/me CASINO=WORLD16631,1
how much is small stop,0
M_In lol,1
can someone pull me?,0
kkkkkkk idk :),0
/me b-j=73R0Y4Mm6605,1
is casino illegal,0
i hate REME,0
come here and help with challenge,0
QQ//WORLD57742,1
/me BJ 99VMEG,1
we are doing race right now!,0
why people type csn,0
/me CSN//Qtz5S4Q,1
/me turk,1
/me BGl B'E'J'E,1
grass block 18per wl,0
/me GAS TURK//WORLD9386,1
scale B2C partnerships,0
how much is into,0
what does c-a'-s.-i.-$n-o mean!!,0
/me gonowgonowgonowgonowgonowgonowgonowgonow,0
up6487 has pack,0
vend has politics wall for 80dl lol,0
/me CSN,1
M6P4Ikoff5Jxttxkp0 is talking about BJ,0
ty.,0
/me wLe/wLe/wLe,1
/me QQ/QQ JjaWD,1
/msg lcnnwxz1ocnbymeiibxqhbnezin1dwdd D l -> h05emo,1
market at low41skein.,0
rate world HJQTU43MZQ pls,0
/msg Uzylshvdi7Fbaepzvyql r m5=dc0708,1
/me CASINO,1
/msg owlyn8dtnfy2atrujnzxxgcx Ga/S ljdss4m5,1
/me C$_S_N//fgglapseo,1
/me WORLD88505 BET,1
/me BGL!!,1
/me REME,1
rate world ygx2l pls,0
reported csn spammer,0
/me G'A'S|G'A'S-gas/zlr4tex,1
/me WORLD9868:CSN,1
these csn bots are annoying,0
turk owner is O5X0O8OBZJQKYMA8YFGNSNHUGFWS,0
/me re/me//X1txw1PGqA9h,1
/me BJ//33730wm54,1
who wants to play games,0
avoid REME worlds,0
/msg V8Wvo8D9Udp3Trtg D/L=Prozvgkqvert77,1
/me b_j LEIT47,1
check my farm:mm055454 pls,0
/me wl//Bg-L//BEJE//BejE//millvadixam6465,1
Magazine across news policy Republican world garden middle.,0
restocked cheap shop demo2,0
Only interest adult,0
wrench SVW6FGCPM0!,0
need help with farm,0
/me FG0RNL6W==CSN,1
WL|CSN|WORLD64824,1
/me how much is this item,0
can GaS be a name,0
/me JOIN CSN u31VesS18cF,1
Finish cup final prepare send return business us again effort yourself!,0
/me CSN DL ehsmos47h,1
/me dl:HESO88BA,1
/msg O7htXRk7tyaN owner here,0
cAsInOS spam is everywhere,0
/me w1:q/Q:c4s1no::rm/WORLD32498,1
testing race in tpnnxx387,0
hello can someone help?,0
/me CSN//Lupi6,1
/me MIN=xtrys5rtq,1
/me QQ//Beje TerO6,1
/me GAS=gas wl. B-J==liscg8506,1
/me CSN:M//In-7R34701577,1
/me Dl|CSN:cold66,1
/me RM:QQ|mi//N=kworlax2,1
/me NOW w'l-AaTkRcwj3uSs,1
/me CASINO/CASINO sgk45k,1
/me min|R-M|Csn|qq,1
someone said C$n here,0
tur.k XYE2ZNAAD,1
/me MIN:Zozear75,1
help with map in W648Oroll,0
/me WORLD88725==CA$INO,1
go ngltize369dsur for public pack!,0
/me CSN=Reme=01054,1
/msg swifu4cwrviktb CSN=7nak2yj,1
ban rregufbmf6oqqxz7yrsmzrdm from world,0
fossil = 92gems,0
/me join us for parkour in KYYILQA511,0
testing challenge in lyctvb35,0
/me cAsiNo (-a$ino k4y8n5d,1
/me BJ=BGL CA$I'NO-lbshwxd2f,1
hey try n3x6944 if you want,0
/me new available open in W00RL42F,0
/me D L//QQ cmk3wrp0f,1
rate the puzzle in fvlgogb315 :),0
vend at lekk843 agreement sugar cane!,0
owner:bev4w3uetpujy0qm,0
follow me,0
/me play map in their guys,0
/me c/s/n pls,1
/me CSN:c4n4n6,1
/me CASINO//(As1N0=574n4bly663,1
gas mask in vend Cryi2161,0
/me wait follow me cool farm xD,0
Cause majority word exist institution try,0
anyone want to join parkour in this world.,0
ankolpybbstink0074 has tomato door,0
/me w//.l:value840,1
qetuoadgjlxv,0
come run minigames at MOSAA3273,0
can someone open the door!,0
how to farm?,0
someone said BJ here,0
RM access from tbvku0vom5x0kpw6w4ken4rgzs,0
Cxzlkjhgf!,0
pgbjuwu7rzrkq6v7d5gwaqgf keeps saying BJ,0
wrench Kozevtlayurawe,0
can someone help with situation send lol,0
new extended discrete software open in NAC8IC20,0
/me x1jx3m1 is open pls!!,0
testing puzzle in Red782!,0
move move move,0
/me lets run benchmark viral e-markets in M000M4 guys,0
what is Casino,0
/me Q Q//WORLD59232,1
jump now jump now jump now,0
/msg DLLPL0RSKZZTZ3EPM6 need fuchsia table 745/wl,0
/me r m,1
/me bJ//DL=Q4ZXKYG9W,1
he said casino but not advertising.,0
they play something like qq,0
/me Q/Q//4QYJP6B,1
/me Dl//beje=RYG8605,1
/me Bgl/GA5 nahadroph5432,1
lf weather machine for 5wls,0
anyone want to test puzzle in this world,0
/me GAS Qq=rEmE,1
casino ruined this game,0
kick Hpbkg0Ebztn8Qizjos xD,0
/me m.in WORLD81294,1
/me BEJE=tfcakwwz,1
/me CSN=6Msoxf2WSsH1FB,1
i dont understand CSN,0
why people type csn!,0
how many wls is this,0
/me Bg.L/7urk/TU-RK SO675LU,1
/me D_L,1
/me RM=mquoicn1848,1
/me BJ CASINO hHM8T0EfIx,1
/me QQ//4phy936wjd,1
w/l:TU:RK:c.S.N]/kiioikhiq,1
/me CSN//TURK=nvaqcsz,1
join to my vend xme82oq need help.,0
help me in xem88w guys!,0
/me CASINO LDFKQK53,1
/me tu'rk/WORLD19550,1
/me reme//bEje=HEMOSA4774,1
bnmqwertyu qqqqqqqq,0
/me QQ open i6fyk2jw,1
/me DL:JJNKXWGXDE,1
/me rm=BEJE=X370338,1
change WL to wls,0
/me relog wait?,0
/me need grass for farm xD,0
/msg GuwixrtMPhbRd3 BJ for HQSC4CT,1
hello can someone help,0
password changed,0
rm me from access,0
Present analysis design effect check.,0
is casino illegal,0
lava in vend m5423,0
kick pvcpzsgj.,0
/me FAST WORLD68064 B-J,1
/msg X2FHLUT9ZPVBAVUK go HEEMMOSA13 for display block,0
/me Bj,1
/me NOW ca-sino Osa2,1
/me CASINO//X3M061H5,1
my world is HEMSO2059 pls!,0
store at NE390,0
DMG8SWWDJ6U8XONXCGGMTZHR is spamming c s n!,0
/me Bj M1N 73R064B4MK,1
new puzzle open in hemosaa84,0
/me Q Q:0Z38RZ4YGV,1
doing race at djq9ndggra!!,0
/me B3JE/QQ WORLD70641,1
RM B'E'J'E WORLD16717,1
Exactly another full little,0
vend open PROBABLY5,0
/me CSN CASINO QQ,1
MIn:Wrrfeiad2Gls47,1
/me RM:R-M/WORVLWD92,1
pull X0eXlZMusKA8OntTUiLpqv please,0
rate the parkour in HC269OM!,0
/me PLAY h39m04 (:SN4,1
lf lock for 4wl?,0
testing parkour in w1f3,0
/me TURK,1
/me CSN=BAJXQIB,1
/me CSN==Gas/PeR0377,1
/msg W2SCUBKMVEE0 CASINO=WORLD75134,1
come help at MOA633,0
cheap world key at st322,0
/me BGL!!,1
new world ANYO7 bro?,0
/me rate world hemos4as314 need help.,0
rm bujzgapwzefbf9i0z9j4en from access,0
/me CSN:D'L=WORLD67010,1
/msg p4KUa3D6CaFXkcrtYofMJrS3Zk TURK=WXCC324A,1
is 33bgl fair!,0
/me Q Q/INSIDE,1
/me help with map in qh23mv ty,0
/me csn/M-I-N=WORLD45481,1
C@_S1NO DL B-Gl3=Reme-w68orl4f,1
/me CSN=wanshoat318,1
go go go go,0
/me REME (Sn,1
come help at wr90oLAFf it is open,0
/me DL:WORLD89653,1
try my world HEMO3A pls,0
/me b91//BEJ//E//T-U-R-K,1
can someone pull me.,0
lets join extended background moderator in 2q7enq :),0
talking about csn is not same as advertising!!,0
/me my world is ce4ro when free,0
/me B/J CSN omcreud,1
/me CSN:Hl68M54,1
rm LSnkWat5fFD2J8AgvdYZE9 from access,0
Week fill matter last edge room air conference,0
can someone help with so federal,0
/me QQ=WORLD94308,1
/msg drukw2rpibw1upvzcw QQ//WORLD76136,1
/msg TREDKSNUT9CBBJJYVAD9 REME=501,1
0M511175 has dirt,0
/msg emYSlJPR bgL=Eyicqi,1
/me CASINO//ccollege,1
can you look at Y3573R816 it is open?,0
move bro move bro move bro move bro move bro?,0
/me C$n-BEJE//OLxCdg,1
/me min|Q Q,1
/me BE//JE//RM=COMMON421,1
try my storage - item074 when free,0
JOIN YEAR26 r3me,1
Potncdb34 has hair.,0
/me create/ca-sino,1
/me M_i_N-c_S_N -> ign9qw,1
/me Q-Q::CSN//j82l2qyg,1
/me Min g a s//c//sn//Wl:h35443,1
/me B'J=52ELVHSV3URX0,1
9As EM355A,1
/me testing parkour in HDMS233A bro,0
PAST1 is open guys,0
zvmeyosgkx!.,0
/me DL 0hm0p36,1
/me B'E'J'E//Dl=p0y354,1
play mesh best-of-breed markets in dxhc7740,0
/me RM TECHNOL942,1
restocked market UZI8BZEZ!!,0
/me cASI:nO|S6H6Mqfxu7,1
/me Bj//yflu400,1
where is too bank,0
cheap shop HQZ35M0B45,0
/me BJ Q'Q=mIn,1
QQ is just a word?,0
/me R M//fGp0201,1
host:TJWICCK3CRVJD7ACY6 :),0
/me CSN,1
/me BJ=M'I'n5:HESMOS65554,1
come on please come on please come on please come on please come on please?,0
/me QQ//t'U'r'K=WORLD93211,1
/me WL=9kfsdu,1
/me 8 G L=mrriage9,1
/me B G L=turk//hOsa15,1
where are you,0
BJ r.e.m.e WORLD3548,1
TURK::WORLD67221,1
/me BJ=MLTFTH8198,1
/msg L3EGUVX3MNK1 owner here,0
can you check PERTORA2691 it is open!,0
is this world public lol,0
visit orymosa3 need help,0
/me world owner BOj0qEYol6yiZ2K7,0
/me qq gas Csn,1
/me RM|M:1N=WORLD40167,1
uteqnvxl?,0
testing mesh dynamic relationships in mon215a!!,0
water=4/18wl,0
can you check 0DXM1 ty,0
/me Q-Q/Reme=orls8765,1
yosgkxbq etuoadgjlxvnqe.,0
PLAY QQ feelin,1
/me D1,1
/me CSN=WORLD73032,1
Carry support cell floor live person air game make wait certain style play,0
/me where are you :),0
bj=ll3uma,1
Reme WORLD5680,1
/me C5N=CSN=to3m9fx7c,1
go x85emo for big fish tank,0
Statement summer knowledge large everything consumer popular,0
Always remember six,0
/me BgL-Mi:N=MBEOL0055,1
eeeeeeeeeeee,0
grass block 5wls!,0
/me CASINO//D.L=26BMsMG1Ont8P,1
going to event in this world,0
CASINO,1
visualize one-to-one e-services xD,0
/me C-S-N/WORLD71277,1
/me CSN,1
who wants to come play event!!,0
/me CSN,1
vend coxmariinaso45.,0
WOLRD257///bgl///QQ,1
/msg xfrgnkcxepqjhgjexajyr2dwy0cj CSN:WORLD94058,1
help with challenge in tteroo0689,0
gas,1
/me c/s/N//QQ=dd77v,1
/me d:l (4$INO 7urk,1
/me DL:DUCCORBROAD09,1
/me CASINO QQ REME,1
go my world qcathcous901 please,0
/me Csn//X3M066,1
can you donate dirt!,0
charge charge charge charge charge charge,0
go BAD for executive checkpoint,0
what does BEJE mean.,0
/me DL,1
/me MI_N//QPOWER389,1
/me CS//N=04OXx,1
/me GAS//Hhesmsa000,1
my world is CMN3707 pls,0
/me BGL:0w3rld,1
fun race in T683UEROYAM,0
admin added Z4S9K4Fnlng6T3N7,0
/me elohrin613///cs:n///REME,1
rate world w0rrl6 if you want,0
dont join csn,0
/me where is owner.,0
/me gAS ge99fndzg,1
someone said qq is like casinos,0
look at the farm called OR06TKIML guys,0
/me DL::TURK=K1JCLGKOBA,1
/me bGl ORGANI404,1
/me T.Urk M3604,1
/me C S N/D'L/CASINO WORLD29519,1
visit to my shop WORLD2 if you want!,0
anyone want to join puzzle before we leave,0
/me GAS TuRk,1
/me casino!:Casino,1
/me GAS//WL/Fwmpcay485,1
T751ERO open now ty!!,0
buying lightsteelblue doors msg me,0
rate world WORL7451 if you want.,0
/me rtfbijpmerwlkeb?,0
/me CSN.,1
/me JOIN CASINO=S9Lyoii,1
/me BEJE//8u51w,1
/me GO TYJIVEXB9 REME,1
/me C'A'S'I'N'O//CSN=WORLD42335,1
/me CSN//Casino=HEO5SSA,1
/me C//ASINO WoRLD21901,1
ban Z7PgTzTcdMmirNpKYxdi from world!,0
can i buy this.,0
zpdpsnznvv uuuuuuuuuuuu IIIIIIIII lol,0
Appear decision unit step personal final short?,0
go W4R533R460 for vend.,0
rate the race in N1AU2G!,0
RDqpy8sjY0R6LppNfdI4vK owns this,0
/msg kuc9gezioxcpqrk7xr Bgl:reme//luW5,1
not every csn word is an ad,0
/me BG.L,1
True life probably throw summer draw group or,0
/me BEJE. t8QbCIt9,1
/me Min reme|h97330m,1
/me cheap laser grid has MIN price.,0
run fast run fast,0
/me WL QQ WORLD40514,1
rate the games in 3WS1HXGTK!,0
come this world called ha8gyryn4 if you want.,0
why do people say casino,0
rate the challenge in H2QEMO,0
khfspiy?,0
someone said BJ here?,0
how much is wall guy?,0
/msg Cun7Kjgbzgnyraaomvd1Ri MIN-WORLD29031,1
good shop sorry,0
Attention major!,0
going to puzzle for fun!,0
/me BJ pls,1
dont go to E96ML07G6W they spam CSN.,0
/me bj m1n TURK//48bcge,1
/msg WAa9JGMJ CSN=vgy077,1
/me tur'k=t//urk//emo89x,1
dont advertise casin//o!,0
ty!,0
/me hey try moss4a when free,0
leverage enterprise e-business.,0
/me B G L/WORLD41214,1
/msg accnwkvatpp7awux TU//RK=xmo181,1
/me wghj0462 open now bro.,0
/me OQCVRXL8 Q:Q,1
/me need 1 BGL change,0
can you open door.,0
hey rate h3m50545 now,0
come here and play race!,0
store at local,0
going to maze with friends?,0
owner here?,0
help me in w0lr95 need help,0
/me CASINO//BEje=aTt,1
/me QQ:X3320M0,1
Light some anyone table dinner far travel,0
GGENE owner is z8hgbimssnttstdexjbgt6rwpm,0
/me T-urk:s1gnwwat,1
/me C4sIno//BACOTAS748,1
does c-a-s-i-n-o mean gambling lol,0
/me Wl//Wl//Wl//Wl//Fsh8Tky,1
/msg Myesucybs8Oscsla 8'G/'1|dl=XDJ2C1SJO,1
jumpjumpjumpjump,0
/me C'A'S'I'N'O/h903m0,1
/me WORLD54263:Bj,1
/me CSN/casino=4080dj2,1
come here and come play puzzle,0
rate ATTEN if you want.,0
/me C-A-S-i-n-o=C'S'N=VEXAMODGE4,1
/me JOIN GAS=won2rlaf,1
/me REME/Dl jpdit712,1
vend at west8012 fossil.,0
HEMSO970SA is open bro,0
nice world?,0
00v8j5w6 BJ,1
/me Casino:SHE9MOA977,1
access given to Y1b2RongnlpbJFKuZ3d4Glj0?,0
/me Beje:knok6cq9,1
doing puzzle at L80BXT,0
Drug he kid thus card win.,0
i saw CASI_NO spam in M0544188,0
/me CSN 0br568mun,1
/me QQ WORLD69553,1
gas=lvt9dauxh,1
is 4/18bgl fair!!,0
/me R M:M00954,1
C_Sn//GM17819,1
/me Qq:R_Eme:BGL//mo70a761,1
rush rush rush rush rush,0
MIN,1
/me beje:m7exb8d,1
/msg w0dqwpvoceqvxof9mxtxzarwwamv Q_Q=WL=C-Sn//A54CHEWOU,1
gas gas quick!!,0
/me MIN//X0EKKO,1
/me RE.ME to NBpomr47,1
what does cas1no mean.,0
/me J0IN dl XNF15R,1
selling team draw fossil in IEVSRIS6395,0
cheap reflect gas mask at TEROYMAM7744,0
rate world prOTEc2011 when free.,0
GAS//Beje//C/A/S/I/N/O/WORLD69467,1
/msg J4Ojltwde8Fpqkzpfcjhjvtgaiz2 DL=WORLD17797,1
/me w.l,1
/me h35emsssa REME,1
/me q.Q=CYR43RNBCPLL06,1
lets try parkour in ingsrimp92,0
yo.,0
someone named QQ183,0
is the owner here :),0
vend at HSEMOPSA9 portal,0
exploit cross-platform synergies,0
thanks np xD,0
/me Qq:RM::TER37O,1
PLAY BGL//PdUrIv,1
/me Q'Q//B/E/J/E=5xemb35o,1
/me DL:CAsIno:bj//73R71000,1
The ability message dream,0
/me come to the shop tnsoc68 please,0
/me REME CSn,1
stop saying BJ.,0
/me casino//CSN=WORLD88820,1
gas gas,0
/me CASINO,1
/me cs:n//QNP1QWM4V,1
/me they play something like qq!,0
/me B'GL/REME=sdsf5ms6mfmkdv,1
/me b  J:g9cby3vr,1
/me R_M//Bg1=5MUBJD8BL,1
rate to my vend hems363sb ty,0
/me qq//MIn G.A.S,1
ertyuiop,0
73r0870qy4m|CSN,1
market at JOHH6!,0
/me CSN//qq3=73HZF8933,1
/me W-L:BGL-Zpzdjud,1
/me reme:reme:reme,1
Sister us matter growth now,0
/me gas//QQ=CIIDPWNMT8A,1
where is owner,0
help me in MOA0435 please,0
avoid CSN worlds,0
world GFSIFCYR8 is open guys,0
help with event in X3M2280!,0
/me GO Gase=9tg9mnm99gi4,1
/me CASINO:wrrl36,1
/me CSN?,1
/me turk:7RR97430Y4M,1
we are doing race after farm,0
someone named QQ547,0
going to games when free,0
/me gas beje,1
/me rM Q.Q=YFCK71,1
come ty lol!,0
doing cross-platform demand-driven benchmark at vg2rl7n,0
/me need platform for 12/wl.,0
/msg BVWRZPHEGSWZ access given to wlaggjftahlzk1yyv7aatk,0
/me bj:TURK:qq:vy75r9y9ant,1
what does BEJE mean!,0
/msg bqnlsfy8nxaesmo9vsz3vpezbvxl wl3//r m KMhnG5F4,1
/me csN/X39M1,1
/me pull S1O9Q8KZGBRCLHWSW8LUPI please,0
world ndjqqe4ng7l is open now :),0
fun parkour in z73022r0 please,0
/me Wl:REME xm4,1
/me R/M8 lyobidspherr424,1
/me ocuabsiarwiocmmud1gfcbl5bx keeps saying casi.no,0
WL NQAT175X,1
new parkour open in k82pl3vht.,0
B///E/J/E d.l Q.Q9=8CA35,1
/me CASINO:7g3410,1
/msg ajn1tys8idesbzdwlmvyxi W'1H90XEMSOA,1
We few tax every firm involve become brother professional,0
csn means safe performance maybe,0
see to my farm n4n1cf1506h7 guys :),0
/me CASINO:htMmo91,1
/me QQ::bianei092,1
Less can population hotel great allow consumer?,0
where is the white door,0
new games open in TER8BYOAMM,0
rate the especially in yitamoor26 lol,0
weather shop at w39rolr,0
palevioletred sugar cane=782/wl,0
access of ASSUME is bebgjmppery5v3h3tiykbpmjaj,0
rate world R1V643V5 guys,0
/me CSN//turk=467irq21o,1
admin added fwv1iggaklq0wmc6 lol,0
/me qq:WORLD81612,1
np where are you lag lol,0
/me CSN WORLD72115,1
csn is annoying,0
admin added ins3vthyg1.,0
/me GAS NUL7735,1
/msg meb9vic5eGK2l4lB Talk government big reduce else quality something,0
/me CASINO teroyma529,1
come W0780RL4F please,0
/me hey follow to DJGeRSJ8 need help,0
/me C$N CASINO=H5FM054377,1
/me MIN//WORLD47650,1
/me gas//EMMOS8A,1
door id is 3830!!,0
/me talking about casino is not same as advertising!,0
Total multimedia software,0
/me csN//CASINO=zoxx988,1
help me in hemo7 it is open,0
pull BgNTa9r5uox5gl please lol,0
lets farm event in report85!,0
we are doing customizable heuristic database for a minute bro,0
/me R'm|bgl|WORLD75520,1
uteqnvxljgd,0
access given to H3mTD9tJc0KoM4oKcQuPobnIDN.,0
buying green fish tank 89gems.,0
/me Bgl:Xemm4O07,1
/me admin added hmwmitlwn3?,0
/me GAS-DL//33869r0,1
/me c.s.n//Bj//F7SMNBU0729B,1
/me WIN CSN a4oq9m,1
REME=dl:4W078RL4F,1
/msg QRS0ZYJRD4IQT5OZ REME=unt0,1
can you go 5S6PEAK guys :),0
QQ R-E-M-E T2D3HocVy5,1
Qq/g.a.s Z4Td855Iec2V,1
/me Gas//accep2031,1
come here and come play race anyone?,0
/msg nrEkvfYDl1O6hAMIQYM4 BJ=dnt1mea,1
/msg XML2GQUUBPYPND Dl open 0Q3FRT2ETV,1
/me come thanks,0
road shirt in vend 5bys2p4.,0
/me CSN=FT3Jj5wi,1
/me TURK4//kehp6hw,1
world owner zcv5nwxwldc8lvfdaqspkvzeobwbdr!,0
/me access is dxf1uwk1odectzsta4n9cnf4,0
/me where is exit,0
/me Q.Q//j130rir,1
/me (SN//BGL=D5Emy2Zxj3,1
/msg K5Xxk3Kp QQ=medica00,1
/me Bj=cugdyf9434,1
/me 9as w1 bbntc9,1
go LGAPODHMSL548 for silver grass block,0
/me bgl=B'J=V4Hav1,1
WORL932 is open pls!,0
QQ my friend cjjqzij9cfhauye7xyr8j8lztymn?,0
/me Wl//CEnTRa0,1
REME=WW0RL91,1
/me HESMOA743 has lava,0
054esmzsa owner is R7R2rqXrLTJQYvom,0
/msg MmULdTBg rate world Common020 bro,0
help me in hk316cmo pls,0
/me 3N5Yl2Hhhljgpfd0N5 CASINO,1
/me join us for profound regional archive in h3555mm054,0
/msg nso6lbnzp6n0ljjq rM=WORLD63083,1
/msg zdnDCUkhczMUjwZDfSCeXTs5FK rM=GASIC284S,1
/me BGL//ZTVQ2,1
BGL shop/736M0?,0
is csn against rules!,0
/me CASINO!!,1
/me CSN/R3ME 3rtm5g1c88,1
casino CASINO,1
/me R_M-CASINO=H3M0M524,1
/msg kasjy0mpp8jpsbpbr0mehiwr my world is 9zo0r04 if you want,0
/msg v4VYFxEJBFRoNLpkA2ff R E M E at ORE6410,1
/me T_U_R_K 0jkk90bz3xT5,1
/me gas bro gas bro gas bro,0
TURK friend slvjwdcnc8kmrpv5cgrwffjipw,0
cheap shop accepts WL :),0
/me wl=YOZG348,1
/msg T5Lbe6R3Gpreoq w l=cSN/EPISOH37,1
/me b//j|Ocnt8,1
/me Reme9/pro3454,1
ban VZMRZZF1OSIJD9EOV6GJFLI0ASQH from world,0
rate my world di3 ty,0
brb brb,0
/msg JDCPSLIWA6CKBQRXVHVWFTSLG1 m.i.n=W4ORRLRF,1
need grass block paying 88bgl,0
/me CSN Gas,1
/me can someone pull me,0
testing race in NO6SA,0
/msg uprvnlk1b9xr does anyone know grow,0
i hate casino,0
do it do it do it!!,0
buy background 419dl,0
/me GA/S:must2,1
/me CSN CASINO,1
/me BEjE8,1
push push push,0
/me BEJ-E//Vuh8Xm,1
/me who wants to play against.,0
/me Rm 8J=va083zc,1
owner=KAPXK5J0LTBEI1GXC8LZK5,0
/me Q.q==DQG4LZ,1
/me bEje,1
kbppefghmfyeojln idk.,0
admin is QHJVL6FEHBNOP2GEUHDINEPZS9,0
/me hey go KVsK16887 if you want,0
/me Dl/Bgl4=WORLD47592,1
/msg poitxzzpuxc3s0hfkbhn R m//RM//MIN//r'm/LPYUXG7802,1
/me B_GL-HME49OMSA,1
/me CASIN0/C A S I N O=on3s813rzc,1
rate bi430vo if you want,0
world L3Wmiigq is open now,0
/me b:j join WORLD52430,1
vend at BVFV5J paleturquoise blocks lol,0
/me door id is 177,0
ssssss,0
/msg BPSRCDC4JYD9DXR0XFX5QWMRS2L6B7UGHS Claim common less line each be save this admit,0
/me R'E'm'E Gas BGL wl=Q/Q/WHI,1
new minigames open in KARABLZS584,0
/me Beje//Bj WORLD72815,1
W'L WORLD18986,1
lets build games in XOE64MO,0
cheap rock at UERO0458,0
/me bgl=TPNFUUFB15,1
/me B_E_J_E|rm|Byszojxa,1
/me reme=m1ffp4f,1
join to my parkour ribast7 when free,0
/me BGL CASINO CSN,1
who wants to test minigames,0
/me GO CASINO-8PIB6NMAM,1
/me TURK5/WORLD97173,1
/msg h4csarxup2ouzwqfhjx3nol4 rm=Ygjme4,1
/me w1ksuaw==BJ,1
/me oPEn ZO4RR CSN,1
how much is 1 BGL,0
why am i banned,0
too many csn spammers?,0
come here and run maze :),0
/me WORLD13587 Q//Q,1
qnvxljgdaout,0
/me CSN=blmfn1,1
Memory theory skin finish agree catch American specific can best.,0
/me bj/p8lhv3,1
wa63l is open need help!!,0
/me R.E.M.E//Wl=SEAAS6467,1
password changed,0
come on come on come on come on come on come on,0
Hit property interest response he civil wrong,0
/me csn=WTHFVZE3XQVWYD,1
does anyone know again try unit,0
/me RM:WORLD51411,1
/me Reme=low7y2,1
where is exit,0
restocked block shop SK4726 :),0
/me b'e'j'E==R-Eme upevsgjby,1
fun map in W0RLKD958K please,0
anyone want to build object-based dedicated analyzer for fun,0
/me W//L/mi n/R-M/dl=down,1
(REMEE:po5foinn4,1
fish shop open MRYRL4,0
kick GVQJJRB1E3I5,0
can someone open the door,0
(As1N0//8j//svufupg,1
Csn W.L DL1,1
/me WORLAATF37==csn,1
/me b'j/Q Q!/QQ=hee17mosa,1
join maze if you want guys,0
/me MIN//e7Ynp,1
/me C'S'N/B.J:heal7641,1
/me CASINO:Y0Qua6Q4,1
r4gzm open now it is open,0
testing maze in WORTIN2.,0
cool farm come good shop nice world!,0
wrench EMD3OVDKXEH4YBBBJICV,0
/me TURK=RM8=B-J=REME-MS74A,1
/me GaS//Bj=20h6p95yhmj,1
/me 7urk-C'S'N-C A S I N O=aooxj0d5hy,1
/me ca sino9:CSN/MOISBOLIK9206,1
/me M.IN|R-m|8g3gupij4t4,1
/me r_3Me:73R0Y4724M,1
BEJE//d/l==H35M4004,1
can you get banned for gamble,0
WL price check,0
/me R/M=gas=Dl=MEE7LO64,1
/me Hour decade herself decade experience recent,0
not every csn word is an ad!,0
come here and come play puzzle!,0
is csn banned!,0
/me BEJE csn gas MIN Csn:h3m905534,1
/me Wl//DL=fr0m,1
/me bj=1d0cul43br45h3224,1
/me CSN:sbb1zu,1
/me CSN:book7421,1
/me BJ//LERSNERSLEXOGER6,1
/me B J:DL-! 8eje,1
/msg dwk6kvs0msb4r1hujc BEJE WORLD68695,1
/me WORKG6=BET,1
vends open vyyjdit9,0
/me come come play scale viral portals at iaztj133,0
H30M58244 open now pls.,0
[DL:BJ:reme:QQ==WORLD27098,1
/me C  A' S -I N O/Reme k4pkf8c,1
T$urk MIN d.l,1
/me CSN,1
/me TURK CASINO WORLD4397,1
see exmcpa654 need help,0
enter 7z6gi03x need help,0
join us for games in 7R39420,0
/me CASINO=WORLD14326,1
lag,0
/me CASINO//26b0eyt7h,1
B'E'J'E=r.m=OVAMENCH618,1
sorry wait sorry,0
Likely newspaper ago generation.,0
Head sea scene,0
/msg mek5swhbb6wmy1s8 CASINO=B1RR15FGM71518,1
/me b-9-l,1
gasgasgasgas.,0
come help at hesmoas3 it is o-p//en,0
/me qq:n7rud4ahk,1
mod please check gambling spam,0
/msg PHWVR9C2ZDUVNZ GAS=HHMO2,1
we play purpose this round lol,0
/me Dl h3m0423,1
/me Casino/t:urk WORLD21417,1
hi lag.,0
/me go JHLI722 for as expect farmable,0
/me MIN=CASINO:jrhtgab9q,1
these cas1no bots are annoying!!,0
/me BEjE:H2jk9bOquFbo,1
/me BJ/63Rm,1
/me BUY LMWUMIV Gas,1
/me CASINO HSEMO33SA,1
/me R'E'M'E C-Asino WORLD73495,1
come come play maze at HEMA719,0
/me casino/MIN=teroyam93,1
/me q q:BJ=wo9l1af,1
/me help with map in CJ3V!,0
vend at H4EMO wing,0
FilM service dirt in vend ch3wr135c8h2,0
yhfklnaqrz Wmbczkhfsp?,0
lagging so hard?,0
CSN QQ,1
host is MXBLFHBESSCYQDA3CFZFTPPUIL.,0
selling geiger in w3m054941?,0
Ameliorated fresh-thinking solution,0
need help with farm,0
E2RORWEMXSJKLMLBEW owns this,0
my friend says QQ,0
where is white door,0
/me Min WORLD90554,1
/me B G L,1
Dl GAS//rxcrl8wv,1
/me bgl w0r34l3d,1
Authority course popular discussion southern!,0
/me Dl,1
/msg mpvxQ6JkV0c6X3V4zxErM5I0 BJ/dl/sl0d,1
owner RM Trzglbi9Owx8N4Ctnkc0?,0
/me rupdhlc,0
join us for puzzle in PUT2708,0
come here and run integrated demand-driven installation anyone?,0
/me 7URK5 TURK Casino,1
/me CASINO RM Beje,1
/me CASINO:qq,1
iafjzvmey vmeyosgkx sgkxbqrupdhlcnwt,0
/me go the farm rd9hu5 now!!,0
can someone open the door,0
/me casino CASINO,1
/msg l9nteyxid5mvwpulkf DL-WORLD41464,1
/me BGL:C'S'N:RM=FLRQUGU91,1
come play race at PHYMA6772.,0
/me W-L!=BJ:WORLD35751,1
expedite next-generation bandwidth!!,0
/msg Japsmkrtqhotlrdpl2W3 where is the white door lol,0
/me Bg1//6bsey5,1
wrench Xbmhgdyfdcqhyea2B9Y1Ybrn!,0
letsgoletsgoletsgoletsgoletsgoletsgo xD,0
is the owner here,0
come race quest at yHlJ7x1.,0
/me CASINO QQ CASINO,1
buying farmable msg me lol,0
/me bgl//GAs LFJR247OTLI,1
/me JOIN REME//W0R443L5,1
/msg cfvUaTM9w9g5muuOJTom RM WORLD58175,1
selling item for 561per wl,0
doing see at meloo9,0
/me m-i-n=4RC10N5,1
/me CASINO/CASINO l2guazd,1
csn is annoying!!,0
change wls to BGL,0
/me B J.=BJ=I31,1
/me testing bring in glnl8 xD,0
help me in UBLYMUNCREDIS936 bro?,0
/me BEJ3|turk|d'l4=them22,1
/me admin added p3j3wpp8cjltymwkn2urub.,0
look at my storage=HEMOS371 need help,0
/me QQ my friend ermgtaf7hokya1g5xjfd,0
what is the price?,0
casino is annoying,0
/msg SQIFSND4NFLQITY6UTY4X9 brb,0
/me Bgl,1
/me REME,1
come here and try minigames,0
/me BJ,1
/me TURK ufy7esnmgi,1
/me W-L,1
what means DL,0
hey see saaunfk4 need help.,0
Gun it grow quickly along and old :),0
/me bj//REME zor64,1
/me Casino//B-GL2!,1
relog,0
/me BEJE:DL=ropze0b,1
/me Qq Dl,1
world owner Sbwovukfxfq1E2I8,0
sorry,0
/me BET yjjqn8dgy,1
fossil costs 9wls,0
we play front-line bandwidth-monitored contingen Table author by,0
looking for another farmable for 2/15per wl,0
/me MIN,1
/me CASINO=B//GL=mi_n:jgix2,1
/me Reme-Wl:03m05477,1
is csn banned?,0
/me access given to R6XEXWTWSD,0
/me hm80543142::CASINO,1
/me BGL nea3x,1
/me DL 3x74,1
/me lag lmao,0
/me restocked seed shop x34m0,0
/me Stayy2=DL,1
hurry please hurry please hurry please hurry please,0
someone explain c4sino.,0
/me min-w L i0hxvu,1
/me Wl//GAS=rd3cteycohyr,1
/me CSN=HEM928SOA,1
/me hello can someone help,0
/me reme/hcfl9bl,1
/msg aajma6o9mgzchcuzaxk6ot wL=C36M0549052,1
lf olivedrab platform for 7bgl.,0
/me C.4.S.I.N.O:Min:Bj=R-M h53m061454,1
/me GAS CSMNL,1
/me min=WORLD85704,1
talking about BEJE is not advertising,0
lmao xd,0
/me BGL PhzCX2,1
/me JOIN WORLD48475 CASINO,1
be je bj,1
password changed!!,0
hello can someone help,0
/me D-L WORLD994,1
pvtvnpldngewphk?,0
join event if you want,0
hello where are you,0
new games open in m8054590,0
come play race at h35m05h9!,0
try this world - terog719arm now,0
full geiger in vend waesc0,0
testing parkour in ScoRe91,0
bring you door 16dls,0
DL::z8igvj,1
/me Csn:HEMO827,1
come help at BLDCMOSE22,0
/me 83JE/M IN=2WQHDD,1
/me CASINO//wl=7HEE60OM,1
/me Bgl3//Dl xhdalxsz,1
join us for map in bv2v0bnnz?,0
my friend typed CSN,0
world qoxambb1124 is open bro!,0
where is owner :),0
Fast trial first drug lose,0
help me in 22FKZFGVO10P ty lol,0
/me b g l/wl giw2qnt0y,1
/me RM r E M E m9zcxjjaj,1
/me turk=WORLD38752,1
/me CA51No//kjdiegkx,1
/me Q//q//WORLD56301,1
BGL//RM=ter23ovyam,1
/me dl//Qjvqvdp,1
/me REM_$E=ca.s_ino,1
Wind home determine reality reality want ground serious investment history far,0
/msg HDF5jZIRxfKdt9SMN3Mk CSn WORLD31068,1
how to get gems,0
/me W1/mos199a,1
/msg skpvo3p5opqzzqb8v1 r m=W508Rrl,1
visit the farm called dal5oyxkj ty.,0
avoid c s n worlds lol,0
we are doing deep if you want,0
Ameliorated full-range migration,0
/me min-c_s_n/WORLD56017,1
/msg NEWArSPzSsM8B6sqKcM4G0rW Rem'E/RE ME/M-_I_N=O2RQ2FDWI,1
/me where is white door!,0
/me join my maze called NN31XA bro!,0
H5N12ERC05J owner is Ezrbwug6Syzrbep4Rgu2O6Aa!!,0
etrr060o is open ty,0
wrench txmemhgbz0zicej1mv.,0
/me is casino banned,0
lets go lets go,0
/me BGL,1
/me C5N1:T0IMEWORAF194,1
/me 025kfBoscro8S:RM,1
/me MIN/MI-N xwye7f,1
help me in w0rrl0d355 now,0
/msg xDoVH6PFIgiL Turk 8utdw8s4,1
/me QQ//WORLD86891,1
rate the challenge in TMVRO10,0
go gipd12 for gas mask!,0
Task would rise affect its new against couple international notice individual middle decision too on,0
see my world VOSPDRA90 ty!!,0
/me BJ-HM3X05418,1
Hold boy low consider,0
who wants to play harness global roi?,0
/me M/I/N-ga$-CASINO-B.J=xxxemo973k7,1
hhhhhhhhhhh lol.,0
/me DL=WORLD44510,1
play maze in T6R7O.,0
/me Turk/b_j s018dr5ox1t6o,1
/me r-m//WORLD48562,1
/me avoid h33m045 it has casino spam?,0
/me C $ N=CALKYFERM4339,1
come here and test map lol,0
hey rate LMHA7 guys.,0
street sugar cane 335 dl,0
rate PKVG5061 pls.,0
/me WORLD78021/C_S_N,1
/me CSN::bj H384MS,1
/me BEJE//CASINO w09prl,1
/me Bgl//xcgxe5l,1
/me w135rd//BGL,1
meet at TEST8 for practice.,0
new challenge open in xx38m04,0
/me D'L//RM=zzrhivat,1
/msg F5LZF7VKYU meet at HSMOOSA82 for map bro!,0
how to farm,0
/me B_J HEEEMO8612,1
/me play minigames in X9Y0FMO,0
/me Bj,1
hello can someone help,0
/me B3JE t'u'r'k WORLD46513,1
/me CSN=ahgiov2p5nolx,1
QQ is just random text,0
jkicvtbhovrwaf lol,0
help with minigames in 7413r0.,0
C4SIno Wl=HAI8,1
we are doing puzzle with friends,0
/me B3JE MIN WORLD62291,1
/me REM3//BJ xx3m04150,1
ban u8nxmamaayccmrwyei from world,0
Chair letter occur director world that yourself above treatment remember xD,0
/me come help at Bmsx41 guys,0
/me WL=CSN==XMPO226,1
rtyuiopasdfgh?,0
/me b E j e/CASINO=WORLD3369,1
/me CSN!!,1
push quickly push quickly,0
he said casino but not advertising.,0
/me bJ Q'Q,1
/me (SN=H35MG054361,1
/me D.L==f1fllhvcpz,1
RM TROZAM777,1
/me CASINO=TEGGBXK210,1
join map before we leave,0
/msg hswjivhrplrjuwuhdxnnbukdi6 CSN=YDOWNC,1
/me C S N//C S N,1
/me q-q,1
/me REME J1XpbP,1
is this world public xD,0
sell grass block 7wls.,0
rate world carxgs0077 pls,0
/me Csn WORLD59228,1
DL shop M42SA.,0
there is a csn spammer here.,0
BGL price check,0
go MXKPLDA for geiger,0
/msg Rwe1Ljz1 C5N=tavicatkeb1999,1
/me bg1 c/A-/S/i/N/O DL C Sn/m/i/n::WORLD9407,1
clothes shop 2OE6Y9,0
X42M30 owner is AWONURKAFR,0
/me turk Umw0G7Ydeo,1
rate the race in m46osp lol,0
vmeyosg,0
owner is KJN9CKY8G1ZXKEG3X8O6?,0
sorry yo,0
how much is this item,0
/me REFLEC=CSN,1
/me how to splice,0
hello,0
/me REME=BEJ.E:Ca5Ino/hoxi6,1
/me change WL to wls,0
Biqsic CsN,1
JOIN CASINO==W8RJO1G,1
buy result chand with WL,0
pull iomxaxs7moglafz0v8oiq2spowgd please,0
/me BJ=d_l//8ZCbT4R,1
Stuff see thousand only boy especially provide,0
darkgray wrench in vend CHAIR9573,0
/me Csn/BJ=guifcdaue,1
go my vend called Month573T guys.,0
/me main of Threat4 is V9QIEZAYE7BVH2LDJVYPQ1XF,0
/me t-urk=CEntEs701,1
/me avoid C/A.SINO worlds,0
doors in vend 2GDL1ATDD5,0
/me MINN28B5MSJS8,1
push bro push bro!,0
Reme spam is annoying lol,0
/me wL/Qq 00ea,1
come help at rlqbnwngu93 please,0
w0r870l4f has chand!,0
/me BEJE=xSIsEQ,1
/me WL=SOMETHIN,1
come help at teoya639 please,0
/me gas-MIN-csN.,1
Fear force position,0
main is MNMPI4ONSES9NPRYOV,0
we play games Security join choose message war lol?,0
/me Bj//MI//N=hoh72,1
/me casino bOLfbHiLpc62,1
/msg CDFPFHYRV5NUK6N2ELGKB2JZMPBVC5JF gas:H3GM05441,1
/me Reme-c_.S.n h37m54,1
how to farm,0
/me m-1'n m-1'n,1
/me c_asino=MIN//xnjiyihpti7749,1
why am i stuck.,0
/me BE//JE:CSN=GA:S=BJ=r m=asm3cqxw,1
/me min//WORLD30672,1
/me WL=mod,1
/me BJ=REME HEMl6,1
pc pack for 48dls,0
CASINO D.L,1
/me csn/c s n=Zp9Usy38W,1
/msg F7rvwHjGFjoXmX BEJE at hbpck42tvmt,1
/me CSN//WORLD47383,1
how much is score lol,0
/me C.S.N-77er240,1
/msg V1J0Docbeni2Jmpmz7 DL=WORLD75210,1
/me C-A-S-I-N-O=BEJE//PAINBI7,1
/me BJ:EVID,1
change wL to wls.,0
rate the live in TER46JO,0
who wants to build puzzle!,0
help me in W0R3D9 please,0
meet at XGEMO618 for minigames!,0
/me CASINO QQ Hermoosaa483,1
/me Cs'N=WORLD69370,1
talking about REME is not advertising!,0
/me re:me/76t9gnfidp,1
help with maze in 1Ah5G?,0
4KI894 owner is turyuryjl3ieb5h1s7q0nudxjustshwv,0
sell darkgoldenrod checkpoint for 538gems,0
/me GO 1byqcez reme,1
/me CASINO WORLD87787,1
how much is this item,0
/me WIN BEJE=l802mgqh,1
/me t/u/r/k//EXPECT,1
/me w1,1
lets go lets go?,0
Road sport music style create finally air fight form real wonder around debate raise,0
CASINO QQ REME,1
ban c$as'i$no bots,0
RM=p974q9tw649,1
/me p0w26 GAS,1
QQ//MILLBEST78,1
world MIMRESS1406 is open if you want!,0
/me join us for games in w7oordl,0
new art open in DefEnSE4.,0
WL//g -a's rjto57,1
swzo9 open now if you want?,0
geiger shop at ETKA4SKEIN7630,0
join to my storage x33m00335 ty!,0
what means BEJE!,0
world totlua4 is open guys,0
cheap shop accepts bgl,0
is csn illegal.,0
/msg CCdPX7HXeSFBT6NJeY MIN TE5ROYA,1
/me CASI:NO DL F7Ae2A,1
CASINO//REME=WOR7L,1
/me dont join c s n,0
YBTUQ open now if you want?,0
door : 68/wl,0
/me dL,1
cas_ino,1
/me casino=rm=geolautihhh4701,1
/msg JSFMNQPK R.Eme WORLD92280,1
/msg v5voaan2lzwpnyrx CASINO LQJAEEI2,1
/me BJ=XXEE4MO,1
lets join parkour in OCC lol,0
come help at MMOSA2 now!,0
avoid casino worlds,0
Night voice occur century any population!,0
/me BGL|Min//IEUAGZX5Z6,1
meet at phbpfa831 for parkour,0
owner takes BGL or wls,0
/me BGL DC4937,1
/me w'l Casi-No WORLD61102,1
sup!,0
any turK here!,0
new world TRAE931 bro,0
Ask suddenly occur ahead organization glass but keep,0
/me CS N/Qq=WORLD92864,1
relog.,0
lmao brb come here,0
/me FREE CSN//hodqmgo6540,1
rm Pnh0H1Em from access,0
/me hey go MOSAS4 need help,0
try my shop:h1731054 pls,0
new more open in wio27l,0
/me c5n//WORLD30895,1
CASINO//WMW78VXZ,1
/me qq/turk=Ofrecancjca38,1
/me r/m//Y6TDC8YUV,1
/me BGl=Jlkbgoz94,1
Wl//53n10r761,1
change BGL to wls,0
/me CSN CSN CSN,1
try my shop - SKDUZ0 guys,0
/me MIN/LkItoaLUr,1
come help at heeo142 pls,0
/me need grass for farm,0
/me v4s8jdi//Bj//qq,1
/me T'U'R'K Qq Reme,1
/me CSN=worldd06,1
/me CSN=TREEO1,1
/me c a s i n o,1
/me CSN:Q Q! GQHWMNFY4,1
/msg N6o1fsBlvRITG1lRIk GA/S=hyytkgw,1
/me d.l M00545800,1
/me casino/vixmarkuo9,1
weather machine costs 96 wl,0
/me PLAY Bgl=0elo0482,1
BJ,1
/me GO QQ=JOKYCULAESEMFJ394,1
/msg RDSALLI5LBQSHSO8VDQ9SQZOZS can you look at hemmos031 please,0
/me Bej E BEJE,1
WL/d l=2JI81,1
R'eme:Beje-MARKET70,1
/me REME,1
door id is 7634,0
/me CSN F013EMO,1
rate this world called 3hm2890 bro,0
Ijdvhtssm1U7 keeps saying BJ xD,0
/me DL at rbrcvr,1
sup lmao sorry!,0
/me Turk-r.e.m.e-B_J//FlatTh7,1
vgfurini0 owner is Oueomev9Out4De,0
/me ozja04=Bet,1
/me CSN CIV20,1
Plan because inside result outside budget his manage trouble,0
/me REME=pbh4cai4d,1
dont go to f3j2h3m54 they spam CSN,0
/msg pSHQAaJ6xNSeu8BF CASINO=H33M55,1
(m1n:qq-authori510,1
/me 9as-WORLD66666,1
/me r.m=exa95,1
/me (ASINO:Om1GMoX,1
/me Bj INGc6e5Xf,1
/me qq,1
h73m0 has wall,0
/me 1X301M Tu.rk,1
73r963 open now when free!!,0
Here him else five half huge station purpose?,0
go 37FR7320 please,0
/me B//_.GL:Ljq5Bp5392,1
/me WL-csn WORLD29981,1
REM//E Min. Q9FQAPW,1
talking about casino is not same as advertising,0
/me remove access from dkwvhdd8zsdw?,0
/me visit the farm:HEEMA927S guys,0
my world is h647350M054 pls!,0
someone explain c4sino,0
/me QQ/DL wor9lsd,1
does anyone know coach special agree,0
/me BJ./WORLD98254,1
/me Be-Je:5uh7h00l0b0,1
look at W03L0 it is open,0
/me b_G_L TEROR788,1
/me lf later wing 76 bgl!,0
QQ why door closed,0
/me Beje//CSN=WORLD44966,1
/me BJ==7739r0,1
/me R/E/M/E-W L-w//l-8J:1u65wcpp40,1
/me B'E'J'E WORLD71148,1
/me QQ:WAL95,1
/me do it quickly do it quickly do it quickly do it quickly,0
help me in wcd3h1 ty.,0
/me Dl=WORLD93345,1
new aggregate sticky synergies open in govern,0
/me can you follow to n334496 please,0
charge charge,0
/me Be/Je Bj:RE'ME:dL==PROPHDER50,1
/me D'L//REMe//BGL=BE//JE=HxDs6pwbJ17r,1
/me M1N=econ766,1
/msg r9fnepjvxpgwm0qk Bgl join WORLD87929,1
/me q-q WORLD64828,1
/me min|min,1
BGL shop=z48ira,0
what is the price.,0
/me CSN=D L=QalwRfxG,1
cheap bait at RR1V7,0
is gamble illegal,0
/me (Sn:WORLD39912,1
/me CSN-APPLY16,1
/me BEJE=JZ4SJYCJ0,1
/me CASINO//REME=WORLD4711,1
new world h93h0l ty,0
/me cr44ck55ng72|CSN,1
/me wl//R/Eme=pr0115,1
owner takes W//L or wls,0
/me CASINO//woolrd008,1
Realigned executive solution,0
CASINO//ee7x4,1
/me movemovemovemovemove!,0
why am i banned,0
REME//WORLD57928,1
/me bejE,1
come here,0
selling fish wall in sort1,0
/msg tnlcr7szljbay2f0mcpgtlk0ztei CSN=0wr3l4f,1
/me CASINO//bEJE-gP8c9,1
/me b'G'L-bgl=WORLD89908,1
rm ncnqyrvtz9mlvfj0jrk7iyrym0ab from access!!,0
/me TURK/TURK/TURK/TURK,1
/me CASINO//C-A-S-I-N-O=MMOHE0,1
/me TURK//rt7tbatyv8q,1
world TESLS338 is open now,0
/me 8-e-j-e BJ qzzlwpfvxl,1
door id is 7335,0
/me W0YL472=QQ,1
/msg z7qitvpre3kl W L=WORLD4264,1
lagging so hard,0
What light cultural store return ask on concern serve,0
/me surg shop open FIVE56.,0
/me MIN -> CSN::kaur3s,1
how much is treat practice determine,0
he said casino but not advertising,0
/me bej//e/bj WORLD22561,1
/me DL:7urk:WORLD20248,1
/me BJ:csn//WORLD54008,1
/me d/l cs'n=REME=73R05C4M0,1
/me BJ/QQ L9NN17OEFX,1
/me these C S N bots are annoying,0
/me world owner cgcarloqgg,0
owner of glas2 is Sibbssgnbkljcirra3Inqi,0
/me join map Polarized mobile utilization,0
/me CASINO,1
/me CSN CSN WORLD53137,1
DL//potdift,1
/me CSN=WORLD60441,1
leader is e3UFwww7C2DpenJNQ7dBADzVrtjK,0
/me QQ=bj=thedturaca71,1
/msg GNFAA3AAIWUMOVFRMXOAKNORK2IV RM=ogusvovran,1
/msg Wxq1Semguajdi8Lgt6En casino spam is everywhere lol,0
/me CSN COM5E8YW6UEB,1
come help at TER805O pls lol,0
JOIN CSN=jxootx1017,1
/me CSN BJ,1
who wants to build expanded reciprocal model bro!,0
does casino mean gambling,0
/me CSN:RVIIO2040:CSN,1
/me NOW bz0xo3g7r Rm,1
/msg Thibs5Anf6C0Aj W_L:WORLD88633,1
Box where,0
/me dwfn7fwijkz1a CSN,1
come help at Q4lvbJ guys,0
BGL shop=798430r,0
we play present Consider local summer mother since!,0
/me wl//ckvgr8v325,1
/me be.j:e//drvdkpip8,1
join us for engineer scalable partnerships in HAZLEDHXLCSIESBEM9G69,0
/me T-U-R-K:B_3Je:REME:min:enig85x,1
/me q-q:GR0W01,1
we play games when free anyone?!,0
/me JOIN zwa17vvk0q0ju REME,1
/me Min//b//gl=liptwinetsb170,1
/msg YIU8W7RVB6T0ZRFMPUOVDQMVQ7CA CSN=115yg49,1
khmualfjhihtc,0
/me C/ S. N GA$ COUNT44,1
/me R.E.M.E=WORLD49365,1
/me MIND6915 QQ,1
/me RM MiN,1
/me C$N==R71TPVFOVYWM4K,1
ban xlp0hrleyya6l3z2wizi from world!!,0
/me BEJE//PRO6,1
join us for puzzle in HAVCMRA8 lol,0
vends MEXBJWO20,0
/me NOW Rm=BEF3289,1
come build maze at he77o guys,0
lol,0
hello lol,0
/me Bgl//TURK=caqrakkelauti0659,1
/me OPEN 1575rw0035 TURK,1
xbqrupd,0
hey check XBjY0990D please,0
/me B/'E/J/E:TTERO684YAM,1
selling item for 11per wl!,0
/msg eyiezsg8n4lmghnwoj do it do it,0
why people still do casinos,0
/me (5n R E M E CASINO,1
/me bgl//CASINO=SUIF486,1
surg shop te5royam294.,0
qq=q2cfzlgg1oee,1
/me we play synthesize scalable e-markets with friends xD,0
mlupf5u9upf6bwteemj0 owns this!!,0
m0el9 is open now!!,0
w-L,1
/me JOIN JAL55580 Bj,1
dont advertise BEJE,0
/me PLAY Bej3 X3ML024Y,1
buy private chand with Wl,0
come build race at POLITI173.,0
/me dL:gp2c1p7!!,1
/me C/5/_N-reme-Qq-min hemos8aa,1
/me NOW CASINO/WORLD98349,1
/me rM TUrK beje=casin0=Ncu2Bjr,1
/me CSN QQ,1
play event in 00rld8379,0
help me in 9APFNLSJ5 bro,0
wrench nemcz5spnytyjujkfisdhj,0
/me SELL 0M5406 reme,1
Tend economy speech interest hand institution local choice!!,0
/me 8ej3,1
/me DL:j5qmk1r,1
come here?,0
OPEN HEMAO37S c5n,1
my friend typed QQ,0
/me CSN BGL,1
RM access from m3eqinkzswq3j7babcn0bexijehkdw,0
/me BGL|R-E-M-E|DL|dl//BWKC933FNH,1
/msg WQSAX9G0HGP6EO cSN FLATSPECSMOCK5,1
B.J-BGL!!,1
owner of hemr45ysa is QzuBLdZ1HgiZTGT4E0,0
/me REME=kfw7xmtyov,1
/me R_E_M_E B/gL,1
/me bj//CSN=WORLD37611,1
/me DL:r/m:Casino:C.S.n,1
/me TURK//CAS.iNO=k8azzkqlx,1
/me come here and watch map?,0
remove access from S2TUKOFJZROYAG,0
hello lol,0
/me reme BQ5BUBR4I,1
see my world DRCP bro,0
/me CSN CASINO,1
i hate CASINO!,0
/me CASINO melg3,1
small crystal - 14wl,0
Reme::wdeei,1
enter the world called mm2j now,0
/me DL DL,1
/me CSN=oqirw3w,1
rwmbczkhfsp,0
/msg y3fecsfkf4s7zh C A S I N O zmxxljbpn,1
world couple34 is open guys,0
/me CSN CASINO tbhfq7w,1
/me 33R02=CSN,1
come farm challenge at Piec,0
/me c//sn GAS niqrmqc9g,1
lets test map in 2jzxd4hex,0
look at to my storage rvioo646 when free!,0
/msg y6jHXMzPQHS4DRyGdmps move move move fast!,0
/me QQ=LOSS9974,1
/me bj//QQ//CSN,1
/me REME:pRugjfShEep87,1
/me CSN.,1
/me i saw casino spam in wwo61rlaf,0
/me Turk//WORLD44595,1
change WL to wls,0
moltijpi2 has vend,0
sup cool farm,0
lmao!!,0
/me Rem3=WORLD51125,1
enter the shop called imndm1 now,0
/me BJ=FOOD77,1
/me rM=Q//Q,1
foyio49pe is open,0
/me REME//wdk4846,1
/me BJ M_I_n BG:L,1
/me WL|Cas/in.o|Q/Q=WORLD18162,1
/me RM|Wl|Krgo0k2M4qo,1
new world W4RL324F pls,0
/msg Oel6tfCgSBBmuoa0iWwLhH B/J//B J/loca,1
/me FREE ogf9f0z MIN,1
/me BEJE//BGL=mhb1jek5jb,1
/msg nge2f8kxjcxdikcdbsyx QQ=H3M554461,1
/me CSN CSN 73R0Y344M,1
shop at 98j7aub?,0
/me lluam72 -> REME,1
pull d6CiSIIIXOQVUqeQ please!,0
/me QQBO96IX=GAS,1
rate world vzny38b bro,0
ban A5WPTHII from world,0
/me CASINO WH473V34,1
/me QQ=reme=d.l/dcndklrk3ngzz,1
/me BG-L/STREEE1T,1
hurry hurry hurry hurry now,0
/me Beje=os1oqblfb,1
testing self-enabling stable hardware in h35m05l592!,0
g'a's:xwo8my,1
/me m I N1=BGL WORLA773F,1
come here and join couple,0
/me CASINO=oybnldja,1
help with parkour in o415wrl,0
/me CSN//qbz5dthd,1
fun race in Ceenter,0
/me BGL!!,1
fun challenge in MODHHSNP788!!,0
/me rate my world 5leu022 please?,0
/me main is f2kuv9azaxqb!!,0
does anyone know police side any,0
fun garden in XHCPI036SQ?,0
/me R'M W0rL4f1,1
/me REME//C4S1NO:RM hogbi8,1
help me in rEoY4808M need help,0
try h199hm3054 bro.,0
buying portal msg me,0
artist shirt 2 /wl,0
/msg l8hnswpzsnorsutzbo W-L join znq2q,1
leader of H35M054612 is K3MEOXAUFKBHKWPVVOHS.,0
/me RM Csn emo02,1
dont play csn,0
Cut defense drop always weight policy evening appear ten man information,0
look at my world ONT2884 pls,0
/me REME WORLD76737,1
password changed,0
/me dL,1
Beje re_mE=n3tky5wrpm,1
where is white door,0
can someone wrench me :),0
/me B9L:TNER30O,1
qqqqqqq.,0
/msg qrsyy6n0kjf7f8 Qq WORLD36638,1
/me REME:Casino:WORLD53446,1
come H25Ea need help!,0
/me REME:Q/Q=NEXAM02,1
come m005w51.,0
/me CASINO//WORL53L,1
help me in rugkiwqt127 it is open,0
CASINO q6g4xds,1
/me qq//tsgsjz,1
/me CASINO,1
Daughter offer now,0
/me CSN//Rem//E=WORLD6746,1
/me WL=WORLLAF913,1
/me tero9970 Q.Q,1
/me selling GAS mask?,0
/me Reme WORLD19571,1
Anything yeah newspaper attorney seek red true treat toward professional worry,0
new race open in trdohes471,0
world hx75emsa is open bro,0
/me beJe,1
/me rate the strategize scalable supply-chains in C918ERTA,0
/me 8j WORLD89517,1
come run race Fall actually cold source seem edge,0
check my maze rhhfj0446 please,0
come help at aedoripnim6389 ty.,0
/msg Lzw2Cuy2Zckzuwmm cas.1no=WOro9,1
/me BGL/casino/D1 m33l0970,1
/me trade pepper for 9 gems,0
/me M IN,1
safucba=Q'Q,1
/me BJ gbdak87ov,1
/me wl=Beje//ca_sino//QQ//Bj//k9nypizat,1
fish shop open l80y8oiaj,0
come help at eny9sb ty,0
/me qQ==CSN:M1OA,1
/me T_U_R_K/REME WORLD98976,1
/me bgl Wl DL m.I.N|mos3sa,1
/me R -M,1
too Many casino bots?,0
/me vend con,0
cSN/WORLD9626,1
/msg IJAXW1PVVVWLW8CA rm=WORLD97884,1
/me DL|CSN|shtarfu,1
/me rem.e//owjjiw7,1
/me B_G_L=WORLD87824,1
come help at nbcnhhcxej87 pls,0
/me CASINO//Q/Q=RLXK6N360,1
/me CASINO//HLM31MSA,1
follow to the farm called qr318l pls.,0
D'L/Csn4=K49YO,1
Chair provide rest lose sign itself,0
rm E3DKC0XLAAGSNHKUPNKB from access xD,0
/me bgl-REME-mI/N9=WORLD63050,1
/me CASINO per853,1
/me D 1=hesssmosa997,1
io.pa/s/dfghjklz.xc jhizwyxvdjxvv.,0
/me rm//CG3GK,1
/me Csn,1
help me in ncl0x1d34741,0
mzebzneqfmablpz.,0
/me qq?,1
vishqheosa4//CASINO,1
/me woryaf08 is open when free,0
we are doing minigames for fun!,0
/msg i4oBbaPJMez6 dL EM17O,1
host of 5KDP1L554 is B6Wacvl2Mioxc1Oya8Y8Uouw,0
quality hair 11bgl.,0
come here and come play puzzle!!,0
/me DL/CSN H35M04,1
we play race with friends!!,0
/me D.L:MIN:07Gp8vU3mlM,1
how to make wl,0
/me JOIN 3Alfywcvz2 CSN,1
/me b/j COU,1
/msg E4Cltrcmdsiy MIN open 666hKW8hX4,1
/me Rm:niflsyi,1
go my world=Io47Saa it is open,0
join event right now,0
Realigned uniform structure,0
/me BGL TULE9ELOP09,1
lets watch games in hhtonpo49121!!,0
Qq turk//jokyzaex8,1
/me b'g'l//WORLD65423,1
/me TURK/diy3rvfunz,1
/me bJ-G'A'S=WORLD70974,1
Dl/(SN 654U585MX,1
Re.me:caSiNO hb7Vp,1
Programmable attitude-oriented definition.,0
/me r'e'm'e//sg7qu,1
/msg T0xjj7KgfrWfw5SnQ4AVA1tjRxF1Qw we are doing puzzle Conference try future stage lol,0
/me C-A-S-I-N-O,1
Bgl/Dl=ctjp7,1
/msg dbfuanr2d2x6tsxw bg:l h91esmosa,1
join fast for a minute?,0
/me GO 333bfba1xh R-e-M-e,1
/me CASINO//WORLD21283,1
/me WL//csn Tnqu36Lxh,1
change WL to wls,0
come to this world H69130U need help!,0
/me CASINO=idvhaqm,1
/me b-e-j-E/R.M Hz58K6t,1
Tdcfzldrzykis2Msehrq owns this,0
come try embrace cutting-edge deliverables at na0628,0
who wants to race maximize back-end metrics,0
/me my world is w00830l please,0
/me Bj9//TURK//BE'JE//l2qexib1b,1
world owner xeKHCgPhA6y2A0aBFdJ1Hx.,0
/me CSN BJ WORLD5731,1
/me REME=wl=H9Joekdxy,1
/me dl,1
Daouteqnvx rrrrrr hhhhhhhhhh :),0
see to my storage WORLA4F209 please?,0
/me wl,1
come come play scale enterprise partnerships before we leave,0
/me 2W191L73 C_A_S_I_N_O,1
how many wls is this!,0
stop advertising casino,0
/me C SN=C SN|k7gea7ie,1
CSN]:heE76SzoSa,1
Letter charge race guess city,0
help with memory in m3ll958x0,0
look at my parkour called wawds9d when free!!,0
/me come watch administration Recently there build affect,0
i am back,0
Assume view national partner xD,0
/me WORLD92918=cAsinO,1
restocked seed shop he395mo lol,0
/me WIN MI//N-fciaxue,1
password changed?,0
/me CSN:k6forhnaf,1
/me minimum price is 70wl,0
/me CASINO//Turk=W0443RL,1
/me C-S-N Rem E QQ3,1
/me REME,1
/me r M//BGL/ks3fe0jus,1
/me QQ//SHIPYSQASV,1
/me bJ5//Gas=8R4N3,1
Upgradable content-based benchmark,0
why am i stuck,0
owner here,0
/me Q-Q=Min MIN T'U'R'K qtdheze,1
try to my storage zpynh3qm0761 please!,0
owner takes DL or wls xD,0
admin?,0
gogogogogogogo!,0
visit to my world H31860M when free,0
testing games in r39312v0?,0
rate the games in wh07414 guys!,0
/msg Z1O4W1VMRRE2LAZIDSX6TYJ8FR zzzzzzzzzzzz???,0
/me B.J d3e0edpfle,1
/me CSN5:Reme//WORLD43839,1
weather shop PULMJCD9?,0
/me CSN|M1N|whrld0457,1
/me FELO6222|BJ,1
/me Csn/B91=pass301,1
/me 7URK::WORLD55722,1
jumpjumpjumpjumpjumpjumpjumpjump lol,0
/me M_In w99nymc0,1
lets come play triple-buffered radical approach in xeo630mo,0
/me RM=xem796io,1
/me G A S=zar2,1
portal in vend fire.,0
/me casino=hdmsa88,1
new world N611XEA if you want!,0
WING=24DL,0
/me go IAKS69 for tree gas mask,0
/me CAS//INO/GA5 faf19,1
/me BGL=DL bGL,1
/me mw-ryip_s$fh.kzcbmw'r,0
help me in xvapo383 it is open,0
rate my shop called soberepipa6 need help,0
/msg qvj6kxymzen1adm3frno gas bro gas bro gas bro gas bro!,0
/me FREE CASINO|WORLD86627,1
avoid csn worlds!!,0
/me M I n/Dl|Q Q|QQ==h28kmo,1
/msg EDVYHWBKS4KEZ6RBGXZT DL=Jynmhkb,1
charge charge charge charge fast!,0
runrunrunrunrunrun?,0
/me BUY w-l|GD1PI,1
/me qq//WORLD16200,1
go now go now go now!!!?,0
/me R_E_M_E=R_E_M_E,1
/me MIN,1
/me t$ur:k,1
/me BJ//TUR/K=Nev5,1
/me CSN STS1PI,1
cheap shop open mtaaae460,0
where is the white door,0
/me RM MBAZZ0M,1
going to games Art everyone exactly behavior their season,0
Decide reflect class,0
/me BJ//hsfPP0t,1
rushrushrush,0
where is white door.,0
udisezvf,0
/msg ZIWTYYTSXGP1Q4MFZK sghzmzd aaaaaaaa,0
/me snme9 is open need help :),0
/me Rm//D//L//MIN!!,1
/me BET CASINO,1
/me Bej3//WORLD8388,1
go go go go.,0
/me CSN,1
Integrated motivating orchestration?,0
/me C-SN-CSn!-R .E.M.E Rm,1
/me B'J RM R_M=grend78,1
hurry hurry hurry hurry hurry,0
Q'Q//Wl//rm PuvIJ,1
/me 8J|Ga'S|7k751356925,1
/me BGL,1
/me HEMOAS03 | CASINO | turk | CASINO,1
password changed,0
go now go now go now,0
/me b'g'l-8 ejE//G'as//(SN=policy28,1
Object-based transitional concept.,0
hurry hurry?,0
/me TU-RK!!,1
does BJ mean anything,0
/me CSN/BJ m4x3mm0,1
ty,0
/me BGL//C/SN//SIST,1
/me heeheemo721 open now guys,0
/me QQ//none180,1
Networked zero administration moderator lol,0
Q/Q=Begin,1
world owner uei5maisvlm8zzgcszurs8,0
/me GO QQ=JFOAQ5Z5,1
/me casino//QQ=HEMAOSG7307,1
Persistent motivating synergy,0
beje/B_J//z1141ra,1
trade clearly geiger 18 gems,0
/me Bj/w'l=ushpthsgv,1
/me CS'N.,1
/me CSN AKPL7550,1
/msg EBG2RMUHPDR5TYNRTJ remE is just a word,0
/me B/E/J/E Rm MMOS32,1
my world is MA08GDBE when free,0
follow me?,0
come hang out in discover Official out still population build later,0
/me B-EJE//CASINO=k2xtikljm,1
/me come help at ETROYAM60 guys,0
/me R'M h3my4229,1
someone named QQ389,0
/me casino/R-E-M-E bjaa4t7rc,1
hey try XEMO9440 if you want xD,0
/msg v1r4tpthf8brlolrgi where is rich woman.,0
/msg tywlopaarao0s0 BJ::bymcrep7,1
/me CASINO//WORLD6227,1
H5PXOVYWC1HGK1 owns this,0
admin of H36M054 is b8aqfwa5rvt2ygb6b4ptps.,0
/msg z3fbm8lxglxa TURK=WoRlB2f,1
/me vdoqvm/b/gl,1
world UHMU34 is open if you want,0
/me M'I'N=BGL=BJ=Uhmw4G7133,1
/me MIN!,1
is 14 dl fair,0
/me main : i1lftig4uvkwnfvrqkcls5djcrpeb6pyp4,0
where can i farm,0
/me B_J=Reme=CAsiNo=DL:WORLD40308,1
hello can someone help?,0
thanks,0
target out-of-the-box users,0
/me g.a.s r_Eme=min=CaSin0,1
who has access,0
restocked market CLB78WJBF1A,0
/me GAs M/i/N=h350m054854,1
/me m'I'n Q:Q wohrlaf203,1
jysxrkpr piyrwmbczk,0
/me GAS//Csn=isai7nv0,1
my world is SJSMO912SA guys.,0
/me OPEN polic3 RE-ME,1
/me d_l:Min,1
/me d.l|Min::CANDIDAT904,1
/me lets try build in ddri869?,0
hi,0
/msg Qrjzxqz0X1Yxdyubsg T.U.R.K|MIN|rem-e:TSQK26,1
/msg vewUOQx9y6TAx5ttPUTiC4 DL==WORLD68428,1
/me QQ=WORLD5447,1
restocked cheap shop 5DVCR354.,0
/me Rm Q//Q=WORLD75164,1
/me join games with friends,0
/me Dl SW5gl3N,1
follow to my storage - 73R0YYYM455 guys.,0
/me BEJE3-QQ::71m3czk4814,1
/me G-A-s/MIN Eob71m65gm9,1
playing parkour Exclusive directional artificial intelligence.,0
wrench iwqra2cqiuqfmo,0
what does Bj mean!!,0
/me PLAY cSN:diixyd,1
world owner nngkb7jsvgushptlxcc3xwhg?,0
going to in after farm,0
/me CSN:dl::WORLD23366,1
/me Beje G@S dl Min==qq8=Mgurz9I,1
/me why am i banned,0
/me NOW REME Shosa8Lki6,1
/me CASINO,1
/me T/U/r/k/RM//60woo4hmbu,1
/me D/L//Qq=vulm41l622,1
/me Min|beje|bgL=MOAAJOKY923,1
/me rM|GROSUV1,1
/me D_L|DL|WL B'J,1
world gent3 is open need help,0
fun popular in OZRRA9 xD,0
world N3W0FLD is open bro,0
9As:jr4gzash,1
rsod$x an?,0
meet at RIGHT3943 for challenge,0
we play map after farm,0
/msg ZGQZLTEDF3TAU7JNTPCVLQ B'J X1k4pagF,1
come our world called estpan711 please,0
/me W'L|x8vxjjbzu,1
Happy glass west town life hot nature,0
/me MI/N/Gas=t938eroykm,1
hey follow to esswhror5 ty,0
/me Reme boy5816,1
/msg uskumgr8z9pm CSN=wnxilova3,1
dont advertise B-E-JE,0
/me GO em01sa Qq,1
help me in h35M5042 if you want!,0
who has access,0
gasgasgasgas :),0
/msg g1awynepowymlttclcmgf6fy wait!,0
/me 9As,1
help with challenge in FS0OXCBMWV1,0
/me Reme WORLD41618,1
/me BGL:Bj/Dyi4Jcxz,1
/me go 5HLJ8 now!!,0
wm$bcz/k//h-fs.p//i iiiiiiiiii idk,0
where is the white door,0
/me R'M=teroy5m2,1
CSN,1
Bar by treatment TV bring success I her,0
/me BEje:fmre56eaa,1
i hate Reme,0
/me BJ=WO6522RL,1
/me turk-bgl,1
GAS looks like random letters,0
/me Heart paper pretty!!,0
my world is 8i9gk1dn77l bro,0
/me D.1:b.e.j.e bgl,1
cool farm,0
why am i stuck,0
/me testing minigames in PAM2BK ty?,0
/me C4SiNo W' L-GAS,1
restocked farm shop h328654,0
surg shop at erj61q1u xD,0
/me Cs/N//0O2yLTW,1
come help at 8Moodxxl349 it is open?,0
/me owner here.,0
/msg gwh8ibsfovzqvjm0 WL=vxf7e8n8mu,1
selling platform for 2/7gems,0
MIN//WORLAK0866,1
kick pai4p3j9efibowsjk1rqc6f2vf,0
/me DL/sinvor88,1
display block : 13per wl?,0
cool farm sorry!,0
/me PLAY x334170 BGL,1
/msg ogoxfxemlyeeijzp TU:RK open omssa21,1
DL bj min::WL:WORLD26668,1
is c4sino banned!,0
/me dL=hesmoa176,1
/me he8mosa has country water,0
follow me xD,0
/me min MI.N T6Rbpuwrf,1
/msg eawOd4AOfibFj0 where is the white door,0
lets test puzzle in Ko0l lol,0
/me GAS=R//M//c.a.s.i.n.o//HH387MOSA,1
/me CASINO//qq=ww0rl46d,1
G-A-$S:TO0BRU,1
/me bGl//h414emsv,1
move move move move move bro,0
/me M I N=CSN:n7oqqxbcxr,1
talking about beJe is not advertising,0
testing necessary in zoralaidsmaj4,0
/me talking about C5N is not advertising,0
dont go to 6heo26sa they spam CSN,0
password changed,0
/me DL X4N1RL,1
Optional next generation Graphical User Interface?,0
/me Q/Q/C a S i n o ejrtgtk,1
/me BET QQ,1
F0o3pbxdZ3QxrSpH owns this,0
i need a door,0
/me R-eM3/qQ WORLD30622,1
we are doing community Third run president structure card apply.,0
where can i farm,0
/me password changed,0
/me DL icmxs9hexr,1
/me REME REME,1
/me WL,1
/me WL/Csn fnvDXYh,1
Before see describe same,0
/msg tkijp8n6hjswlhdna2 DL:WORLD43185,1
/me CASINO CSN CSN,1
ban Avzidlwudrdqc5Dyw2 from world,0
where is the white door.,0
/me C_A_5_1_N_0-C'A'S'I'N'O-G.A.$-B'J B.GL,1
/me 8EJ3:w l:bbtin49,1
/me bj//NASAR173,1
i hate CASINO,0
qQ=tt1wfa6zisd,1
wall:14dls.,0
/msg vzsgzrxkfikkxot0u2sjolthag BJ::0hfsghe,1
/msg rqt5x9yhpbjwq1h9qobhitez rM=WORLD60193,1
/me 9As=SnPyvK,1
talking about csn is not same as advertising :),0
/me turk fO7Po11T2,1
reported Casino spammer,0
/me Bgl=BE/JE/WORLD16288,1
/me CSN//CASINO=Cyira1322,1
lets build games in PICTT7133,0
/me hey follow to XE9MO if you want.,0
/me R/M-BJ=prove3853,1
/me bj s1rvlayscs,1
/me HE80MMO has mention background,0
laser grid : 88gems,0
strategize frictionless channels,0
/me lrdwugn5i==(a5ino,1
TURK friend Svmad5Ggpcm5Dah1Ziapuhltnxso,0
avoid csn worlds,0
/me i am tired of casino ads :),0
/me B' E J E//MOS5F,1
/me RM=RM=RM,1
my world is Xsz59Plk08 now!,0
/msg vawfm7ijgtvbi3kk i saw c4sino spam in W0312Rl4,0
follow to to this world v984fhpa guys,0
casino:WORLD35552,1
/me turk|CASINO|min/beJE=WORLD46427,1
hhhhhHHhH?,0
/me BJ,1
/me turk G_A_S|be.je|csn,1
/me G_AS::H32485054,1
/me CASINO DL CSN,1
/me REME-WaoMXcx,1
vn.qetuoadgjl_x rdwjpkftmuxny?,0
/me rm join TA4NK33,1
/me QQ=Min TRODGYN82,1
fish shop zaxdesa629,0
/me CSN=w17h0u75,1
lets play north in 36k2ttzkpa,0
rate world Vxcdtjw3414 bro,0
/me R3me=Q Q=qq//WORLD36139,1
/me CSN BJ,1
/msg A1H2BOfxR0V1zyUcNT BET=x869x3m0,1
i dont understand RM,0
world worlod2860 is open.,0
/me CSN DL WORLD58929,1
who wants to join maze :),0
Friend garden force newspaper but.,0
come here and join minigames :),0
/me Bj//wxe03mo,1
surg shop open mode162 xD,0
does BJ mean anything!!,0
/me rm:6u8L88Se6afI,1
we play puzzle in this world?,0
/me 6xd6qiw8q CSN,1
/me Turk=CSN/jjmnm1m,1
Reme Reme bkpeidccxk,1
help me in wooorla3186 if you want :),0
/me Turk=m6930,1
access given to rCZ8H3kQHhKoyZFj,0
Accept ground,0
/me CsN=dL2 exist1,1
how to farm.,0
/msg aZDvrKI4KjT9PaBdSBLjGlq4 qq=lukiku8,1
/msg gdciqzycgdb8 TURK=n34rly554,1
enter my world called H3M0354 it is open,0
Bad live light those town follow offer,0
/me NAM5FUTOGH GaS,1
Csn//R'3-'M'E/urpaxwhmf,1
GAS//llmnne4,1
/me Bj/MIN X414M100,1
who wants to join event,0
/me b/g/l//CASINO=h33j06858,1
/me O5WRLAFF//sookyticklvisrhittdpt25,1
/me GAS WORLD89189 casino,1
rEME//hemos460aa,1
need cheap blocks paying 40dl,0
G4S/WORLD91632,1
/me BEJE/Ca$INo=ter0oaym,1
/me CASINO//B/J=W285ORLGD,1
/me CSN:Dzboni,1
/me Q Q4 B7DY5,1
None four him project reveal everything how,0
/me rate world 1yd1x3fmr when free,0
/me JOIN HICH739 CASINO,1
come here and play games!!,0
osa289 has mask.,0
lets play challenge in TE2ROYAM lol,0
lag,0
/me GAS:i7p2okl,1
how to make wl,0
/me DL:WORLD25348,1
i saw casino spam in HEMOA14,0
/me CASINO/CASINO WORLD38721,1
rate my storage called try186am now,0
fresh chair 19per wl!,0
selling mediumspringgreen water in W0RL2F2,0
/me TCKGMD1989 MIN,1
/me 8gl//WORLD47564,1
/me R.EM_E|Dl|tnycyvb3gz,1
/me Rm-Bj4 CASIN/O,1
/me join NJTK8232 CASINO,1
/me C//a-s 1no//under799,1
/me m-I-n::cyarcolo946,1
/me beje//R.M WORLD39257,1
Fund officer!,0
/me wolraf3509 C.sn,1
kygpgvhrmrmvwfpk,0
/me TURK,1
/me Reme:whibp9zw,1
look at weed1 ty.,0
/me viavanuschozphazle28 beje,1
/me MIN:Q5R972,1
/me try TGZUH8739 guys.,0
/me Casi_No to 6O36S,1
/me Cs/ /N|DARMELTO598,1
/me QQ-H3M0M50,1
/msg qvv2rxmtlfyliiopiyri b EjE:hemts4a1031,1
dont advertise casino!!,0
rush bro rush bro,0
/msg s3zgo8svgebnd3huindl CSN=5DSQKK,1
True decide read knowledge my truth be popular,0
testing parkour in 0P7710N xD,0
/me Qq/4llRA8dg3u6E,1
NNNNNNNNNNNNN,0
wrench Lypck4Z3Pkbawvprz4,0
kick yfkSupPP,0
access given to qpp8mfyaejlpx0gyquckhuhl,0
meet at destaop27z6 for iterate cross-media experiences.,0
/me DL CSN HEWSMOSAA82,1
/me Min:r.M:MILLI,1
/me Wl//HOT1981,1
/me MIN=Nhlkvf8A,1
nice world,0
/me r//eme5=Tj6Bbl3Ht,1
dont advertise Casino?,0
change wls to DL,0
mwryipsfhk,0
/me b/e/j/E:qh37m7554,1
/me trr934o:CSN,1
/me PLAY CA sINo=opw4jcm0irr,1
/me r:m=WR0LF708,1
we play enough if you want,0
/me weather shop open hugee6,0
i dont understand WL,0
/me BJ CASINO WORLD26223,1
REME spam is annoying!,0
/me access=guy0kabcn6m4dchow2nyaakx,0
RM access from Yzoobohiq2R0Eimb!,0
CASINO QQ Y437g,1
new executive open in w06608l4h!,0
meet at DEVELOPM for progressive static artificial intelligen,0
is 7bgl fair.,0
Robust grid-enabled secured line,0
Responsibility fund still bar training before change model late model sense piece lol,0
/me W_L//3qch2,1
too many c s n spammers,0
yo!!,0
/me W.L=1oarr00,1
/me d-L=lkh7l4w,1
/me Min D L WORLD22019,1
/msg wwp4a9pqdudgkzagt7rftlh8 need platform 2/8 /wl,0
rush rush rush quick,0
/me CSN,1
/me bj C'Asino WORLD94906,1
tur/k on m9soa,1
/me Csn DL exs3soo7e,1
/me BEJ38=WORLD8341,1
/msg Rpluqiqsxou2G4Rzh4Igwdilqw Min in h3035m705,1
/msg U0KIAXSTRNZZABC0QADFKNX0 w-l open W300R,1
/me ipnssyo5g (ASINO,1
Ball piece hotel,0
/me CASINO:NAUSINGMAR85,1
/me rM 70adjc,1
what is csn?,0
/msg Y6I6Ixghsnxwbw B Eje B-J:WORLD32185,1
/me Q.Q=Casi No==rti,1
cheap rock at w0rl23,0
/me what is the price?,0
Be Je//r3m3=MANMOAA45,1
/me Csn:Csn:Csn:Csn/beje:WORLD71868,1
/me Dl/B'EJE/BEJE/rM//PblRvl11yt,1
/me REME:w4JOS3F8988Co1,1
hello can someone help,0
/me BE12RO=REME,1
/me SELL 84deqxa0x9a gas,1
/msg QVlaUhCNoVhvQkwha4F9Q2QA G'A'S=ran,1
/me CSN gkk8j,1
/me admin is Tik6Kjptujq1Obyjxzq2M2Juuj,0
Dog father half defense face cost million!,0
3m5440 open now guys,0
remove access from Nqm9Zyoevldfbwor,0
/me uniqfq6=CASINO,1
/msg fsr7qidc (SN=MATUD47,1
/me Play lummma571 CASINO,1
how to get gems?,0
/me ytrewqmn xD,0
/me CASINO WORLD76330,1
/me d l n50l8729mrv7r,1
/me REME=TURK=5Kull5Curg4D3708,1
/msg T4X5Yyjlk3H7F7A3Axrs WL2 in WORLD93786,1
/me DL:WORLD1353,1
restocked block shop heem54o!!,0
charge charge charge now.,0
/me MIN BET METBTHYLRITJFJHVUHB0365,1
/me R.m//R.m=M4YYB3,1
never trust csn worlds,0
come,0
/me REME=G@S=XED37O,1
/me REME:7Q4V3L5,1
we play parkour for a minute!,0
/me c@$ino BJ,1
/me d/l=bj=betqrh6,1
/me CSN CASINO q5dxxml0j,1
/me QQ=T6xpy,1
/me CASINO//hiwwh3,1
/msg gflcmot3mzznh2lkbnuoofaxvn lf moment mask for 94/wl,0
HTERO3849 open now need help?,0
/me csn//W.L=BDANTE27,1
Managed executive Local Area Network.,0
door id is 1532,0
/msg IGWUGYIHEJO5OYBMEHY0Q1FQLULZ mIn=Wvorl8Af,1
Lawyer art assume indicate buy need sort ever,0
/me Reme=Reme:b0aeq3epom,1
/me csn//CSN=WORLD62581,1
CSN=p3n5k3lp0uc64h,1
i speak turkish,0
MIN price 46dl.,0
idea surg tool : 272bgl?,0
/me D.'L2=v7WiGS,1
/me WL//DL//M3OS,1
/me BJ:car9,1
s/euja-f//gw'rdyhle nhqmhswwhfrk,0
/me password changed,0
/me Q.Q1/Rm=(@S 1N/O/te70ro,1
/msg rimblxt7nwdybhcncf Dl8=m1853l,1
how much is 1 DL.,0
/me BJ,1
/me Ga_S/D.L=EM530,1
W_L//G A S T_U_R_K,1
go now go now,0
gas gas gas,0
oskeobidmatt5775 is open now,0
/me R/M/CA/SINO==m2sue6sn,1
go go go?,0
play devolved context-sensitive solution in grithfto640 ty?,0
Robust intangible database,0
/me CSN/CASINO WORLD79880,1
world owner HMIRV2DJHFKRKJZ9KKKDMLE8 lol,0
kick qptjoyznasclqr!,0
push push push push push push,0
/me casino:juxgg1,1
please RM access,0
fhkzcbmwryipsf,0
/me WL/CA-SINO WORLD63679,1
gas gas gas gas gas quick,0
C4BXEU32HO has saddlebrown pants,0
5LtmaF has private doors,0
Casino/R00M04,1
MIN price 3dls,0
i hate BejE,0
activity fish tank 2dl,0
rm A4N9R6SBFGH9ATUMQ5T9 from access lol,0
RM/gas d6f5iu,1
/me WL!,1
/me b/-j=C'A'S'I'N'O-G.A.S/hagjx0,1
password changed?,0
/me CSN CASINO WORLD50997,1
/me dl!,1
/me TURK,1
/me Bj/QQ C'a's'i'N'O,1
gfdsapoiuytrewqm?,0
/me CSN=hemD5A1861,1
/me CASINO/CASINO iblyt1719,1
doing event at hh24eo,0
/me csn:min:rem//e//WORLD55732,1
admin added K1xqvveGQrSqL2xEQ1AJTwj9wj!,0
/me Csn:w-1:CA5INO=Vchd8,1
gas gas gas gas gas gas,0
we play challenge generate frictionless channels,0
/me QQ|hzemsa9640,1
/me REME:etro016,1
Game present citizen collection agreement even,0
relog wait,0
buy surg tool 97 dl,0
/me OPEN T'U'R'K=sKs3eh,1
/me dl=WORLD26715,1
/me casin'o Csn l0w551c41n3354,1
world owner wztol7lzviz6wei5bkh9,0
where is owner,0
/msg khiztyo9gdxuekv9idcy W-L cdkky2b,1
/me cS'N t1qrak1,1
/me CAS'INO MOWS9,1
cheap lightgreen sign at SUWORAL7,0
playing challenge in this world,0
why people still do casino,0
/me Min M'I'N CSRE46838,1
/me C'S'N//DEISGN,1
charge charge charge fast,0
/msg u7kitphkd0fvkfhqryhfbb Case call oil front everything who either,0
/me CSN:TURK=seaso,1
enter woorlaf707 need help!,0
report BJ spam,0
QQ why door closed,0
/me Tur_K,1
/me JOIN F3Yf3 DL,1
/me Qq//QQ,1
move move move move,0
seed shop at SPRING5879,0
/me tur.ke C'5'N URESVVERDIEST8141,1
/me REME=ehmoo4,1
C S n//CASINO=ljdtnptea,1
/me WL rm 26wr0l,1
new world NP49A guys?,0
/me b:j=qq:Rm/INSIDE,1
is vend empty,0
/me WL/Dl=I8LFNNRBIB,1
WL0357 has five background?,0
/me GAS//GAS//GAS//GAS,1
avoid VJCTRAO010 it has c$n spam?,0
help me in TE89EREO guys.,0
/me FAST vhq7szfio rm,1
where can i farm?,0
cool farm!,0
/me QQ=dl=WORLD40237,1
/me QQ==H3M64,1
/msg Nxgaedungevv Rm=RQ7VN,1
/me CASINO BJ QQ,1
/me W'l Wl x7ycwaebn,1
dxc8rbv9fyx1a4relrir owns this?,0
/msg odzurdflegyfgoykr8kcjyjmebvm R//M by98,1
/me b_j//3BaiuUwmzZ,1
Light recently buy news condition within party source pull never fast :),0
i dont like csn,0
door in vend mvotc!,0
czwdbpvmiyqjvbd,0
Fact mission sense ok truth picture seem see during beat?,0
B/gL,1
world hess639mosa is open bro lol,0
come on come on come on come on :),0
we play somebody Huge cultural article give series trouble,0
/me REME|CASINO -> qv0hsuw7yw,1
/me C-SN//BEJE nezpr8,1
/me R//M,1
/me M1n/r// eme aviqy4,1
enter to my maze siimply if you want!!,0
/me BG.L=H3M454549,1
what means REME!!,0
/me WL=WORLD85319,1
/msg Kvhojmwbrxuwowkdizono6Wpdphd Wind staff husband study case under style room despite sit ball experience?,0
someone report UVLRISGNL7RPZ3UHP2 for gamble,0
wrench GWJFJZhvTGLJwGOjjWy6,0
cheap seeds at Ckans131,0
lag.,0
/me T U R K=5JEORWT7D,1
my world is VOQNOB524 now,0
builder = r9i6lqnzqxscnanhjuqltr,0
qq is not always casino.,0
owner takes WL or wls!,0
/me B G L=hebelchip9,1
/me go my shop:NA26 when free?,0
/me JOIN CASINO==50m32535,1
/me c s n//WORLD53102,1
/me g4s/south1,1
testing cross-group systematic conglomeration in OTG2QDD?,0
/msg aiiwwws8lhmcegdhk8sff1rzys MIN|8'J|W-L=worllafc3,1
push push push!!,0
nmqwerty sdfghjklz pzvspw,0
/me CASINO/BJ WORLD48872,1
playing puzzle for a minute,0
i hate casinos,0
/me min//Jjybgzd,1
meet at AYJQBM6 for operative grid-enabled definition ty,0
Ahead probably clear big during fight,0
nice world!!,0
Down approach teacher city worry win live world field rich trouble,0
/me DL/yxk9urd,1
is the owner here,0
cheap snow fish tank at scholo7642.,0
can you check GVQ4CHGFHE if you want,0
/me need fresh surg tool paying 8/wl,0
selling pepper for 52 wl,0
/me MIN zkd593,1
/me BJ:FINISH4553,1
leader Y5Lnw8Kx,0
osgkxb,0
R-EME/B.g.l//o7nmjavfq,1
/me DL/9mtb9szs3i,1
can someone help with enough significant these,0
csn is annoying!!,0
can you check XENXL if you want!,0
we play quest after farm.,0
my world is herze now,0
exploit frictionless portals,0
/me Q_q/c's//n 2JrByYqKJW0,1
rm zotph8nng9yamgeroomcsed3ij from access,0
bj C$'A'S'I'//N/'O:Vlwzr6Ess,1
/me CA$INO//C'A$Ino//teo6r7,1
/msg z9zvchggnskyrnk8ozyv CSN//ekhm128o,1
how to farm!!,0
mod please check csn spam,0
kick wmgck3thnracevespqj2lm!!,0
/me D L/PaLkm8fQl,1
/me M-In=terro035,1
/msg RcR9aTPJycqs kick a0FqrsP9Bldg!,0
/me Dl//QQ WORLD89115,1
/me CSN=Rm:WORLD57578,1
password changed,0
what means TURK :),0
/msg kpexoodgmqs2g2glukv7tli7i6 DL/TURK/C//SN/R EME 7GTZ42Z21,1
/me QQ-Ga:S CASINO,1
hey see joinraceself627 pls,0
gonowgonowgonowgonowgonowgonow,0
need fish tank paying 17 /wl,0
lets run maze in l2ws4x9et2,0
casino spam is annoying?,0
/me move move move!!,0
fexabewf IAFjZVMeyoSGKXB njkxmuquwkvg.,0
Q-Q//WORLD21980,1
thanks :),0
LK7IZ2ZIZB=Qq,1
/me W'L:B'Gl:Min WORLD76545,1
/me gaS//gaS//RM=bgl=ajklgryfe,1
visit my storage - moa043.,0
/me CSN/REME WAWIDE69,1
/me bgl/BJ=jhiwgfff,1
/me G A S::fyg6l29u5ni,1
X1ZHUBB1WYCUG9W7MS owns this.,0
/me vends at Dd6M80,0
/me T'U'R'K/Rm//X95JR,1
/me rate world Buck55C445 if you want,0
RM WORLD27579,1
my friend typed CSN,0
/me B.gl/W/L=WORLD62539,1
pull YITSGUD6CTT1ZXPK please?,0
/me BJ pls,1
Gas sp6ncarmlcgzk,1
/me Csn|D.L|C/S/N==GAS=scn5mqwas,1
/me WORLD9961=Rm,1
/me Csn WORLD93539,1
/me CSN:h64mm,1
/msg m5r6ykxhbgptuijlr0c9u5cgup lol,0
follow me,0
follow to my world INGURESF36 pls,0
try my parkour - nutebfdna0hum need help,0
/me MIN/CASI//NO=7em31o,1
admin?,0
enter EHMSOSA2002 need help,0
sell gas mask for 2bgl?,0
selling private blocks in Yp3H,0
ne10exa has seed!,0
new world h69emsa guys!!,0
/me REME=Cs'n kqueyiq,1
is casinos banned.,0
/me B.EJE QQ WORLD26596,1
/me Rm=h3m55497,1
report reme spam,0
go quickly go quickly!!,0
rljysnuaphvq!!,0
/me REME//HH07EMAS,1
XEO6GM open now it is open,0
wrench seoxcgbcesfdu9qfbl,0
/msg l9s4vxtgaizmd0pq m-i-n b255emo,1
R'E'M'E//WORLD99608,1
we are doing games Enhanced full-range structure!,0
/me RM:B/gl=733r0y49,1
anyone want to run puzzle when free guys.,0
/me help me in 73R5630 pls!,0
/me BUY W.L-hlaaar,1
/me Wl now KHO658BN4,1
run run run,0
/me QQ CSN,1
/me cSN:TURK:H3776M0,1
/me QQ=CH40920,1
New within mission,0
we are doing games with friends?,0
selling item for 19 /wl,0
lets go quickly lets go quickly lets go quickly,0
/me rm Wl,1
/me CSN//CSN REMe,1
my world is heo8m831 need help?,0
/me CASINO:Mt99Xy,1
/me Play TURK WORLD76791,1
/me BEJE//BEJE 35m481054,1
enter to my storage M0561444 need help.,0
/me FAST REME-offici1115,1
/msg J6Tzk1A9Iysx BJ:WORLD97560,1
Establish Democrat year morning send,0
/me tur'k=TE87OR,1
/me TURK QQ 8bmpd7fl5it,1
builder of pprev2 is Nsivwfium7Ekciho,0
/me BJ,1
/msg cVzyEzphzPz3EAy3MvN6KymU QQ/xduie6sjam,1
my world is HPPZUC699 it is open,0
do not join BJ.,0
/me reme 4dv853y7d,1
/me chargechargechargechargechargechargecharge!!,0
casino spam is everywhere!,0
come play minigames at 2ORTABITI6838,0
come help at hemoc2s need help xD,0
price check geiger 17gems,0
where is exit!,0
/me WL1/cSn HEES8MO234SA,1
/me BE-JE 73ry4m176,1
relog,0
/me Be:Je X330M,1
/me dL=GVNEZKAW36,1
owner here!,0
rush rush rush rush!,0
/msg JFKNCELMOYBUYLYNRDICDBUO W_l=XE76MO,1
need empty surg tool paying 12wls,0
/me rEMe C 5.N-($n,1
/me WORLD28404 CSN,1
/me NOW 5kdo0x bj,1
Gas m-in m5078844,1
/me BEJ:E c/a/s/i/n/o XMES318O,1
/me CASINO CSN C26W0RL4F,1
rate the puzzle in HEELO50 xD,0
/me B $E J E|m_I_N|ReMe,1
/me WORLD49788=CASINO,1
/me mi'N=hEMmOSA7,1
/me tu rk (SN w5cspain9wtuet,1
do it do it?,0
/msg ldaqb8u7agzup8unv0c6 CSN=t0qjq6,1
go please go please!!,0
help me in late guys!,0
/me Beje=REV659,1
charge charge charge charge charge lol,0
main o3kqjyry!!,0
join us for race in 3H5M0545599,0
/me CSN//VAsREar1989,1
/msg ayQYfqL5htYipIfhWB BJ-VI642Q,1
/me rm/WL=xemo22,1
/me Casino//worlaf0s,1
/me Csn::r_E_m_E=WORLD434,1
try He930Smsa now,0
/me JOIN QQ/H915BSMOSA,1
AGDODDKP is open guys?,0
/me B/J bj-WORLD59744,1
/me D-L=qfcku8r1yi,1
csn means water maybe,0
/me owner takes BGL or wls,0
csn:WL:GAS:CASi$no:H889,1
/me CASINO:1r0l5,1
/me CASINO=R:M WORLD69923,1
come here and play games,0
CSN beje D'L,1
how much is than.,0
hey enter x33bm0 ty,0
xcvbnmqwertyuiop,0
/me is this world public xD,0
/me RM O0DSSWA,1
/me Gas=embo317?,1
/me Reme/reme GOsYylK,1
/me BGL QHCLLV463,1
/me come here and build maze,0
/me CSN:C_SN Qxjvw2Zq,1
go our world called CHOICE120 ty,0
/me BEJE|wL|5r8rj89w65v0c,1
door id is 2101.,0
wait?,0
come build site with friends.,0
Up-sized human-resource project,0
/me TURK d1 R$e$me,1
nmqwertyuiop idk,0
/me JOIN WORLD63023 WL,1
/me Beje cs n ha9cvkqb04,1
/me t.u.R.K DL WORLD50924,1
/me bj=bj=bj=bj=bj,1
/me run run run pls lol,0
host is KKL5J4KCO8PDN4PTTJP9U2STGQLU,0
is csn illegal xD,0
/me G A S open KYG0RY4FQLDT,1
kick ZUB7TPP6Y4I1V9,0
/me BGL9 MIN,1
/me QQ==GAS=WORLD52092,1
main of Xemm5O is bwq7hzy5pmxfyfw2k9wl,0
/msg myn8glpig9mxnjjieacb T_U_R_K=luum16532,1
/me DL//c/S/n//C_S_N//Gas-EARKWZ5521,1
can you try MAGA?,0
/me RM=riva57,1
new race open in T350OR anyone?,0
new puzzle open in HEMSPAWPR09,0
need new pepper for 4/1wl!,0
/me QQ/Bj1 hewo3,1
world vestopmibza9367 is open pls,0
/me GO R_M=RSLZYXFK76,1
hey join ERXJG601TS pls,0
/me NOW wl WORLD44561,1
/me REME fip2sxjib,1
/me REME CSN,1
jump jump jump jump now,0
/me qq:G a s!::WORLD70394,1
nice world,0
/me rm//QQ=cyratmlo417,1
nice world relog,0
buying crimson vend msg me!!,0
/msg O8YroVPCH8L5 beje=8'gL/WORLD13422,1
jggjnxhmncsdt,0
/me Gas/hmosa8830,1
/me CA.SINO B.E.J.E:Dl,1
weather shop SCQECB8693,0
/me Rm//REME=WORLD11774,1
QQ my friend kulmtjsilclnvkxhcxr9tdii,0
jump jump.,0
why am i stuck,0
/me b/g/l=d l:WORLD58611,1
help me in RLBBCHAETP972 it is open,0
rate world k8qb1u9pj when free,0
/me CASINO//TURK=XGNJKBEL5,1
/me CA$INO//ybg4fxb1,1
rm debinkeed8akcpph from access,0
i hate remE!,0
come,0
join my world fuvun0 now,0
anyone want to try event right now,0
go ready for water,0
wrench raeoALpgewt4SLpwC0WU?,0
need public cape paying 841dl,0
who wants to join challenge ty xD,0
go Z0r498 for chand lol,0
/me CASINO==SIJYT01OFZE,1
world Hhf1mo is open?,0
Everyone window wife director xD,0
help me in heem2ossa when free,0
how much is 1 WL,0
can someone wrench me,0
lets race event in DISCUSS4 lol,0
/me CASINO.,1
/me DL=WORLD13121,1
never trust c4sino worlds,0
/msg yce5gqvplpggr1p0ev BJ=rhfmrf,1
/me DL TuRK B59YXXH8,1
/me GAS-Q Q-(Asino MLTTHE21,1
/me Gas WORLD39158?,1
Decide loss style,0
w00rrl4f73 owner is y7ptf5kuxajhypt6mnov,0
/me D'L,1
/me BEJE BWORQD128,1
Least than fact economy xD,0
/me B J//C S N==skfow60428w6f2,1
hello can SOMEONE help,0
where is white door,0
follow me!,0
need help breaking blocks,0
rate world 4MBP3FN37 pls.,0
/me PLAY R/M=pup5nfnrx,1
can someone help with stage,0
come on come on come on come on!!!,0
/me restocked weather shop loma821,0
hurry hurry hurry hurry hurry,0
wrench RWwcddCeSRkyI4DJsMXNykl3la,0
QQ::elnate09,1
/me BGL g_As2 N0Pgfpg5I,1
/me CSN d1//m_i_n,1
/me Reme//hemova851,1
/me fun minigames in FORCOFL32.,0
/me WORLD60523 BJ,1
we are doing quest after farm,0
/me fun minigames in xem62uok,0
/me 8Eje=2uwda,1
/me 0mtpuc95uz611l-CASINO,1
lets play parkour in c4547hqmm139,0
door id is 3690,0
try this world:xeom39 when free!,0
/me gas=CSN=s9n8p0uq,1
/me cA$1No Gas C'A'S'I'N'O,1
/me beje=CASINO/WORLD97061,1
/me CASINO|min|WORLD76450,1
who wants to join map,0
/me FREE Casino=WORLD96384,1
/me GA5,1
/me CASINO -> Kp7ldCzzg3,1
data farmable costs 11dls!,0
/me Uggen1Jkb9X1Spwx keeps saying REME,0
can you go h0013m0,0
lf fossil 20gems!,0
/me motqvrkufgytx6kpjqgocdvjw9 owns this,0
/me casino-GAS:et4vj9pnu1w,1
follow to my world cfnpkj464!,0
/me BGL|dl|BJ|reme,1
/me M-I/N/7URK=Condhmeo2,1
/msg G2FFCbwHVcmlVFNrG6 QQ=oeb3lwh,1
/me CSN//o9ijpzn,1
sup,0
/me vend has particular hair for 1/1per wl,0
/me Ec9sPe3oL4d|cSN,1
/me CASINO//LXE0MO,1
/me RM:WORLD97557,1
/me T_U_R_K//CASINO=SYSNSU,1
help with challenge in Elllo5 please,0
cheap shop accepts WL.,0
bnmqwertyui eqnvxljg,0
/me csn//PEDNEEDFRIMB2,1
pull zyariqyattfjb9ezstfycex4zmrbhmkyfi please!,0
hey check w0rl4f9686 it is open,0
/me Q Q EHM31O,1
BGL//STREET1,1
/me BJ=Oi1510LJzpdT,1
ban gormg3krjglqk2dsbymgpk from world!,0
/me QQ::hous7,1
/msg x4ylzokvytxassc0 CSN//he0osa5323,1
come here and race race,0
/me Wl//Wdj1ot,1
/me rm 8r6cdja,1
CSN==M6N05,1
cjplricz owns this,0
Along person specific recognize she language,0
/me D.L hexmsa094,1
builder of karzejncop07 is rvd9i9jnzncs,0
/me b/E/J/E/W/1/c a S I n O=turK/WORLD63644,1
gasgasgasgasgas,0
i hate csn,0
doing games at 9WR0RLLD4090,0
/me BJ|DL=hco406,1
eqnvxljgdaoute,0
come lag,0
/me Gas//EOHHE24,1
wrench c4vjipclgegqqdr1d3pfed,0
/me Cover everybody red,0
playing maze for a minute,0
hey see worlaf971 please,0
/me BEJE//BEJE,1
i saw csn spam in terya8M5940?,0
/me CASINO CASINO,1
owner here,0
somebody geiger in vend CDGPE7,0
water = 4per wl,0
worl4563 Qq,1
/me C/SN//x8crs5u1p,1
/me Dl WORLD45618,1
/me DL/DL WORLD52538,1
/me fun event in x723m0 lol.,0
/me W_L,1
/me DL,1
/msg GFB1tvxMu1wOlGgxt6D6T2z6o2 rem3//q_q==WORLD83882,1
/msg amrolwhlk6 W.L=WORLD6844,1
/me b:j dl WORLD44978,1
come help at CMNHEBEL20 when free,0
GAS CSN mjh0xhhb,1
/me d l=ABONEAX148,1
/me BGL Q5M000,1
/me Rm//mrx3x0f3xc,1
/msg ksg3jpajdqjwn3dme3j2boo4asnb Maintain also general,0
/me 7URK,1
when mask 19 dl,0
/msg U4jLixB7qTCFtFF8 charge charge charge.,0
need old fish tank paying 7wl!!,0
/me B E J E REME,1
remove access from VJA1RePqTG,0
lagging so hard,0
how to get gems,0
/me re//m e=cc175ubl1758,1
/me YFejwxGyhM reme,1
try 6UYLO0 if you want.,0
we are doing map with friends?,0
/me DL-Q'Q-WL!-wl,1
/me Beje//CDUTHHD74,1
avoid csn worlds,0
cheap shop open H585ED7O,0
Wndvrdp6N5Tasinftkfy is spamming casino,0
Lot appear own ten four state newspaper value most,0
/me B'E'J'E,1
rate W600Rd,0
rm zggkcehla4uv from access,0
AWMVQ7Z6SQJYD8 is spamming CASINO!,0
/me reMe//BGL=jtgw7d65r,1
why people say QQ,0
Firm newspaper baby defense world article never?,0
we play games right now,0
why am i banned,0
not every ca sino is spam,0
/me QQ,1
visit xxemo947 please,0
/msg YQD3GVOGR8F7LNHIGGTWDKDVI7O8V5 QQ|WORLD63961,1
/me GO G A S-ant5,1
rm fnt7drofcirwivevy3l2imp3bnh1p4ur from access,0
/me CSN wl PROVFANCIWERTH287,1
bnmqwertyui?,0
/me M.I.N=y9s1r17q8s,1
/me BET CYWCOI7656 BJ,1
/me CASINO//Dl=opm0y07x,1
Which just style,0
/msg Qwsrpmn2Yeak reME=HEMW0OSA,1
world T298Eroya2 is open if you want,0
/me report worlds that advertise casino?,0
/me BUY CASINO//MlTQw,1
/msg WAUZKYZUTDKYPFUZRUATCRSLQ3MF CASINO=7ul37jbk447,1
/me qq//TURk WORLD47350,1
/msg k2rhjfe4pbcxhmq5ti C-SN open DZOJB356,1
/me CASINO/CSN AGOGNOL08,1
try 0RL4F820 now?,0
selling shirt in 4365y30!,0
need chand paying 20wls.,0
score door:100 dls?,0
/me T.U.R.K LCavM5I4k9vr,1
p0lecjuzkerfs8ws keeps saying 8EJE,0
selling seeds in n37fyu6xd6,0
/me RE'Me//BG'L WORLD27862,1
/me Q_Q:EXECUTIV206,1
iopasdfghjkl wqmnbvcxzlkjhgfd poiuytre lol,0
/me MIN price 9/wl,0
/me CSN:FFY0HKWOA,1
rm Jef4Txlpgeb5Hl from access,0
/me visit the world called m086744 need help.,0
/me 8EJE9 higre2,1
/me Casino|Casino|Casino|Casino,1
/me REME::WORLD15416,1
/me QQ//CSN=om21lb,1
/me c$s/n:WORLD57878,1
we are doing reduce morph out-of-the-box applications,0
Reduced didactic policy,0
Reme-TURK-gas==TER9276,1
W0R41LF has casinos spammer,0
/me W_L//RM//w-l//m1n/WORLD27720,1
try my world M0054 if you want,0
/me Min/teorqam629,1
DL price check,0
/me csn=alovjf5igh,1
Blue my approach itself begin arm possible record others skin guy information dog!,0
buy course world key 22 per wl,0
help with minigames in M0154?,0
where is white door.,0
/me DL/C_A_S_I_N_O=Z2WVTB,1
fj_zvmey.o/s'gkxbqru omg!!,0
/me do it do it do it do it do it!,0
/me W/L//73ry044085m,1
/me bgl::CSN:Cibcn4R2F1,1
/me G-A-S,1
not every csn word is an ad,0
how much is 1 WL?,0
/me REME-hem177,1
we play challenge Remember stay police between,0
/me D.L=EM836O,1
/me tUrK//c a s i n o//c a s i n o=WORLD4387,1
enter our world called UNDER0 ty!,0
/me B//J|bgl/p4bul5,1
what is the price,0
/me MIN QQ,1
/me Casino:HM7EO,1
/me gas//REME=Wrr998Ld,1
remove access from M3Fjiglovobwta,0
world W0LR644F is open need help?,0
main qhasmtv4p3r7sqhosqyvzqtev7ne!!,0
go go go go go go,0
/me cA5//iNo-PHREICKO553,1
/msg X7RRQHAAUHVQYDJFW0QE TURK=7urk//vuffz1p,1
/me rm4/Turk A85Jdt5,1
/me Cs:n now Ydhkv2Dbh,1
brb cool farm brb,0
report CSN spam,0
/msg t7cvkusmafg1lie2seik q//q=iehcp2,1
/msg zooye6p3whf4u5yjgj QQ WORLD98687,1
join games for fun!,0
/me WL,1
/me access given to L8Nkkcoda5,0
/me beje//TURK=38uu26lg,1
rm v2pqetn0ewkfe9cidopq from access.,0
cheap shop caithran3!,0
TERO3AY is open pls,0
/me B-Gl=i5zorgoss,1
/me CASINO,1
/msg uauhwfq8aqo2ilyngqk5x9b3oden bj|BG1=WORLD90054,1
go go go.,0
hey enter H35M9805M4 guys,0
/me klzxcvbnm,0
shop at W001L6.,0
/me Tur.K:4njRh65,1
/msg kyzilrvtsb BJ=77R20,1
/msg myeduhp7s8gxpkv4 MIN WORLD75898,1
BJ)-e05vny9is9s,1
/me CASINO ojsbase926,1
/me BE7 BJ:14PJ4L3G463,1
/me bJ/REME WORLD9844,1
meet at XM4MO for parkour!,0
/me GAS H599MeOSa CASINO,1
restocked farm shop avyhxi,0
world M0SA731 is open bro,0
/me REME abewc8,1
/me REME=WL=DGP59EAP,1
Joq7T3Nintoufg owns this.,0
Bgl//Bg_L:WORLD42777,1
/me WL MIN MM1SOA,1
cheap silver laser grid at 5JZOR5A,0
grass seed shop KERO44 :),0
/msg b6s8y0xymqpcd0bilqryezraau CASINO=WORLD93165,1
vend at 723bym4 hair,0
/me g a 's/B'EJE H8MOATOM920,1
geiger shop 4zsora24!,0
hey check ABILIYT30 need help,0
/me Min2 Qq R_E_M_EE,1
too many REME bots,0
/me m-i-_n=AB5SZDFWU,1
why am i stuck!,0
/me GAS|T .U$ R K=CSN 8reEniOnc22,1
value display block 1gems!,0
/me QQ=7R30Y574M,1
Zzzzzzzzzzzzz?,0
/me CasINO==H3M5C9,1
/msg zbs5crud MIN=x3m0970,1
Wl::XYIQKG,1
/me CSN:q q=WORLD83133,1
/me buying somebody lock for 83gems.,0
/me t.U.r.k=CASINO2:e2zjes8w2ee,1
/me 7URK at H3M05001,1
remove access from assstnw2wfhfmagbn9,0
meet at LIKEL for parkour,0
follow to HM3541 ty,0
/me CASINO::mm0678544,1
/me CASINO//RM//M_I_N=oxwdsr25u,1
can someone pull me,0
/me CSN//WORLD24808,1
/me is casinos banned,0
need portal 11gems xD,0
/me G A S|G A S|G A S,1
kick kjd0x8n1kojjbeeogjcflg,0
/me D-L:moa1868,1
/me rm//Cucorve4Oali7,1
/me GO BJ-5vi46w,1
/me d//l=pr0f3557,1
can you try efder5 it is open,0
/me FREE CASINO=WORLD9913,1
looking for checkpoint 80per wl?,0
/me password changed!!,0
/me Rm=m0osa,1
/me b'g'l/R:M qjhnkf49,1
OPEN CSN -> COCKMJUF86,1
door id is 7427.,0
/me J/OI$N WORLF26215 CSN,1
try m76soa need help,0
/me RM kmofpfo9j,1
looking for turk friends,0
/msg HdGflex7Nf WL=bcaezmh49,1
/me g-as=CASINO rfb0713,1
/me DL:WORLD67436,1
/me T-U-R-K GAS,1
/me TUR//K:GA5/uopgly0edqhce,1
change WL to wls,0
lets build quest in W35880LR :),0
/me W_L XEOM59,1
/me CSN:1HM3090,1
/me CA_SI N O:xxnt7,1
/me hello can someone help xD,0
/me gas:Wl=wti9b1v,1
come come play soldier at 658YYR,0
/me come here and race monetize strategic partnerships,0
/me CSN/QQ WORLD63462,1
gas gas gas gas fast.,0
/me CSN:5Ufb4523,1
/me NOW BGL=3HM31864,1
/me wolo363=REME,1
rate the event in FLKMMEXA308,0
3EMO06 owner is ZOWVZ4K7M3E9UDPDJFLIS8,0
follow me,0
/me BGL//NEX818A,1
/me kzcbmwry.,0
play maze in e7nvd,0
/me REME:REME:REME,1
/me Q/Q/Turk xlwiqeyeyy,1
/me TUrK//WORLD69639,1
does casino mean gambling,0
/me BGL Turk hemso792as,1
Dl//KXJCMDWR4,1
/me g/a/s qq casin.o=F345,1
/me DL:q'q,1
H85EMSA has door,0
do not join CASINO,0
/msg v7gkphjgolcqj9jahvyre9ejtr (_a_s_i_n_o Are7qMJbO,1
/me bj=8G1 jk00dh8h,1
/me qq=nncacpz,1
/me my world is CABHU297NWB need help,0
/me TURK,1
run run run run?,0
/me REME/CSN 501M504,1
where is the white door,0
/me bJ/m-i-n jesf75c,1
/me CSN//3eeg25e998e,1
/me qQ//MMXAGEGK1850,1
casino spam is everywhere,0
/me W.L -> m i n-bqobsf,1
Lgjcwqmtiyy0Erm2Cpfzi3 owns this,0
bj:rm:ga$/PDvX05Kjr,1
b e j e/b e j e/b e j e,1
/me BEJE r/m,1
/me CASINO,1
/me RM Wl T_U_R_K,1
/me Bej3/g4S/BEJE=NNUX701A,1
lmao hi,0
/me FREE TURK|h9npfmmlvw,1
what means BEJE.,0
/me Bej.e-WORLD14222,1
/me MIN,1
/me bEjE:REME=LARGE69,1
/me RemE//WORLD76590,1
playing map after farm,0
move fast move fast move fast move fast move fast,0
/me GO Q_Q mmifwnk7,1
VGCK727 open now,0
/msg L5ChcVLkeDRnrnNEZZVxIjmGQ3OiKy lag!!,0
/me gas gas.,0
lets farm games in H002.,0
/msg Doagxshzpgh3Hetzctlm come farm event at v3b7r3,0
lol :),0
check my storage called ge56659 now,0
Proactive zero tolerance workforce?,0
rate world 354NHZZ106 if you want!,0
/me CSN ehsables141,1
doing games at h1maa102,0
/me vend at wokr39 lava!!,0
/me Csn//Rem3 SE8R7FJ,1
/me hey come HH35M5048637 bro,0
/me D1=MIN:GENERAL102,1
vend has wall for 6dls?,0
